canonical_content_id,chapter,source_bank,runtime_id,option_identity,option_text,is_correct,diagnostic_status,error_class,secondary_error_class,misconception_code,skill_id,why_wrong,governing_concept,corrective_rule,exam_trap,calculation_path_if_applicable,source_support,evidence_family,review_status,notes
14-1,14,NATIVE,14-1,Organizational Breakdown Structure (OBS),Organizational Breakdown Structure (OBS),no,SPECIFIC_DIAGNOSIS_VERIFIED,CONCEPT_GAP,,WBS_OBS_CONFUSION,WBS_OBS_CA_STRUCTURE,"The OBS reflects the company's organization as integrated with a particular PMO — it describes reporting/responsibility structure, not the product-oriented decomposition of project scope that defines the WBS.","The WBS is the product-oriented, top-down hierarchy that is the fundamental definition of the program, used to organize, schedule, budget, authorize, measure, and report project work.",WBS = what work (product/scope decomposition); OBS = who (company org integrated with the PMO); RAM = the cross-reference of the two; CA = the point where they intersect.,,,"S&K6 Ch.14, p.213-214",14-1,AUTHORED_PENDING_SPOTCHECK,
14-1,14,NATIVE,14-1,Control Account (CA),Control Account (CA),no,SPECIFIC_DIAGNOSIS_VERIFIED,CONCEPT_GAP,,WBS_OBS_CONFUSION,WBS_OBS_CA_STRUCTURE,"The CA is a management control point formed at the intersection of the OBS and WBS; it is a byproduct of the WBS's existence, not itself the top-down scope hierarchy described in the stem.","The WBS is the product-oriented, top-down hierarchy that is the fundamental definition of the program, used to organize, schedule, budget, authorize, measure, and report project work.",WBS = what work (product/scope decomposition); OBS = who (company org integrated with the PMO); RAM = the cross-reference of the two; CA = the point where they intersect.,,,"S&K6 Ch.14, p.213-214",14-1,AUTHORED_PENDING_SPOTCHECK,
14-1,14,NATIVE,14-1,Responsibility Assignment Matrix (RAM),Responsibility Assignment Matrix (RAM),no,SPECIFIC_DIAGNOSIS_VERIFIED,CONCEPT_GAP,,WBS_OBS_CONFUSION,WBS_OBS_CA_STRUCTURE,"The RAM is a resource matrix that cross-references the OBS to the WBS at the control-account level; it maps responsibility, it does not itself decompose project scope.","The WBS is the product-oriented, top-down hierarchy that is the fundamental definition of the program, used to organize, schedule, budget, authorize, measure, and report project work.",WBS = what work (product/scope decomposition); OBS = who (company org integrated with the PMO); RAM = the cross-reference of the two; CA = the point where they intersect.,,,"S&K6 Ch.14, p.213-214",14-1,AUTHORED_PENDING_SPOTCHECK,
14-1,14,NATIVE,14-1,Work Breakdown Structure (WBS),Work Breakdown Structure (WBS),yes,SPECIFIC_DIAGNOSIS_VERIFIED,,,,WBS_OBS_CA_STRUCTURE,Correct option; see governing_concept for the rule that makes it correct.,"The WBS is the product-oriented, top-down hierarchy that is the fundamental definition of the program, used to organize, schedule, budget, authorize, measure, and report project work.",WBS = what work (product/scope decomposition); OBS = who (company org integrated with the PMO); RAM = the cross-reference of the two; CA = the point where they intersect.,,,"S&K6 Ch.14, p.213-214",14-1,AUTHORED_PENDING_SPOTCHECK,
14-2,14,NATIVE,14-2,RAM and the risk register,RAM and the risk register,no,GENERAL_WRONG_REASON_VERIFIED,CONCEPT_GAP,,CA_DEFINITION_CONFUSION,WBS_OBS_CA_STRUCTURE,"Neither the risk register nor the RAM alone defines a Control Account; the RAM is itself the OBS/WBS cross-reference tool, so pairing it with the risk register does not describe how a CA is formed.",A Control Account is defined by the integration of the OBS and the WBS: it represents a defined work scope within a single WBS element assigned to a single responsible organizational unit.,"Memorize the CA intersection as OBS x WBS specifically — not schedule, not risk register, and not the PP/WP split (which occurs inside a CA, not at its definition).",,,"S&K6 Ch.14, p.215-216",14-2,AUTHORED_PENDING_SPOTCHECK,
14-2,14,NATIVE,14-2,WBS and the project schedule,WBS and the project schedule,no,SPECIFIC_DIAGNOSIS_VERIFIED,CONCEPT_GAP,,CA_DEFINITION_CONFUSION,WBS_OBS_CA_STRUCTURE,"The schedule is integrated within a CA (duration and cost estimates produce the time-phased budget), but a CA is defined by the OBS/WBS intersection, not by a WBS-to-schedule relationship.",A Control Account is defined by the integration of the OBS and the WBS: it represents a defined work scope within a single WBS element assigned to a single responsible organizational unit.,"Memorize the CA intersection as OBS x WBS specifically — not schedule, not risk register, and not the PP/WP split (which occurs inside a CA, not at its definition).",,,"S&K6 Ch.14, p.215-216",14-2,AUTHORED_PENDING_SPOTCHECK,
14-2,14,NATIVE,14-2,OBS and the WBS,OBS and the WBS,yes,SPECIFIC_DIAGNOSIS_VERIFIED,,,,WBS_OBS_CA_STRUCTURE,Correct option; see governing_concept for the rule that makes it correct.,A Control Account is defined by the integration of the OBS and the WBS: it represents a defined work scope within a single WBS element assigned to a single responsible organizational unit.,"Memorize the CA intersection as OBS x WBS specifically — not schedule, not risk register, and not the PP/WP split (which occurs inside a CA, not at its definition).",,,"S&K6 Ch.14, p.215-216",14-2,AUTHORED_PENDING_SPOTCHECK,
14-2,14,NATIVE,14-2,Planning Package and Work Package,Planning Package and Work Package,no,SPECIFIC_DIAGNOSIS_VERIFIED,CONCEPT_GAP,,PP_VS_WP,WBS_OBS_CA_STRUCTURE,Planning Packages and Work Packages are sub-elements that exist inside a Control Account (budget placeholders vs. detailed task-level work); they are not the two structures whose intersection creates the CA itself.,A Control Account is defined by the integration of the OBS and the WBS: it represents a defined work scope within a single WBS element assigned to a single responsible organizational unit.,"Memorize the CA intersection as OBS x WBS specifically — not schedule, not risk register, and not the PP/WP split (which occurs inside a CA, not at its definition).",,,"S&K6 Ch.14, p.215-216",14-2,AUTHORED_PENDING_SPOTCHECK,
14-3,14,NATIVE,14-3,As a Work Package (WP),As a Work Package (WP),no,SPECIFIC_DIAGNOSIS_VERIFIED,CONCEPT_GAP,,PP_VS_WP,PLANNING_PACKAGE_WORK_PACKAGE,"A Work Package requires task-level detail with schedule and resources already planned; the scope in the stem is explicitly not yet detailed enough for that, which is precisely why it stays a Planning Package.","A Planning Package is a logical aggregation of identified, budgeted future work that is time-phased with the schedule but not yet detailed enough to plan as discrete tasks; it is refined into Work Packages as the start of work nears.","If scope is identified and budgeted but not yet task-level detailed, it is a Planning Package — not a Work Package (too coarse), not Management Reserve (no assigned scope, outside the PMB), and not contingency (tied to identified risk events, not to routine future scope awaiting detail).",,,"S&K6 Ch.14, p.216",14-3,AUTHORED_PENDING_SPOTCHECK,
14-3,14,NATIVE,14-3,As Management Reserve (MR),As Management Reserve (MR),no,SPECIFIC_DIAGNOSIS_VERIFIED,CONCEPT_GAP,,MR_VS_PP,PLANNING_PACKAGE_WORK_PACKAGE,"Management Reserve sits outside the PMB, has no assigned scope, and is not a placeholder for future project scope awaiting detail — it exists for discretionary management use, not for budgeting identified future work.","A Planning Package is a logical aggregation of identified, budgeted future work that is time-phased with the schedule but not yet detailed enough to plan as discrete tasks; it is refined into Work Packages as the start of work nears.","If scope is identified and budgeted but not yet task-level detailed, it is a Planning Package — not a Work Package (too coarse), not Management Reserve (no assigned scope, outside the PMB), and not contingency (tied to identified risk events, not to routine future scope awaiting detail).",,,"S&K6 Ch.14, p.216",14-3,AUTHORED_PENDING_SPOTCHECK,
14-3,14,NATIVE,14-3,As a Planning Package (PP),As a Planning Package (PP),yes,SPECIFIC_DIAGNOSIS_VERIFIED,,,,PLANNING_PACKAGE_WORK_PACKAGE,Correct option; see governing_concept for the rule that makes it correct.,"A Planning Package is a logical aggregation of identified, budgeted future work that is time-phased with the schedule but not yet detailed enough to plan as discrete tasks; it is refined into Work Packages as the start of work nears.","If scope is identified and budgeted but not yet task-level detailed, it is a Planning Package — not a Work Package (too coarse), not Management Reserve (no assigned scope, outside the PMB), and not contingency (tied to identified risk events, not to routine future scope awaiting detail).",,,"S&K6 Ch.14, p.216",14-3,AUTHORED_PENDING_SPOTCHECK,
14-3,14,NATIVE,14-3,As an unallocated risk contingency,As an unallocated risk contingency,no,SPECIFIC_DIAGNOSIS_VERIFIED,CONCEPT_GAP,,CONTINGENCY_VS_PP,PLANNING_PACKAGE_WORK_PACKAGE,"Contingency is a reserve tied to identified, but not certain, risk events (""known-unknowns""); the scope here is ordinary future project work awaiting detailed planning, not a risk-driven reserve.","A Planning Package is a logical aggregation of identified, budgeted future work that is time-phased with the schedule but not yet detailed enough to plan as discrete tasks; it is refined into Work Packages as the start of work nears.","If scope is identified and budgeted but not yet task-level detailed, it is a Planning Package — not a Work Package (too coarse), not Management Reserve (no assigned scope, outside the PMB), and not contingency (tied to identified risk events, not to routine future scope awaiting detail).",,,"S&K6 Ch.14, p.216",14-3,AUTHORED_PENDING_SPOTCHECK,
14-4,14,NATIVE,14-4,"Yes, MR exists specifically to absorb accumulated over/under-runs","Yes, MR exists specifically to absorb accumulated over/under-runs",no,SPECIFIC_DIAGNOSIS_VERIFIED,CONCEPT_GAP,,MR_MISUSE,MANAGEMENT_RESERVE_CONTINGENCY,"This directly contradicts the source's explicit prohibition: prudent use of MR excludes using it to offset accumulated over/under-runs; MR is not designed to absorb known, already-accumulated performance shortfalls.","Management Reserve is outside the Performance Measurement Baseline, has no assigned scope, and prudent use of MR prohibits using it to offset accumulated cost or schedule over/under-runs in existing control accounts.","MR is for discretionary management use on unknown, unassigned scope — never a bailout for a control account that has already accumulated a performance variance.",,,"S&K6 Ch.14, p.217",14-4,AUTHORED_PENDING_SPOTCHECK,
14-4,14,NATIVE,14-4,No — prudent use of MR prohibits using it to offset accumulated over/under-runs,No — prudent use of MR prohibits using it to offset accumulated over/under-runs,yes,SPECIFIC_DIAGNOSIS_VERIFIED,,,,MANAGEMENT_RESERVE_CONTINGENCY,Correct option; see governing_concept for the rule that makes it correct.,"Management Reserve is outside the Performance Measurement Baseline, has no assigned scope, and prudent use of MR prohibits using it to offset accumulated cost or schedule over/under-runs in existing control accounts.","MR is for discretionary management use on unknown, unassigned scope — never a bailout for a control account that has already accumulated a performance variance.",,,"S&K6 Ch.14, p.217",14-4,AUTHORED_PENDING_SPOTCHECK,
14-4,14,NATIVE,14-4,"Yes, but only with customer approval","Yes, but only with customer approval",no,SPECIFIC_DIAGNOSIS_VERIFIED,CONCEPT_GAP,,MR_MISUSE,MANAGEMENT_RESERVE_CONTINGENCY,"The source states the prohibition without carving out a customer-approval exception; the restriction is about what MR is for (discretionary, unassigned-scope use), not about who approves the offset.","Management Reserve is outside the Performance Measurement Baseline, has no assigned scope, and prudent use of MR prohibits using it to offset accumulated cost or schedule over/under-runs in existing control accounts.","MR is for discretionary management use on unknown, unassigned scope — never a bailout for a control account that has already accumulated a performance variance.",,,"S&K6 Ch.14, p.217",14-4,AUTHORED_PENDING_SPOTCHECK,
14-4,14,NATIVE,14-4,"No, because MR can only be used for schedule delays, never cost","No, because MR can only be used for schedule delays, never cost",no,SPECIFIC_DIAGNOSIS_VERIFIED,CONCEPT_GAP,,MR_MISUSE,MANAGEMENT_RESERVE_CONTINGENCY,"The prohibition is not scoped narrowly to schedule delays — the source describes MR as barred from offsetting accumulated over/under-runs generally, which covers cost overruns as in this scenario.","Management Reserve is outside the Performance Measurement Baseline, has no assigned scope, and prudent use of MR prohibits using it to offset accumulated cost or schedule over/under-runs in existing control accounts.","MR is for discretionary management use on unknown, unassigned scope — never a bailout for a control account that has already accumulated a performance variance.",,,"S&K6 Ch.14, p.217",14-4,AUTHORED_PENDING_SPOTCHECK,
14-5,14,NATIVE,14-5,The PMB can be changed unilaterally by the project manager at any time,The PMB can be changed unilaterally by the project manager at any time,no,SPECIFIC_DIAGNOSIS_VERIFIED,CONCEPT_GAP,,PMB_CHANGE_CONTROL,PERFORMANCE_MEASUREMENT_BASELINE,"The source lists ""Baseline cannot change except through a formal change control process"" as a key PMB characteristic; unilateral PM changes are explicitly precluded.","The PMB is the sum of time-phased budgets for all control accounts and summary-level planning packages, plus applicable indirect budgets and any undistributed budget; adding Management Reserve to the PMB yields the Contract Budget Base, and CBB plus profit/fee equals contract price.","Keep the budget chain straight: PMB + MR = Contract Budget Base; CBB + profit/fee = contract price. The PMB itself changes only through formal change control, never unilaterally.",,,"S&K6 Ch.14, p.216",14-5,AUTHORED_PENDING_SPOTCHECK,
14-5,14,NATIVE,14-5,"The PMB is the sum of time-phased budgets for all control accounts and planning packages, plus applicable indirect budgets and undistributed budget","The PMB is the sum of time-phased budgets for all control accounts and planning packages, plus applicable indirect budgets and undistributed budget",yes,SPECIFIC_DIAGNOSIS_VERIFIED,,,,PERFORMANCE_MEASUREMENT_BASELINE,Correct option; see governing_concept for the rule that makes it correct.,"The PMB is the sum of time-phased budgets for all control accounts and summary-level planning packages, plus applicable indirect budgets and any undistributed budget; adding Management Reserve to the PMB yields the Contract Budget Base, and CBB plus profit/fee equals contract price.","Keep the budget chain straight: PMB + MR = Contract Budget Base; CBB + profit/fee = contract price. The PMB itself changes only through formal change control, never unilaterally.",,,"S&K6 Ch.14, p.216",14-5,AUTHORED_PENDING_SPOTCHECK,
14-5,14,NATIVE,14-5,The PMB equals the Contract Budget Base plus profit or fee,The PMB equals the Contract Budget Base plus profit or fee,no,SPECIFIC_DIAGNOSIS_VERIFIED,CONCEPT_GAP,,PMB_VS_CBB_CONFUSION,PERFORMANCE_MEASUREMENT_BASELINE,"PMB + profit/fee is not the correct chain — PMB plus Management Reserve equals the Contract Budget Base, and it is the CBB (not the PMB) that plus profit/fee equals contract price.","The PMB is the sum of time-phased budgets for all control accounts and summary-level planning packages, plus applicable indirect budgets and any undistributed budget; adding Management Reserve to the PMB yields the Contract Budget Base, and CBB plus profit/fee equals contract price.","Keep the budget chain straight: PMB + MR = Contract Budget Base; CBB + profit/fee = contract price. The PMB itself changes only through formal change control, never unilaterally.",,,"S&K6 Ch.14, p.216",14-5,AUTHORED_PENDING_SPOTCHECK,
14-5,14,NATIVE,14-5,The PMB excludes indirect budgets by definition,The PMB excludes indirect budgets by definition,no,SPECIFIC_DIAGNOSIS_VERIFIED,CONCEPT_GAP,,PMB_VS_CBB_CONFUSION,PERFORMANCE_MEASUREMENT_BASELINE,The PMB explicitly includes applicable indirect budgets (plus any undistributed budget) along with control-account and planning-package budgets — indirect budgets are not excluded.,"The PMB is the sum of time-phased budgets for all control accounts and summary-level planning packages, plus applicable indirect budgets and any undistributed budget; adding Management Reserve to the PMB yields the Contract Budget Base, and CBB plus profit/fee equals contract price.","Keep the budget chain straight: PMB + MR = Contract Budget Base; CBB + profit/fee = contract price. The PMB itself changes only through formal change control, never unilaterally.",,,"S&K6 Ch.14, p.216",14-5,AUTHORED_PENDING_SPOTCHECK,
14-6,14,NATIVE,14-6,USD -6.42 million,USD -6.42 million,no,AMBIGUOUS_DIAGNOSTIC_CAUSE,,,,EVM_FORECASTING,This value does not reproduce from BAC and EAC under the VAC formula or its sign-reversed / summed variants; no single identifiable operation on the two given figures lands on this number.,"VAC = BAC - EAC. A negative VAC means the current forecast exceeds the original budget (an unfavorable, over-budget forecast); the sign carries the meaning, so the subtraction order (BAC minus EAC, not the reverse) must be preserved.","VAC = BAC - EAC, always in that order; reversing the order flips the sign and can turn a real overrun into an apparently favorable result.",,,AACE RP 10S-90 — Variance at Completion (VAC = BAC - EAC),14-6,AUTHORED_PENDING_SPOTCHECK,"Recomputed BAC-EAC, EAC-BAC, and BAC+EAC; none equal -6.42M. Could not pin a specific error path."
14-6,14,NATIVE,14-6,USD 6.00 million,USD 6.00 million,no,SPECIFIC_CALCULATION_PATH_VERIFIED,CALCULATION_ERROR,,VAC_INTERPRETATION,EVM_FORECASTING,"This is EAC - BAC (36.00 - 30.00 = 6.00), the sign-reversed order of the correct VAC formula; reversing BAC and EAC flips a real 6.00M overrun into an apparently favorable +6.00M figure.","VAC = BAC - EAC. A negative VAC means the current forecast exceeds the original budget (an unfavorable, over-budget forecast); the sign carries the meaning, so the subtraction order (BAC minus EAC, not the reverse) must be preserved.","VAC = BAC - EAC, always in that order; reversing the order flips the sign and can turn a real overrun into an apparently favorable result.",,"EAC - BAC = 36.00 - 30.00 = USD 6.00 million (wrong: order reversed, sign flipped).",AACE RP 10S-90 — Variance at Completion (VAC = BAC - EAC),14-6,AUTHORED_PENDING_SPOTCHECK,
14-6,14,NATIVE,14-6,USD -6.00 million,USD -6.00 million,yes,SPECIFIC_DIAGNOSIS_VERIFIED,,,,EVM_FORECASTING,Correct option; see governing_concept for the rule that makes it correct.,"VAC = BAC - EAC. A negative VAC means the current forecast exceeds the original budget (an unfavorable, over-budget forecast); the sign carries the meaning, so the subtraction order (BAC minus EAC, not the reverse) must be preserved.","VAC = BAC - EAC, always in that order; reversing the order flips the sign and can turn a real overrun into an apparently favorable result.",,,AACE RP 10S-90 — Variance at Completion (VAC = BAC - EAC),14-6,AUTHORED_PENDING_SPOTCHECK,
14-6,14,NATIVE,14-6,USD 66.00 million,USD 66.00 million,no,SPECIFIC_CALCULATION_PATH_VERIFIED,CALCULATION_ERROR,,EAC_ASSUMPTION,EVM_FORECASTING,"This adds BAC and EAC instead of subtracting them (30.00 + 36.00 = 66.00), which is not a defined EVM relationship and produces a number with no valid VAC interpretation.","VAC = BAC - EAC. A negative VAC means the current forecast exceeds the original budget (an unfavorable, over-budget forecast); the sign carries the meaning, so the subtraction order (BAC minus EAC, not the reverse) must be preserved.","VAC = BAC - EAC, always in that order; reversing the order flips the sign and can turn a real overrun into an apparently favorable result.",,BAC + EAC = 30.00 + 36.00 = USD 66.00 million (wrong: addition instead of subtraction).,AACE RP 10S-90 — Variance at Completion (VAC = BAC - EAC),14-6,AUTHORED_PENDING_SPOTCHECK,
14-7,14,NATIVE,14-7,"SAR -220,000","SAR -220,000",yes,SPECIFIC_DIAGNOSIS_VERIFIED,,,,EVM_FORMULAS,Correct option; see governing_concept for the rule that makes it correct.,"SV = EV - PV. A negative SV means less value has been earned than planned by this point, indicating the work is behind schedule.","SV = EV - PV, in that order; a negative result means behind schedule, a positive result means ahead of schedule.",,,"S&K6 Ch.19, Eq.19.13 — Schedule Variance (SV = EV − PV); also defined in AACE RP 10S-90",14-7,AUTHORED_PENDING_SPOTCHECK,
14-7,14,NATIVE,14-7,"SAR 220,000","SAR 220,000",no,SPECIFIC_CALCULATION_PATH_VERIFIED,CALCULATION_ERROR,,SV_SIGN,EVM_FORMULAS,"This is PV - EV (2.22 - 2.00 = 0.22 million), the reversed subtraction order; flipping the order flips the sign and would mislabel a behind-schedule condition as ahead of schedule.","SV = EV - PV. A negative SV means less value has been earned than planned by this point, indicating the work is behind schedule.","SV = EV - PV, in that order; a negative result means behind schedule, a positive result means ahead of schedule.",,"PV - EV = 2.22 - 2.00 = SAR 220,000 (wrong: EV and PV reversed).","S&K6 Ch.19, Eq.19.13 — Schedule Variance (SV = EV − PV); also defined in AACE RP 10S-90",14-7,AUTHORED_PENDING_SPOTCHECK,
14-7,14,NATIVE,14-7,SAR 0,SAR 0,no,GENERAL_WRONG_REASON_VERIFIED,CALCULATION_ERROR,,,EVM_FORMULAS,"SAR 0 treats EV and PV as equal, but the given figures (2.00M vs 2.22M) are not equal, so this value does not follow from actually subtracting the two given numbers.","SV = EV - PV. A negative SV means less value has been earned than planned by this point, indicating the work is behind schedule.","SV = EV - PV, in that order; a negative result means behind schedule, a positive result means ahead of schedule.",,,"S&K6 Ch.19, Eq.19.13 — Schedule Variance (SV = EV − PV); also defined in AACE RP 10S-90",14-7,AUTHORED_PENDING_SPOTCHECK,
14-7,14,NATIVE,14-7,"SAR -240,000","SAR -240,000",no,AMBIGUOUS_DIAGNOSTIC_CAUSE,,,,EVM_FORMULAS,"SAR -240,000 is close to the correct -220,000 but does not reproduce exactly from EV=2.00M and PV=2.22M under the SV formula or an obvious rounding/transcription variant; no single confirmed path was found.","SV = EV - PV. A negative SV means less value has been earned than planned by this point, indicating the work is behind schedule.","SV = EV - PV, in that order; a negative result means behind schedule, a positive result means ahead of schedule.",,,"S&K6 Ch.19, Eq.19.13 — Schedule Variance (SV = EV − PV); also defined in AACE RP 10S-90",14-7,AUTHORED_PENDING_SPOTCHECK,"2.00-2.22=-0.22 exactly; -240,000 would require PV=2.24M, which is not given."
14-8,14,NATIVE,14-8,USD 0,USD 0,no,SPECIFIC_CALCULATION_PATH_VERIFIED,FORMULA_METHOD_SELECTION,,ZERO_HUNDRED_VS_FIFTY_FIFTY,PROGRESS_MEASUREMENT_TECHNIQUES,"USD 0 applies the 0/100 (finish-only) rule of credit instead of the 50/50 rule; because the activity has started, the 50/50 rule requires crediting the 50% start-credit, so 0 is only correct under the wrong technique.","The 50/50 rule is a fixed-credit technique: it earns 50% of the work package budget when the activity starts and the remaining 50% only at completion, regardless of the actual physical percent complete in between.","50/50 credit is tied to two fixed trigger events (start, finish), not to a measured percent complete — once started but not finished, EV is always exactly 50% of BAC under this rule.",,"0% x 80,000 = USD 0 (wrong technique: 0/100 rule applied instead of 50/50).","AACE RP 10S-90 (2022), 50/50 TECHNIQUE",14-8,AUTHORED_PENDING_SPOTCHECK,
14-8,14,NATIVE,14-8,"USD 80,000","USD 80,000",no,SPECIFIC_CALCULATION_PATH_VERIFIED,FORMULA_METHOD_SELECTION,,ZERO_HUNDRED_VS_FIFTY_FIFTY,PROGRESS_MEASUREMENT_TECHNIQUES,"USD 80,000 credits the full budget as though the activity were complete, effectively applying 100% credit; under the 50/50 rule an unfinished activity can only ever earn the 50% start-credit, never the full budget.","The 50/50 rule is a fixed-credit technique: it earns 50% of the work package budget when the activity starts and the remaining 50% only at completion, regardless of the actual physical percent complete in between.","50/50 credit is tied to two fixed trigger events (start, finish), not to a measured percent complete — once started but not finished, EV is always exactly 50% of BAC under this rule.",,"100% x 80,000 = USD 80,000 (wrong: treats the activity as finished).","AACE RP 10S-90 (2022), 50/50 TECHNIQUE",14-8,AUTHORED_PENDING_SPOTCHECK,
14-8,14,NATIVE,14-8,"USD 40,000","USD 40,000",yes,SPECIFIC_DIAGNOSIS_VERIFIED,,,,PROGRESS_MEASUREMENT_TECHNIQUES,Correct option; see governing_concept for the rule that makes it correct.,"The 50/50 rule is a fixed-credit technique: it earns 50% of the work package budget when the activity starts and the remaining 50% only at completion, regardless of the actual physical percent complete in between.","50/50 credit is tied to two fixed trigger events (start, finish), not to a measured percent complete — once started but not finished, EV is always exactly 50% of BAC under this rule.",,,"AACE RP 10S-90 (2022), 50/50 TECHNIQUE",14-8,AUTHORED_PENDING_SPOTCHECK,
14-8,14,NATIVE,14-8,The amount depends on estimated physical percent complete,The amount depends on estimated physical percent complete,no,SPECIFIC_DIAGNOSIS_VERIFIED,CONCEPT_GAP,,PROGRESS_METHOD_SELECTION,PROGRESS_MEASUREMENT_TECHNIQUES,"This describes a percent-complete (physical progress) technique, not the 50/50 rule; the defining feature of 50/50 is that the credited amount does NOT depend on an estimated physical percent complete — only on whether the activity has started and whether it has finished.","The 50/50 rule is a fixed-credit technique: it earns 50% of the work package budget when the activity starts and the remaining 50% only at completion, regardless of the actual physical percent complete in between.","50/50 credit is tied to two fixed trigger events (start, finish), not to a measured percent complete — once started but not finished, EV is always exactly 50% of BAC under this rule.",,,"AACE RP 10S-90 (2022), 50/50 TECHNIQUE",14-8,AUTHORED_PENDING_SPOTCHECK,
14-9,14,NATIVE,14-9,The BAC should automatically be increased to restore CPI to 1.0.,The BAC should automatically be increased to restore CPI to 1.0.,no,SPECIFIC_DIAGNOSIS_VERIFIED,CONCEPT_GAP,,PMB_BASELINE_INTEGRITY,EVM_INTERPRETATION,"Increasing BAC to force CPI back to 1.0 would mask a real cost-performance problem by altering the baseline denominator rather than addressing the underlying inefficiency; the PMB may only change through formal, scope-driven change control, not to normalize an index.","A sustained CPI below 1.0 indicates persistent, unfavorable cost inefficiency; the correct response is investigation and, if the condition is expected to continue, reflecting it in the forecast (e.g., EAC) rather than altering the baseline or misreading the direction of the index.","CPI < 1.0 is unfavorable (over budget) in all cases; the correct response to a sustained unfavorable trend is investigate-and-forecast, never adjust the baseline to hide it.",,,CCP practice pool (verified) — Trend analysis; S&K6 Ch.14 Earned Value Overview,14-9,AUTHORED_PENDING_SPOTCHECK,
14-9,14,NATIVE,14-9,There is persistent cost inefficiency that should be investigated and reflected in the forecast if expected to continue.,There is persistent cost inefficiency that should be investigated and reflected in the forecast if expected to continue.,yes,SPECIFIC_DIAGNOSIS_VERIFIED,,,,EVM_INTERPRETATION,Correct option; see governing_concept for the rule that makes it correct.,"A sustained CPI below 1.0 indicates persistent, unfavorable cost inefficiency; the correct response is investigation and, if the condition is expected to continue, reflecting it in the forecast (e.g., EAC) rather than altering the baseline or misreading the direction of the index.","CPI < 1.0 is unfavorable (over budget) in all cases; the correct response to a sustained unfavorable trend is investigate-and-forecast, never adjust the baseline to hide it.",,,CCP practice pool (verified) — Trend analysis; S&K6 Ch.14 Earned Value Overview,14-9,AUTHORED_PENDING_SPOTCHECK,
14-9,14,NATIVE,14-9,The condition is favorable because CPI is below 1.0.,The condition is favorable because CPI is below 1.0.,no,SPECIFIC_DIAGNOSIS_VERIFIED,CONCEPT_GAP,,CPI_DIRECTION,EVM_INTERPRETATION,"CPI < 1.0 means the project is spending more than the value of work earned — that is unfavorable, not favorable; this option inverts the direction of the index.","A sustained CPI below 1.0 indicates persistent, unfavorable cost inefficiency; the correct response is investigation and, if the condition is expected to continue, reflecting it in the forecast (e.g., EAC) rather than altering the baseline or misreading the direction of the index.","CPI < 1.0 is unfavorable (over budget) in all cases; the correct response to a sustained unfavorable trend is investigate-and-forecast, never adjust the baseline to hide it.",,,CCP practice pool (verified) — Trend analysis; S&K6 Ch.14 Earned Value Overview,14-9,AUTHORED_PENDING_SPOTCHECK,
14-9,14,NATIVE,14-9,The project is necessarily ahead of schedule.,The project is necessarily ahead of schedule.,no,SPECIFIC_DIAGNOSIS_VERIFIED,CONCEPT_GAP,,CPI_SPI_CONFLATION,EVM_INTERPRETATION,"CPI measures cost efficiency (EV vs. AC), not schedule position; a low CPI says nothing by itself about whether the project is ahead of or behind schedule, which is governed by SPI (EV vs. PV) instead.","A sustained CPI below 1.0 indicates persistent, unfavorable cost inefficiency; the correct response is investigation and, if the condition is expected to continue, reflecting it in the forecast (e.g., EAC) rather than altering the baseline or misreading the direction of the index.","CPI < 1.0 is unfavorable (over budget) in all cases; the correct response to a sustained unfavorable trend is investigate-and-forecast, never adjust the baseline to hide it.",,,CCP practice pool (verified) — Trend analysis; S&K6 Ch.14 Earned Value Overview,14-9,AUTHORED_PENDING_SPOTCHECK,
14-11,14,NATIVE,14-11,The missing invoice should be ignored until closeout.,The missing invoice should be ignored until closeout.,no,SPECIFIC_DIAGNOSIS_VERIFIED,CONCEPT_GAP,,ACCRUAL_TIMING,EVM_INTERPRETATION,"Ignoring a known missing accrual until closeout lets a distorted, artificially favorable variance stand in interim performance reports, contrary to the requirement that AC include accruals so cost performance is not distorted.","Actual Cost properly includes period cost plus accruals; when an unaccrued invoice temporarily understates AC, the resulting favorable CV/CPI is a data-timing artifact, not a genuine performance gain, and should be corrected/flagged rather than acted on as real.","A variance caused by a missing accrual is a data-quality issue to correct, not a performance result to report, act on, or use to change the baseline.",,,CCP practice pool (verified) — Accrual analysis; S&K6 Ch.14 Earned Value Overview,14-11,AUTHORED_PENDING_SPOTCHECK,
14-11,14,NATIVE,14-11,The apparent favorable variance is likely a timing/data issue and should not be treated as a true performance gain.,The apparent favorable variance is likely a timing/data issue and should not be treated as a true performance gain.,yes,SPECIFIC_DIAGNOSIS_VERIFIED,,,,EVM_INTERPRETATION,Correct option; see governing_concept for the rule that makes it correct.,"Actual Cost properly includes period cost plus accruals; when an unaccrued invoice temporarily understates AC, the resulting favorable CV/CPI is a data-timing artifact, not a genuine performance gain, and should be corrected/flagged rather than acted on as real.","A variance caused by a missing accrual is a data-quality issue to correct, not a performance result to report, act on, or use to change the baseline.",,,CCP practice pool (verified) — Accrual analysis; S&K6 Ch.14 Earned Value Overview,14-11,AUTHORED_PENDING_SPOTCHECK,
14-11,14,NATIVE,14-11,The BAC must be lowered immediately.,The BAC must be lowered immediately.,no,SPECIFIC_DIAGNOSIS_VERIFIED,CONCEPT_GAP,,BAC_VS_EAC,EVM_INTERPRETATION,"The Performance Measurement Baseline (and BAC within it) changes only through formal, scope-driven change control; an accrual timing issue in actual cost is not a basis for lowering BAC.","Actual Cost properly includes period cost plus accruals; when an unaccrued invoice temporarily understates AC, the resulting favorable CV/CPI is a data-timing artifact, not a genuine performance gain, and should be corrected/flagged rather than acted on as real.","A variance caused by a missing accrual is a data-quality issue to correct, not a performance result to report, act on, or use to change the baseline.",,,CCP practice pool (verified) — Accrual analysis; S&K6 Ch.14 Earned Value Overview,14-11,AUTHORED_PENDING_SPOTCHECK,
14-11,14,NATIVE,14-11,The project has permanently reduced cost.,The project has permanently reduced cost.,no,SPECIFIC_DIAGNOSIS_VERIFIED,CONCEPT_GAP,,ACCRUAL_TIMING,EVM_INTERPRETATION,A temporarily unaccrued invoice does not reduce total project cost at all — the cost will still be incurred and eventually recorded; treating the timing gap as a permanent saving misreads a data artifact as a real outcome.,"Actual Cost properly includes period cost plus accruals; when an unaccrued invoice temporarily understates AC, the resulting favorable CV/CPI is a data-timing artifact, not a genuine performance gain, and should be corrected/flagged rather than acted on as real.","A variance caused by a missing accrual is a data-quality issue to correct, not a performance result to report, act on, or use to change the baseline.",,,CCP practice pool (verified) — Accrual analysis; S&K6 Ch.14 Earned Value Overview,14-11,AUTHORED_PENDING_SPOTCHECK,
14-12,14,NATIVE,14-12,0.180,0.180,no,SPECIFIC_CALCULATION_PATH_VERIFIED,CALCULATION_ERROR,,CPI_DIRECTION,EVM_FORMULAS,"This equals 1 - CPI (1 - 0.820 = 0.180), the complement of the correct index rather than the index itself.",CPI = EV / AC.,"CPI = EV/AC, not AC/EV, and it is a ratio (division), not a variance (subtraction) — keep the operation and the numerator/denominator straight.",,"1 - CPI = 1 - 0.820 = 0.180 (wrong: complement of CPI, not CPI itself).","S&K6 Ch.19, Eq.19.4 — Cost Performance Index (CPI = EV / AC); also defined in AACE RP 10S-90",14-12,AUTHORED_PENDING_SPOTCHECK,
14-12,14,NATIVE,14-12,1.220,1.220,no,SPECIFIC_CALCULATION_PATH_VERIFIED,CALCULATION_ERROR,,CPI_DIRECTION,EVM_FORMULAS,"This is AC/EV = 9.15/7.50 = 1.220, the reciprocal of the correct CPI — inverting the ratio would misread an unfavorable (CPI<1) result as favorable (>1).",CPI = EV / AC.,"CPI = EV/AC, not AC/EV, and it is a ratio (division), not a variance (subtraction) — keep the operation and the numerator/denominator straight.",,AC/EV = 9.15/7.50 = 1.220 (wrong: numerator and denominator inverted).,"S&K6 Ch.19, Eq.19.4 — Cost Performance Index (CPI = EV / AC); also defined in AACE RP 10S-90",14-12,AUTHORED_PENDING_SPOTCHECK,
14-12,14,NATIVE,14-12,-0.220,-0.220,no,SPECIFIC_CALCULATION_PATH_VERIFIED,CALCULATION_ERROR,CALCULATION_ERROR,CV_SIGN,EVM_FORMULAS,"This equals (EV-AC)/EV = CV/EV = -1.65/7.50 = -0.220, a variance-to-EV ratio, not the CPI ratio itself; it substitutes a subtraction-based variance measure for the required division-based index.",CPI = EV / AC.,"CPI = EV/AC, not AC/EV, and it is a ratio (division), not a variance (subtraction) — keep the operation and the numerator/denominator straight.",,(EV-AC)/EV = (7.50-9.15)/7.50 = -0.220 (wrong: uses CV/EV instead of EV/AC).,"S&K6 Ch.19, Eq.19.4 — Cost Performance Index (CPI = EV / AC); also defined in AACE RP 10S-90",14-12,AUTHORED_PENDING_SPOTCHECK,
14-12,14,NATIVE,14-12,0.820,0.820,yes,SPECIFIC_DIAGNOSIS_VERIFIED,,,,EVM_FORMULAS,Correct option; see governing_concept for the rule that makes it correct.,CPI = EV / AC.,"CPI = EV/AC, not AC/EV, and it is a ratio (division), not a variance (subtraction) — keep the operation and the numerator/denominator straight.",,,"S&K6 Ch.19, Eq.19.4 — Cost Performance Index (CPI = EV / AC); also defined in AACE RP 10S-90",14-12,AUTHORED_PENDING_SPOTCHECK,
14-13,14,NATIVE,14-13,USD 13.33 million,USD 13.33 million,yes,SPECIFIC_DIAGNOSIS_VERIFIED,,,,EAC_FORECASTING,Correct option; see governing_concept for the rule that makes it correct.,"CPI = EV/AC = 4.80/5.33 = 0.900; when current cost efficiency is expected to continue, EAC = BAC/CPI = 12.00/0.900 = 13.33 million.","State the forecasting assumption explicitly: BAC/CPI assumes current efficiency continues into all remaining work — do not multiply BAC by CPI (inverts the operation), leave BAC unchanged (assumes CPI=1.0), or use AC+(BAC-EV) (assumes remaining work reverts to the original budgeted rate) when the question specifies the current-efficiency-continues assumption.",,,"S&K6 Ch.19, Eq.19.7 — EAC Method 2 (BAC / CPI)",14-13,AUTHORED_PENDING_SPOTCHECK,
14-13,14,NATIVE,14-13,USD 10.80 million,USD 10.80 million,no,SPECIFIC_CALCULATION_PATH_VERIFIED,CALCULATION_ERROR,CALCULATION_ERROR,EAC_ASSUMPTION,EAC_FORECASTING,"This multiplies BAC by CPI instead of dividing (BAC x CPI = 12.00 x 0.900 = 10.80), inverting the operation; because CPI is below 1.0 (cost inefficiency), multiplying incorrectly LOWERS the forecast instead of raising it.","CPI = EV/AC = 4.80/5.33 = 0.900; when current cost efficiency is expected to continue, EAC = BAC/CPI = 12.00/0.900 = 13.33 million.","State the forecasting assumption explicitly: BAC/CPI assumes current efficiency continues into all remaining work — do not multiply BAC by CPI (inverts the operation), leave BAC unchanged (assumes CPI=1.0), or use AC+(BAC-EV) (assumes remaining work reverts to the original budgeted rate) when the question specifies the current-efficiency-continues assumption.",,BAC x CPI = 12.00 x 0.900 = USD 10.80 million (wrong: multiplied instead of divided).,"S&K6 Ch.19, Eq.19.7 — EAC Method 2 (BAC / CPI)",14-13,AUTHORED_PENDING_SPOTCHECK,
14-13,14,NATIVE,14-13,USD 12.00 million,USD 12.00 million,no,SPECIFIC_CALCULATION_PATH_VERIFIED,CONCEPT_GAP,,BAC_VS_EAC,EAC_FORECASTING,"This simply repeats BAC unchanged, which implicitly assumes CPI=1.0 (no cost inefficiency carries forward) — but the question states current cost efficiency (CPI=0.900) is expected to continue, so the forecast must reflect it.","CPI = EV/AC = 4.80/5.33 = 0.900; when current cost efficiency is expected to continue, EAC = BAC/CPI = 12.00/0.900 = 13.33 million.","State the forecasting assumption explicitly: BAC/CPI assumes current efficiency continues into all remaining work — do not multiply BAC by CPI (inverts the operation), leave BAC unchanged (assumes CPI=1.0), or use AC+(BAC-EV) (assumes remaining work reverts to the original budgeted rate) when the question specifies the current-efficiency-continues assumption.",,,"S&K6 Ch.19, Eq.19.7 — EAC Method 2 (BAC / CPI)",14-13,AUTHORED_PENDING_SPOTCHECK,
14-13,14,NATIVE,14-13,USD 12.53 million,USD 12.53 million,no,SPECIFIC_CALCULATION_PATH_VERIFIED,FORMULA_METHOD_SELECTION,,EAC_ASSUMPTION,EAC_FORECASTING,"This is AC + (BAC-EV) = 5.33 + 7.20 = 12.53, a different EAC method that assumes the REMAINING work will be completed at the ORIGINAL budgeted rate — the opposite assumption from this question, which specifically calls for the current CPI to continue for all remaining work.","CPI = EV/AC = 4.80/5.33 = 0.900; when current cost efficiency is expected to continue, EAC = BAC/CPI = 12.00/0.900 = 13.33 million.","State the forecasting assumption explicitly: BAC/CPI assumes current efficiency continues into all remaining work — do not multiply BAC by CPI (inverts the operation), leave BAC unchanged (assumes CPI=1.0), or use AC+(BAC-EV) (assumes remaining work reverts to the original budgeted rate) when the question specifies the current-efficiency-continues assumption.",,"AC + (BAC-EV) = 5.33 + (12.00-4.80) = USD 12.53 million (wrong assumption: budgeted rate for remaining work, not current-CPI-continues).","S&K6 Ch.19, Eq.19.7 — EAC Method 2 (BAC / CPI)",14-13,AUTHORED_PENDING_SPOTCHECK,
14-14,14,NATIVE,14-14,There is no concern; this improves precision,There is no concern; this improves precision,no,SPECIFIC_DIAGNOSIS_VERIFIED,CONCEPT_GAP,,PROGRESS_METHOD_SELECTION,PROGRESS_MEASUREMENT_TECHNIQUES,"This inverts the actual risk: adding an unverifiable subjective judgment layer inside an objective milestone method does not improve precision, it reintroduces the bias/inconsistency risk the discrete-milestone technique is meant to avoid.","Incremental milestones earn credit only on objective, verifiable completion of each discrete milestone; allowing a subjective interim percentage within a milestone reintroduces the same estimating bias the discrete-milestone approach is designed to avoid.","Once a milestone's defined credit is assigned, do not further subdivide it with subjective interim judgment — that defeats the objectivity the technique exists to provide.",,,CCP practice pool (verified) — Integrity risk of subjective interim credit within milestones; S&K6 Ch.14 Earned Value Overview,14-14,AUTHORED_PENDING_SPOTCHECK,
14-14,14,NATIVE,14-14,"It reintroduces subjective, unverifiable judgment into what is meant to be an objective, discrete-milestone method, defeating the purpose of using incremental milestones and creating a risk of biased or overstated progress reporting","It reintroduces subjective, unverifiable judgment into what is meant to be an objective, discrete-milestone method, defeating the purpose of using incremental milestones and creating a risk of biased or overstated progress reporting",yes,SPECIFIC_DIAGNOSIS_VERIFIED,,,,PROGRESS_MEASUREMENT_TECHNIQUES,Correct option; see governing_concept for the rule that makes it correct.,"Incremental milestones earn credit only on objective, verifiable completion of each discrete milestone; allowing a subjective interim percentage within a milestone reintroduces the same estimating bias the discrete-milestone approach is designed to avoid.","Once a milestone's defined credit is assigned, do not further subdivide it with subjective interim judgment — that defeats the objectivity the technique exists to provide.",,,CCP practice pool (verified) — Integrity risk of subjective interim credit within milestones; S&K6 Ch.14 Earned Value Overview,14-14,AUTHORED_PENDING_SPOTCHECK,
14-14,14,NATIVE,14-14,It is mathematically identical to the 0/100 rule,It is mathematically identical to the 0/100 rule,no,SPECIFIC_DIAGNOSIS_VERIFIED,CONCEPT_GAP,,ZERO_HUNDRED_VS_FIFTY_FIFTY,PROGRESS_MEASUREMENT_TECHNIQUES,"The 0/100 rule gives no credit until the milestone/activity is fully finished; crediting a subjective interim percentage (e.g., 60% within Fabrication) is not mathematically identical to that finish-only, binary rule.","Incremental milestones earn credit only on objective, verifiable completion of each discrete milestone; allowing a subjective interim percentage within a milestone reintroduces the same estimating bias the discrete-milestone approach is designed to avoid.","Once a milestone's defined credit is assigned, do not further subdivide it with subjective interim judgment — that defeats the objectivity the technique exists to provide.",,,CCP practice pool (verified) — Integrity risk of subjective interim credit within milestones; S&K6 Ch.14 Earned Value Overview,14-14,AUTHORED_PENDING_SPOTCHECK,
14-14,14,NATIVE,14-14,It only matters if the activity is on the critical path,It only matters if the activity is on the critical path,no,SPECIFIC_DIAGNOSIS_VERIFIED,CONCEPT_GAP,,PROGRESS_METHOD_SELECTION,PROGRESS_MEASUREMENT_TECHNIQUES,The integrity risk from subjective interim credit is a measurement-reliability problem independent of schedule criticality; it can bias reported progress and forecasts whether or not the activity happens to be on the critical path.,"Incremental milestones earn credit only on objective, verifiable completion of each discrete milestone; allowing a subjective interim percentage within a milestone reintroduces the same estimating bias the discrete-milestone approach is designed to avoid.","Once a milestone's defined credit is assigned, do not further subdivide it with subjective interim judgment — that defeats the objectivity the technique exists to provide.",,,CCP practice pool (verified) — Integrity risk of subjective interim credit within milestones; S&K6 Ch.14 Earned Value Overview,14-14,AUTHORED_PENDING_SPOTCHECK,
14-15,14,NATIVE,14-15,40.0%,40.0%,yes,SPECIFIC_DIAGNOSIS_VERIFIED,,,,EVM_FORMULAS,Correct option; see governing_concept for the rule that makes it correct.,Earned-value percent complete = EV / BAC.,"Percent complete under EVM is always earned value divided by the total budget (EV/BAC), not the reverse and not a ratio built from the remaining budget.",,,"S&K6 Ch.19, Eq.19.2 — EV = percent complete × budget (rearranged here as percent complete = EV / BAC)",14-15,AUTHORED_PENDING_SPOTCHECK,
14-15,14,NATIVE,14-15,60.0%,60.0%,no,SPECIFIC_CALCULATION_PATH_VERIFIED,CALCULATION_ERROR,,EVM_FORMULAS,EVM_FORMULAS,"This is (BAC - EV)/BAC = 12/20 = 60.0%, the percent of budget REMAINING rather than the percent earned — it answers a different question than the one asked.",Earned-value percent complete = EV / BAC.,"Percent complete under EVM is always earned value divided by the total budget (EV/BAC), not the reverse and not a ratio built from the remaining budget.",,(BAC-EV)/BAC = (20.00-8.00)/20.00 = 60.0% (wrong: remaining % instead of earned %).,"S&K6 Ch.19, Eq.19.2 — EV = percent complete × budget (rearranged here as percent complete = EV / BAC)",14-15,AUTHORED_PENDING_SPOTCHECK,
14-15,14,NATIVE,14-15,66.7%,66.7%,no,SPECIFIC_CALCULATION_PATH_VERIFIED,CALCULATION_ERROR,,EVM_FORMULAS,EVM_FORMULAS,"This is EV/(BAC-EV) = 8/12 = 66.7%, which divides earned value by the remaining budget instead of by the total budget — the wrong base in the denominator.",Earned-value percent complete = EV / BAC.,"Percent complete under EVM is always earned value divided by the total budget (EV/BAC), not the reverse and not a ratio built from the remaining budget.",,EV/(BAC-EV) = 8.00/12.00 = 66.7% (wrong denominator: remaining budget instead of BAC).,"S&K6 Ch.19, Eq.19.2 — EV = percent complete × budget (rearranged here as percent complete = EV / BAC)",14-15,AUTHORED_PENDING_SPOTCHECK,
14-15,14,NATIVE,14-15,142.8%,142.8%,no,AMBIGUOUS_DIAGNOSTIC_CAUSE,,,,EVM_FORMULAS,"142.8% does not reproduce from BAC=20.00M and EV=8.00M under EV/BAC, its complement, or its reciprocal forms checked; no single confirmed calculation path was found for this value.",Earned-value percent complete = EV / BAC.,"Percent complete under EVM is always earned value divided by the total budget (EV/BAC), not the reverse and not a ratio built from the remaining budget.",,,"S&K6 Ch.19, Eq.19.2 — EV = percent complete × budget (rearranged here as percent complete = EV / BAC)",14-15,AUTHORED_PENDING_SPOTCHECK,"Checked EV/BAC, (BAC-EV)/BAC, EV/(BAC-EV), BAC/EV and reciprocals; none match 142.8% exactly."
14-16,14,NATIVE,14-16,"USD 82,000","USD 82,000",no,SPECIFIC_CALCULATION_PATH_VERIFIED,CALCULATION_ERROR,,EVM_FORMULAS,EVM_FORMULAS,"This is off from the correct 820,000 by a factor of 10 (82,000 = 820,000/10), consistent with a decimal-point or unit-scaling slip in the subtraction.",CV = EV - AC. A positive CV means the work performed cost less than budgeted (favorable); the sign only carries that meaning if EV minus AC (not AC minus EV) is computed.,"CV = EV - AC, in that order; positive is favorable (spent less than earned), negative is unfavorable (spent more than earned).",,"EV - AC = 9.00M - 8.18M = 0.82M = USD 820,000; USD 82,000 is this result divided by 10 (scale error).","S&K6 Ch.19, Eq.19.3 — Cost Variance (CV = EV − AC); also defined in AACE RP 10S-90",14-16,AUTHORED_PENDING_SPOTCHECK,
14-16,14,NATIVE,14-16,USD 0,USD 0,no,GENERAL_WRONG_REASON_VERIFIED,CALCULATION_ERROR,,,EVM_FORMULAS,"USD 0 treats EV and AC as equal, but the given figures (9.00M vs 8.18M) are not equal, so this does not follow from actually performing the EV - AC subtraction.",CV = EV - AC. A positive CV means the work performed cost less than budgeted (favorable); the sign only carries that meaning if EV minus AC (not AC minus EV) is computed.,"CV = EV - AC, in that order; positive is favorable (spent less than earned), negative is unfavorable (spent more than earned).",,,"S&K6 Ch.19, Eq.19.3 — Cost Variance (CV = EV − AC); also defined in AACE RP 10S-90",14-16,AUTHORED_PENDING_SPOTCHECK,
14-16,14,NATIVE,14-16,"USD 820,000","USD 820,000",yes,SPECIFIC_DIAGNOSIS_VERIFIED,,,,EVM_FORMULAS,Correct option; see governing_concept for the rule that makes it correct.,CV = EV - AC. A positive CV means the work performed cost less than budgeted (favorable); the sign only carries that meaning if EV minus AC (not AC minus EV) is computed.,"CV = EV - AC, in that order; positive is favorable (spent less than earned), negative is unfavorable (spent more than earned).",,,"S&K6 Ch.19, Eq.19.3 — Cost Variance (CV = EV − AC); also defined in AACE RP 10S-90",14-16,AUTHORED_PENDING_SPOTCHECK,
14-16,14,NATIVE,14-16,"USD -820,000","USD -820,000",no,SPECIFIC_CALCULATION_PATH_VERIFIED,CALCULATION_ERROR,,CV_SIGN,EVM_FORMULAS,"This is AC - EV (8.18 - 9.00 = -0.82 million), the reversed subtraction order; it has the right magnitude but the wrong sign, incorrectly flagging a favorable result (cost less than earned) as unfavorable.",CV = EV - AC. A positive CV means the work performed cost less than budgeted (favorable); the sign only carries that meaning if EV minus AC (not AC minus EV) is computed.,"CV = EV - AC, in that order; positive is favorable (spent less than earned), negative is unfavorable (spent more than earned).",,"AC - EV = 8.18 - 9.00 = USD -820,000 (wrong: EV and AC reversed).","S&K6 Ch.19, Eq.19.3 — Cost Variance (CV = EV − AC); also defined in AACE RP 10S-90",14-16,AUTHORED_PENDING_SPOTCHECK,
14-17,14,NATIVE,14-17,1.275,1.275,yes,SPECIFIC_DIAGNOSIS_VERIFIED,,,,TCPI,Correct option; see governing_concept for the rule that makes it correct.,"TCPI (to BAC) = (BAC - EV) / (BAC - AC): the cost efficiency required on all remaining work to finish exactly at the original budget, using remaining WORK (BAC-EV) over remaining BUDGET/FUNDS (BAC-AC).","TCPI's numerator is remaining work (BAC-EV); its denominator is remaining budget (BAC-AC, or BAC-EAC for TCPI-to-EAC) — do not swap numerator/denominator, and do not substitute BAC or AC/EV ratios for either term.",,,"AACE RP 10S-90 — To-Complete Performance Index (TCPI), Budgeted Base",14-17,AUTHORED_PENDING_SPOTCHECK,
14-17,14,NATIVE,14-17,0.450,0.450,no,SPECIFIC_CALCULATION_PATH_VERIFIED,CALCULATION_ERROR,,TCPI_DENOMINATOR,TCPI,"This is (BAC-EV)/BAC = 9/20 = 0.450, using total budget instead of REMAINING budget (BAC-AC) in the denominator — it understates the required efficiency because it ignores how much of the budget is already spent.","TCPI (to BAC) = (BAC - EV) / (BAC - AC): the cost efficiency required on all remaining work to finish exactly at the original budget, using remaining WORK (BAC-EV) over remaining BUDGET/FUNDS (BAC-AC).","TCPI's numerator is remaining work (BAC-EV); its denominator is remaining budget (BAC-AC, or BAC-EAC for TCPI-to-EAC) — do not swap numerator/denominator, and do not substitute BAC or AC/EV ratios for either term.",,(BAC-EV)/BAC = (20.00-11.00)/20.00 = 0.450 (wrong denominator: BAC instead of BAC-AC).,"AACE RP 10S-90 — To-Complete Performance Index (TCPI), Budgeted Base",14-17,AUTHORED_PENDING_SPOTCHECK,
14-17,14,NATIVE,14-17,0.784,0.784,no,SPECIFIC_CALCULATION_PATH_VERIFIED,CALCULATION_ERROR,,TCPI_DENOMINATOR,TCPI,This is the TCPI formula inverted — (BAC-AC)/(BAC-EV) = 7.06/9.00 = 0.784 — swapping the remaining-budget and remaining-work terms between numerator and denominator.,"TCPI (to BAC) = (BAC - EV) / (BAC - AC): the cost efficiency required on all remaining work to finish exactly at the original budget, using remaining WORK (BAC-EV) over remaining BUDGET/FUNDS (BAC-AC).","TCPI's numerator is remaining work (BAC-EV); its denominator is remaining budget (BAC-AC, or BAC-EAC for TCPI-to-EAC) — do not swap numerator/denominator, and do not substitute BAC or AC/EV ratios for either term.",,(BAC-AC)/(BAC-EV) = (20.00-12.94)/(20.00-11.00) = 7.06/9.00 = 0.784 (wrong: numerator and denominator swapped).,"AACE RP 10S-90 — To-Complete Performance Index (TCPI), Budgeted Base",14-17,AUTHORED_PENDING_SPOTCHECK,
14-17,14,NATIVE,14-17,0.850,0.850,no,SPECIFIC_CALCULATION_PATH_VERIFIED,FORMULA_METHOD_SELECTION,FORMULA_METHOD_SELECTION,TCPI_DENOMINATOR,TCPI,"This equals EV/AC = 11.00/12.94 = 0.850, which is the current CPI, not TCPI; it substitutes the historical cost-performance index for the forward-looking required-efficiency index the question asks for.","TCPI (to BAC) = (BAC - EV) / (BAC - AC): the cost efficiency required on all remaining work to finish exactly at the original budget, using remaining WORK (BAC-EV) over remaining BUDGET/FUNDS (BAC-AC).","TCPI's numerator is remaining work (BAC-EV); its denominator is remaining budget (BAC-AC, or BAC-EAC for TCPI-to-EAC) — do not swap numerator/denominator, and do not substitute BAC or AC/EV ratios for either term.",,"EV/AC = 11.00/12.94 = 0.850 (this is CPI, not TCPI — formula confusion).","AACE RP 10S-90 — To-Complete Performance Index (TCPI), Budgeted Base",14-17,AUTHORED_PENDING_SPOTCHECK,
14-18,14,NATIVE,14-18,Over budget and ahead of schedule,Over budget and ahead of schedule,no,SPECIFIC_DIAGNOSIS_VERIFIED,CONCEPT_GAP,,SPI_DIRECTION,EVM_INTERPRETATION,"SPI = EV/PV = 7.20/7.58 = 0.95, which is below 1.0 and therefore behind schedule, not ahead — this option keeps the correct ""over budget"" cost read but inverts the schedule direction.","CPI = EV/AC and SPI = EV/PV; both approximately 0.95 here (CPI<1 = over budget, SPI<1 = behind schedule), so the project is simultaneously over budget and behind schedule.","Evaluate CPI and SPI independently, each against the 1.0 threshold: CPI<1 is over budget (unfavorable cost), SPI<1 is behind schedule (unfavorable schedule); a project can be unfavorable, favorable, or mixed on the two dimensions independently.",,,CCP practice pool (verified) — EVM interpretation; S&K6 Ch.14 Earned Value Overview,14-18,AUTHORED_PENDING_SPOTCHECK,
14-18,14,NATIVE,14-18,Under budget and ahead of schedule,Under budget and ahead of schedule,no,SPECIFIC_DIAGNOSIS_VERIFIED,CONCEPT_GAP,CONCEPT_GAP,CPI_DIRECTION,EVM_INTERPRETATION,"Both CPI and SPI are below 1.0 here (about 0.95 each); this option inverts both directions at once, describing the project as under budget and ahead of schedule when it is over budget and behind schedule.","CPI = EV/AC and SPI = EV/PV; both approximately 0.95 here (CPI<1 = over budget, SPI<1 = behind schedule), so the project is simultaneously over budget and behind schedule.","Evaluate CPI and SPI independently, each against the 1.0 threshold: CPI<1 is over budget (unfavorable cost), SPI<1 is behind schedule (unfavorable schedule); a project can be unfavorable, favorable, or mixed on the two dimensions independently.",,,CCP practice pool (verified) — EVM interpretation; S&K6 Ch.14 Earned Value Overview,14-18,AUTHORED_PENDING_SPOTCHECK,
14-18,14,NATIVE,14-18,Under budget and behind schedule,Under budget and behind schedule,no,SPECIFIC_DIAGNOSIS_VERIFIED,CONCEPT_GAP,,CPI_DIRECTION,EVM_INTERPRETATION,"CPI = EV/AC = 7.20/7.58 = 0.95, which is below 1.0 and therefore over budget, not under — this option keeps the correct ""behind schedule"" read but inverts the cost direction.","CPI = EV/AC and SPI = EV/PV; both approximately 0.95 here (CPI<1 = over budget, SPI<1 = behind schedule), so the project is simultaneously over budget and behind schedule.","Evaluate CPI and SPI independently, each against the 1.0 threshold: CPI<1 is over budget (unfavorable cost), SPI<1 is behind schedule (unfavorable schedule); a project can be unfavorable, favorable, or mixed on the two dimensions independently.",,,CCP practice pool (verified) — EVM interpretation; S&K6 Ch.14 Earned Value Overview,14-18,AUTHORED_PENDING_SPOTCHECK,
14-18,14,NATIVE,14-18,Over budget and behind schedule,Over budget and behind schedule,yes,SPECIFIC_DIAGNOSIS_VERIFIED,,,,EVM_INTERPRETATION,Correct option; see governing_concept for the rule that makes it correct.,"CPI = EV/AC and SPI = EV/PV; both approximately 0.95 here (CPI<1 = over budget, SPI<1 = behind schedule), so the project is simultaneously over budget and behind schedule.","Evaluate CPI and SPI independently, each against the 1.0 threshold: CPI<1 is over budget (unfavorable cost), SPI<1 is behind schedule (unfavorable schedule); a project can be unfavorable, favorable, or mixed on the two dimensions independently.",,,CCP practice pool (verified) — EVM interpretation; S&K6 Ch.14 Earned Value Overview,14-18,AUTHORED_PENDING_SPOTCHECK,
14-19,14,NATIVE,14-19,CPI is exactly 1.00 and current cost efficiency is therefore on budget,CPI is exactly 1.00 and current cost efficiency is therefore on budget,no,SPECIFIC_DIAGNOSIS_VERIFIED,FORMULA_METHOD_SELECTION,,EAC_ASSUMPTION,EAC_FORECASTING,"A CPI of exactly 1.00 means costs to date exactly match earned value — this is a stable, on-plan condition that supports (not undermines) using BAC/CPI; it does not itself suggest the method is inappropriate.","A CPI-based EAC (BAC/CPI) implicitly assumes remaining work will continue at the same cost-efficiency pattern that produced the historical CPI; when the remaining work is materially different in nature from the work already performed, that assumption breaks down and a bottom-up ETC or other method may be more appropriate.",Always state the forecasting assumption behind an EAC method explicitly; BAC/CPI is only as good as the assumption that remaining work resembles the work that generated the current CPI.,,,CCP practice pool (verified) — Forecast selection; S&K6 Ch.14 Earned Value Overview,14-19,AUTHORED_PENDING_SPOTCHECK,
14-19,14,NATIVE,14-19,"Actual cost records are current, complete, and reconciled to accounting","Actual cost records are current, complete, and reconciled to accounting",no,SPECIFIC_DIAGNOSIS_VERIFIED,FORMULA_METHOD_SELECTION,,EAC_ASSUMPTION,EAC_FORECASTING,"Current, complete, reconciled actual cost data is a data-quality precondition for ANY EAC method to be trustworthy; good data quality supports using BAC/CPI, it does not flag the method as inappropriate.","A CPI-based EAC (BAC/CPI) implicitly assumes remaining work will continue at the same cost-efficiency pattern that produced the historical CPI; when the remaining work is materially different in nature from the work already performed, that assumption breaks down and a bottom-up ETC or other method may be more appropriate.",Always state the forecasting assumption behind an EAC method explicitly; BAC/CPI is only as good as the assumption that remaining work resembles the work that generated the current CPI.,,,CCP practice pool (verified) — Forecast selection; S&K6 Ch.14 Earned Value Overview,14-19,AUTHORED_PENDING_SPOTCHECK,
14-19,14,NATIVE,14-19,The remaining work closely resembles the work that generated the historical CPI,The remaining work closely resembles the work that generated the historical CPI,no,SPECIFIC_DIAGNOSIS_VERIFIED,FORMULA_METHOD_SELECTION,,EAC_ASSUMPTION,EAC_FORECASTING,"Remaining work closely resembling the work that produced the historical CPI is exactly the assumption that makes BAC/CPI appropriate — this option states the supporting condition, the opposite of what the question asks for.","A CPI-based EAC (BAC/CPI) implicitly assumes remaining work will continue at the same cost-efficiency pattern that produced the historical CPI; when the remaining work is materially different in nature from the work already performed, that assumption breaks down and a bottom-up ETC or other method may be more appropriate.",Always state the forecasting assumption behind an EAC method explicitly; BAC/CPI is only as good as the assumption that remaining work resembles the work that generated the current CPI.,,,CCP practice pool (verified) — Forecast selection; S&K6 Ch.14 Earned Value Overview,14-19,AUTHORED_PENDING_SPOTCHECK,
14-19,14,NATIVE,14-19,The remaining work is materially different from the work that produced the current CPI,The remaining work is materially different from the work that produced the current CPI,yes,SPECIFIC_DIAGNOSIS_VERIFIED,,,,EAC_FORECASTING,Correct option; see governing_concept for the rule that makes it correct.,"A CPI-based EAC (BAC/CPI) implicitly assumes remaining work will continue at the same cost-efficiency pattern that produced the historical CPI; when the remaining work is materially different in nature from the work already performed, that assumption breaks down and a bottom-up ETC or other method may be more appropriate.",Always state the forecasting assumption behind an EAC method explicitly; BAC/CPI is only as good as the assumption that remaining work resembles the work that generated the current CPI.,,,CCP practice pool (verified) — Forecast selection; S&K6 Ch.14 Earned Value Overview,14-19,AUTHORED_PENDING_SPOTCHECK,
14-20,14,NATIVE,14-20,1.111,1.111,no,SPECIFIC_CALCULATION_PATH_VERIFIED,CALCULATION_ERROR,,SPI_DIRECTION,EVM_FORMULAS,"This is PV/EV = 12.22/11.00 = 1.111, the reciprocal of the correct SPI — inverting the ratio would incorrectly read a behind-schedule condition (SPI<1) as ahead of schedule (>1).",SPI = EV / PV.,"SPI = EV/PV, not PV/EV; SPI<1 means behind schedule, SPI>1 means ahead of schedule.",,PV/EV = 12.22/11.00 = 1.111 (wrong: numerator and denominator inverted).,"S&K6 Ch.19, Eq.19.14 — Schedule Performance Index (SPI = EV / PV); also defined in AACE RP 10S-90",14-20,AUTHORED_PENDING_SPOTCHECK,
14-20,14,NATIVE,14-20,0.900,0.900,yes,SPECIFIC_DIAGNOSIS_VERIFIED,,,,EVM_FORMULAS,Correct option; see governing_concept for the rule that makes it correct.,SPI = EV / PV.,"SPI = EV/PV, not PV/EV; SPI<1 means behind schedule, SPI>1 means ahead of schedule.",,,"S&K6 Ch.19, Eq.19.14 — Schedule Performance Index (SPI = EV / PV); also defined in AACE RP 10S-90",14-20,AUTHORED_PENDING_SPOTCHECK,
14-20,14,NATIVE,14-20,-0.111,-0.111,no,SPECIFIC_CALCULATION_PATH_VERIFIED,CALCULATION_ERROR,CALCULATION_ERROR,SV_SIGN,EVM_FORMULAS,"This is (EV-PV)/EV = SV/EV = -1.22/11.00 = -0.111, a variance-to-EV ratio, not the SPI ratio itself; it substitutes a subtraction-based variance measure for the required division-based index.",SPI = EV / PV.,"SPI = EV/PV, not PV/EV; SPI<1 means behind schedule, SPI>1 means ahead of schedule.",,(EV-PV)/EV = (11.00-12.22)/11.00 = -0.111 (wrong: uses SV/EV instead of EV/PV).,"S&K6 Ch.19, Eq.19.14 — Schedule Performance Index (SPI = EV / PV); also defined in AACE RP 10S-90",14-20,AUTHORED_PENDING_SPOTCHECK,
14-20,14,NATIVE,14-20,0.100,0.100,no,SPECIFIC_CALCULATION_PATH_VERIFIED,CALCULATION_ERROR,,SPI_DIRECTION,EVM_FORMULAS,"This equals 1 - SPI (1 - 0.900 = 0.100), the complement of the correct index rather than the index itself.",SPI = EV / PV.,"SPI = EV/PV, not PV/EV; SPI<1 means behind schedule, SPI>1 means ahead of schedule.",,"1 - SPI = 1 - 0.900 = 0.100 (wrong: complement of SPI, not SPI itself).","S&K6 Ch.19, Eq.19.14 — Schedule Performance Index (SPI = EV / PV); also defined in AACE RP 10S-90",14-20,AUTHORED_PENDING_SPOTCHECK,
14-21,14,NATIVE,14-21,"SAR 1,200.00/unit","SAR 1,200.00/unit",yes,SPECIFIC_DIAGNOSIS_VERIFIED,,,,UNIT_COST_ANALYSIS,Correct option; see governing_concept for the rule that makes it correct.,Actual unit cost = Actual Cost / Actual Completed Quantity.,"Divide actual cost by the actual completed quantity, in that order and using the quantity actually given — do not multiply, and do not divide by a quantity not stated in the problem.",,,"S&K6 Chapter 19, Project Labor Cost Control — actual/budget/forecast unit-cost fields and unit-cost variance analysis.",14-21,AUTHORED_PENDING_SPOTCHECK,
14-21,14,NATIVE,14-21,"SAR 1,090.91/unit","SAR 1,090.91/unit",no,SPECIFIC_CALCULATION_PATH_VERIFIED,CALCULATION_ERROR,,UNIT_COST_ANALYSIS,UNIT_COST_ANALYSIS,"This equals 1,200,000/1,100 = 1,090.91, which requires dividing by 1,100 units rather than the 1,000 units actually stated — a denominator (quantity) error.",Actual unit cost = Actual Cost / Actual Completed Quantity.,"Divide actual cost by the actual completed quantity, in that order and using the quantity actually given — do not multiply, and do not divide by a quantity not stated in the problem.",,"1,200,000 / 1,100 = SAR 1,090.91/unit (wrong: divided by 1,100 units instead of the given 1,000).","S&K6 Chapter 19, Project Labor Cost Control — actual/budget/forecast unit-cost fields and unit-cost variance analysis.",14-21,AUTHORED_PENDING_SPOTCHECK,
14-21,14,NATIVE,14-21,"SAR 1,200,000,000.00/unit","SAR 1,200,000,000.00/unit",no,SPECIFIC_CALCULATION_PATH_VERIFIED,CALCULATION_ERROR,,UNIT_COST_ANALYSIS,UNIT_COST_ANALYSIS,"This equals the actual cost multiplied by the quantity (1,200,000 x 1,000) instead of divided by it — an inverted operation that scales the cost up rather than isolating a per-unit rate.",Actual unit cost = Actual Cost / Actual Completed Quantity.,"Divide actual cost by the actual completed quantity, in that order and using the quantity actually given — do not multiply, and do not divide by a quantity not stated in the problem.",,"1,200,000 x 1,000 = SAR 1,200,000,000.00/unit (wrong: multiplied instead of divided).","S&K6 Chapter 19, Project Labor Cost Control — actual/budget/forecast unit-cost fields and unit-cost variance analysis.",14-21,AUTHORED_PENDING_SPOTCHECK,
14-21,14,NATIVE,14-21,SAR 0.00/unit,SAR 0.00/unit,no,SPECIFIC_CALCULATION_PATH_VERIFIED,CALCULATION_ERROR,,UNIT_COST_ANALYSIS,UNIT_COST_ANALYSIS,"This is consistent with inverting the division (quantity/cost instead of cost/quantity), which yields a value near zero (1,000/1,200,000 = 0.00083, rounding to 0.00) instead of a per-unit cost.",Actual unit cost = Actual Cost / Actual Completed Quantity.,"Divide actual cost by the actual completed quantity, in that order and using the quantity actually given — do not multiply, and do not divide by a quantity not stated in the problem.",,"1,000 / 1,200,000 = 0.00083, rounds to SAR 0.00/unit (wrong: numerator and denominator inverted).","S&K6 Chapter 19, Project Labor Cost Control — actual/budget/forecast unit-cost fields and unit-cost variance analysis.",14-21,AUTHORED_PENDING_SPOTCHECK,
14-22,14,NATIVE,14-22,USD 16.00 million,USD 16.00 million,yes,SPECIFIC_DIAGNOSIS_VERIFIED,,,,ETC_VS_EAC,Correct option; see governing_concept for the rule that makes it correct.,ETC = EAC - AC: the estimated cost of the remaining work is the total forecast at completion minus what has already been spent.,"ETC = EAC - AC, in that order; do not average EAC and AC, and do not reverse the subtraction.",,,AACE RP 10S-90 — Estimate to Complete (ETC = EAC − AC),14-22,AUTHORED_PENDING_SPOTCHECK,
14-22,14,NATIVE,14-22,USD 14.00 million,USD 14.00 million,no,SPECIFIC_CALCULATION_PATH_VERIFIED,CALCULATION_ERROR,,ETC_VS_EAC,ETC_VS_EAC,"This is the average of EAC and AC ((22.00+6.00)/2 = 14.00), not their difference; ETC is the remaining cost still needed to finish, not a midpoint between the forecast and cost-to-date.",ETC = EAC - AC: the estimated cost of the remaining work is the total forecast at completion minus what has already been spent.,"ETC = EAC - AC, in that order; do not average EAC and AC, and do not reverse the subtraction.",,(22.00+6.00)/2 = USD 14.00 million (wrong: averaged instead of subtracted).,AACE RP 10S-90 — Estimate to Complete (ETC = EAC − AC),14-22,AUTHORED_PENDING_SPOTCHECK,
14-22,14,NATIVE,14-22,USD 2.00 million,USD 2.00 million,no,AMBIGUOUS_DIAGNOSTIC_CAUSE,,,,ETC_VS_EAC,USD 2.00 million does not reproduce from EAC=22.00M and AC=6.00M under ETC=EAC-AC or any other standard relationship among these two figures; no confirmed calculation path was found.,ETC = EAC - AC: the estimated cost of the remaining work is the total forecast at completion minus what has already been spent.,"ETC = EAC - AC, in that order; do not average EAC and AC, and do not reverse the subtraction.",,,AACE RP 10S-90 — Estimate to Complete (ETC = EAC − AC),14-22,AUTHORED_PENDING_SPOTCHECK,"22-6=16, 6-22=-16, (22+6)/2=14, 22/6=3.67; none equal 2.00."
14-22,14,NATIVE,14-22,USD -16.00 million,USD -16.00 million,no,SPECIFIC_CALCULATION_PATH_VERIFIED,CALCULATION_ERROR,,ETC_VS_EAC,ETC_VS_EAC,"This is AC - EAC (6.00 - 22.00 = -16.00), the reversed subtraction order; it has the right magnitude but the wrong sign, which would incorrectly suggest the remaining work has negative cost.",ETC = EAC - AC: the estimated cost of the remaining work is the total forecast at completion minus what has already been spent.,"ETC = EAC - AC, in that order; do not average EAC and AC, and do not reverse the subtraction.",,AC - EAC = 6.00 - 22.00 = USD -16.00 million (wrong: EAC and AC reversed).,AACE RP 10S-90 — Estimate to Complete (ETC = EAC − AC),14-22,AUTHORED_PENDING_SPOTCHECK,
14-23,14,NATIVE,14-23,"USD 1,000,000","USD 1,000,000",no,SPECIFIC_CALCULATION_PATH_VERIFIED,FORMULA_METHOD_SELECTION,,PROGRESS_METHOD_SELECTION,PROGRESS_MEASUREMENT_TECHNIQUES,"USD 1,000,000 is the full BAC, which credits the activity as though 100% of the 5,000 meters were installed; only 3,200 of 5,000 meters are complete, so full-budget credit is not yet earned.","Under units-completed measurement, EV = (units completed / total planned units) x BAC, equivalently units completed x the budgeted unit rate.","Earned value under units-completed always equals the physical percent complete multiplied by the TOTAL budget for that scope — not the raw unit count, not the full BAC unless 100% is complete, and not the value of the remaining scope.",,"BAC = USD 1,000,000 (wrong: assumes 100% complete instead of the actual 64%).","TCM Framework §9.2.2.3 — Units Completed progress measurement; EV valuation relation: S&K6 Ch.19, Eq.19.2",14-23,AUTHORED_PENDING_SPOTCHECK,
14-23,14,NATIVE,14-23,"USD 3,200","USD 3,200",no,SPECIFIC_CALCULATION_PATH_VERIFIED,CALCULATION_ERROR,,UNIT_COST_ANALYSIS,PROGRESS_MEASUREMENT_TECHNIQUES,"USD 3,200 is the raw quantity of meters installed treated directly as a dollar figure, omitting the USD 200/meter budgeted rate entirely.","Under units-completed measurement, EV = (units completed / total planned units) x BAC, equivalently units completed x the budgeted unit rate.","Earned value under units-completed always equals the physical percent complete multiplied by the TOTAL budget for that scope — not the raw unit count, not the full BAC unless 100% is complete, and not the value of the remaining scope.",,"3,200 (meters, not dollars) mistaken for EV (wrong: omits the USD 200/meter rate).","TCM Framework §9.2.2.3 — Units Completed progress measurement; EV valuation relation: S&K6 Ch.19, Eq.19.2",14-23,AUTHORED_PENDING_SPOTCHECK,
14-23,14,NATIVE,14-23,"USD 360,000","USD 360,000",no,SPECIFIC_CALCULATION_PATH_VERIFIED,CALCULATION_ERROR,,EVM_FORMULAS,PROGRESS_MEASUREMENT_TECHNIQUES,"USD 360,000 equals BAC - EV (1,000,000 - 640,000), the value of the REMAINING (not yet completed) scope, rather than the value of the completed work itself.","Under units-completed measurement, EV = (units completed / total planned units) x BAC, equivalently units completed x the budgeted unit rate.","Earned value under units-completed always equals the physical percent complete multiplied by the TOTAL budget for that scope — not the raw unit count, not the full BAC unless 100% is complete, and not the value of the remaining scope.",,"BAC - EV = 1,000,000 - 640,000 = USD 360,000 (wrong: computed remaining value instead of earned value).","TCM Framework §9.2.2.3 — Units Completed progress measurement; EV valuation relation: S&K6 Ch.19, Eq.19.2",14-23,AUTHORED_PENDING_SPOTCHECK,
14-23,14,NATIVE,14-23,"USD 640,000","USD 640,000",yes,SPECIFIC_DIAGNOSIS_VERIFIED,,,,PROGRESS_MEASUREMENT_TECHNIQUES,Correct option; see governing_concept for the rule that makes it correct.,"Under units-completed measurement, EV = (units completed / total planned units) x BAC, equivalently units completed x the budgeted unit rate.","Earned value under units-completed always equals the physical percent complete multiplied by the TOTAL budget for that scope — not the raw unit count, not the full BAC unless 100% is complete, and not the value of the remaining scope.",,,"TCM Framework §9.2.2.3 — Units Completed progress measurement; EV valuation relation: S&K6 Ch.19, Eq.19.2",14-23,AUTHORED_PENDING_SPOTCHECK,
14-24,14,NATIVE,14-24,A single homogeneous unit type with a constant unit rate throughout (better suited to plain Units Completed),A single homogeneous unit type with a constant unit rate throughout (better suited to plain Units Completed),no,SPECIFIC_DIAGNOSIS_VERIFIED,FORMULA_METHOD_SELECTION,,PROGRESS_METHOD_SELECTION,PROGRESS_MEASUREMENT_TECHNIQUES,A single homogeneous unit type with a constant unit rate is exactly the case where plain Units Completed is sufficient and appropriate; weighting is unnecessary when there is no effort-content variation to correct for.,"Weighted/equivalent units convert sub-items with materially different effort content (e.g., small/medium/large spools) to a common basis using relative weighting factors, so item counts alone do not misstate progress.","Choose weighted/equivalent units specifically when item counts are heterogeneous in effort; if items are homogeneous, plain units completed is the appropriate (simpler) technique.",,,CCP practice pool (verified) — Weighted/equivalent units applicability; S&K6 Ch.14 Earned Value Overview,14-24,AUTHORED_PENDING_SPOTCHECK,
14-24,14,NATIVE,14-24,"Multiple sub-items of the same general work type but with materially different labor/effort content per item (e.g., small, medium, and large pipe spools), which are converted to a common ""equivalent unit"" basis using relative weighting/effort factors before progress is calculated","Multiple sub-items of the same general work type but with materially different labor/effort content per item (e.g., small, medium, and large pipe spools), which are converted to a common ""equivalent unit"" basis using relative weighting/effort factors before progress is calculated",yes,SPECIFIC_DIAGNOSIS_VERIFIED,,,,PROGRESS_MEASUREMENT_TECHNIQUES,Correct option; see governing_concept for the rule that makes it correct.,"Weighted/equivalent units convert sub-items with materially different effort content (e.g., small/medium/large spools) to a common basis using relative weighting factors, so item counts alone do not misstate progress.","Choose weighted/equivalent units specifically when item counts are heterogeneous in effort; if items are homogeneous, plain units completed is the appropriate (simpler) technique.",,,CCP practice pool (verified) — Weighted/equivalent units applicability; S&K6 Ch.14 Earned Value Overview,14-24,AUTHORED_PENDING_SPOTCHECK,
14-24,14,NATIVE,14-24,Support work with no discrete deliverable at all,Support work with no discrete deliverable at all,no,SPECIFIC_DIAGNOSIS_VERIFIED,FORMULA_METHOD_SELECTION,,PROGRESS_METHOD_SELECTION,PROGRESS_MEASUREMENT_TECHNIQUES,"Support work with no discrete deliverable at all describes the domain of Level of Effort (LOE), not weighted/equivalent units, which requires discrete, countable sub-items to weight.","Weighted/equivalent units convert sub-items with materially different effort content (e.g., small/medium/large spools) to a common basis using relative weighting factors, so item counts alone do not misstate progress.","Choose weighted/equivalent units specifically when item counts are heterogeneous in effort; if items are homogeneous, plain units completed is the appropriate (simpler) technique.",,,CCP practice pool (verified) — Weighted/equivalent units applicability; S&K6 Ch.14 Earned Value Overview,14-24,AUTHORED_PENDING_SPOTCHECK,
14-24,14,NATIVE,14-24,Work that can only be credited at final completion,Work that can only be credited at final completion,no,SPECIFIC_DIAGNOSIS_VERIFIED,FORMULA_METHOD_SELECTION,,PROGRESS_METHOD_SELECTION,PROGRESS_MEASUREMENT_TECHNIQUES,"Work creditable only at final completion describes the 0/100 rule, not weighted/equivalent units, which is specifically for combining multiple effort-weighted sub-items into interim progress.","Weighted/equivalent units convert sub-items with materially different effort content (e.g., small/medium/large spools) to a common basis using relative weighting factors, so item counts alone do not misstate progress.","Choose weighted/equivalent units specifically when item counts are heterogeneous in effort; if items are homogeneous, plain units completed is the appropriate (simpler) technique.",,,CCP practice pool (verified) — Weighted/equivalent units applicability; S&K6 Ch.14 Earned Value Overview,14-24,AUTHORED_PENDING_SPOTCHECK,
14-25,14,NATIVE,14-25,"Non-discrete, effort-based support work","Non-discrete, effort-based support work",no,SPECIFIC_DIAGNOSIS_VERIFIED,FORMULA_METHOD_SELECTION,,PROGRESS_METHOD_SELECTION,PROGRESS_MEASUREMENT_TECHNIQUES,"Non-discrete, effort-based support work is precisely the domain of Level of Effort (LOE), not units completed, which requires a countable, discrete physical quantity.","Units completed is best suited to discrete, homogeneous, easily quantifiable work with a reasonably stable budgeted unit rate (e.g., linear meters of pipe, cubic meters of concrete).","Units completed needs three things together: discreteness, homogeneity, and a stable per-unit budget rate; work lacking any of these should use a different technique (LOE, 0/100, weighted units, or milestones).",,,CCP practice pool (verified) — Units completed applicability; S&K6 Ch.14 Earned Value Overview,14-25,AUTHORED_PENDING_SPOTCHECK,
14-25,14,NATIVE,14-25,Only measurable at the moment of activity completion,Only measurable at the moment of activity completion,no,SPECIFIC_DIAGNOSIS_VERIFIED,FORMULA_METHOD_SELECTION,,PROGRESS_METHOD_SELECTION,PROGRESS_MEASUREMENT_TECHNIQUES,"Work only measurable at the moment of completion describes the 0/100 rule, not units completed, which credits progress incrementally as discrete units are installed.","Units completed is best suited to discrete, homogeneous, easily quantifiable work with a reasonably stable budgeted unit rate (e.g., linear meters of pipe, cubic meters of concrete).","Units completed needs three things together: discreteness, homogeneity, and a stable per-unit budget rate; work lacking any of these should use a different technique (LOE, 0/100, weighted units, or milestones).",,,CCP practice pool (verified) — Units completed applicability; S&K6 Ch.14 Earned Value Overview,14-25,AUTHORED_PENDING_SPOTCHECK,
14-25,14,NATIVE,14-25,"Discrete, homogeneous, and easily quantifiable, with a reasonably stable budgeted unit rate (e.g., linear meters of pipe installed, cubic meters of concrete placed)","Discrete, homogeneous, and easily quantifiable, with a reasonably stable budgeted unit rate (e.g., linear meters of pipe installed, cubic meters of concrete placed)",yes,SPECIFIC_DIAGNOSIS_VERIFIED,,,,PROGRESS_MEASUREMENT_TECHNIQUES,Correct option; see governing_concept for the rule that makes it correct.,"Units completed is best suited to discrete, homogeneous, easily quantifiable work with a reasonably stable budgeted unit rate (e.g., linear meters of pipe, cubic meters of concrete).","Units completed needs three things together: discreteness, homogeneity, and a stable per-unit budget rate; work lacking any of these should use a different technique (LOE, 0/100, weighted units, or milestones).",,,CCP practice pool (verified) — Units completed applicability; S&K6 Ch.14 Earned Value Overview,14-25,AUTHORED_PENDING_SPOTCHECK,
14-25,14,NATIVE,14-25,Always measured using elapsed time,Always measured using elapsed time,no,GENERAL_WRONG_REASON_VERIFIED,FORMULA_METHOD_SELECTION,,,PROGRESS_MEASUREMENT_TECHNIQUES,"""Always measured using elapsed time"" does not correspond to any of the recognized progress-measurement techniques discussed (units completed measures physical quantity installed, not the passage of time).","Units completed is best suited to discrete, homogeneous, easily quantifiable work with a reasonably stable budgeted unit rate (e.g., linear meters of pipe, cubic meters of concrete).","Units completed needs three things together: discreteness, homogeneity, and a stable per-unit budget rate; work lacking any of these should use a different technique (LOE, 0/100, weighted units, or milestones).",,,CCP practice pool (verified) — Units completed applicability; S&K6 Ch.14 Earned Value Overview,14-25,AUTHORED_PENDING_SPOTCHECK,
14-26,14,NATIVE,14-26,"Always positive, since LOE work is never behind schedule","Always positive, since LOE work is never behind schedule",no,SPECIFIC_DIAGNOSIS_VERIFIED,CONCEPT_GAP,,LOE_EV_CONVENTION,PROGRESS_MEASUREMENT_TECHNIQUES,"SV under LOE is defined to be exactly zero at all times (not positive) because EV is set equal to PV by convention; ""always positive"" misstates both the value (it is zero) and implies a favorable condition LOE's SV cannot actually demonstrate.","Under the LOE convention, earned value is defined to equal planned value (EV=PV) as time passes, so SV = EV - PV = 0 at all times for a pure LOE activity, regardless of the actual physical progress of the supporting work.","LOE's SV is always exactly zero by definition (EV=PV convention) — this is a known characteristic and a known trap, since it can mask real problems in the underlying support work.",,,AACE RP 10S-90 — LEVEL OF EFFORT (LOE): performance is claimed by the passage of time,14-26,AUTHORED_PENDING_SPOTCHECK,
14-26,14,NATIVE,14-26,"Always zero, because EV is defined to equal PV under the LOE convention, regardless of actual physical progress","Always zero, because EV is defined to equal PV under the LOE convention, regardless of actual physical progress",yes,SPECIFIC_DIAGNOSIS_VERIFIED,,,,PROGRESS_MEASUREMENT_TECHNIQUES,Correct option; see governing_concept for the rule that makes it correct.,"Under the LOE convention, earned value is defined to equal planned value (EV=PV) as time passes, so SV = EV - PV = 0 at all times for a pure LOE activity, regardless of the actual physical progress of the supporting work.","LOE's SV is always exactly zero by definition (EV=PV convention) — this is a known characteristic and a known trap, since it can mask real problems in the underlying support work.",,,AACE RP 10S-90 — LEVEL OF EFFORT (LOE): performance is claimed by the passage of time,14-26,AUTHORED_PENDING_SPOTCHECK,
14-26,14,NATIVE,14-26,Equal to the cost variance (CV) in every case,Equal to the cost variance (CV) in every case,no,SPECIFIC_DIAGNOSIS_VERIFIED,CONCEPT_GAP,,CPI_SPI_CONFLATION,PROGRESS_MEASUREMENT_TECHNIQUES,"SV (=0 under LOE) and CV (=EV-AC=PV-AC, generally nonzero when AC differs from planned spending) are different variances measuring different things; equating them conflates the schedule and cost dimensions.","Under the LOE convention, earned value is defined to equal planned value (EV=PV) as time passes, so SV = EV - PV = 0 at all times for a pure LOE activity, regardless of the actual physical progress of the supporting work.","LOE's SV is always exactly zero by definition (EV=PV convention) — this is a known characteristic and a known trap, since it can mask real problems in the underlying support work.",,,AACE RP 10S-90 — LEVEL OF EFFORT (LOE): performance is claimed by the passage of time,14-26,AUTHORED_PENDING_SPOTCHECK,
14-26,14,NATIVE,14-26,Impossible to calculate for LOE activities,Impossible to calculate for LOE activities,no,SPECIFIC_DIAGNOSIS_VERIFIED,CONCEPT_GAP,,LOE_EV_CONVENTION,PROGRESS_MEASUREMENT_TECHNIQUES,"SV is trivially calculable for LOE activities — it is always zero by the EV=PV convention — so ""impossible to calculate"" overstates the technique's limitation; the real issue is that the zero SV carries no diagnostic information, not that it cannot be computed.","Under the LOE convention, earned value is defined to equal planned value (EV=PV) as time passes, so SV = EV - PV = 0 at all times for a pure LOE activity, regardless of the actual physical progress of the supporting work.","LOE's SV is always exactly zero by definition (EV=PV convention) — this is a known characteristic and a known trap, since it can mask real problems in the underlying support work.",,,AACE RP 10S-90 — LEVEL OF EFFORT (LOE): performance is claimed by the passage of time,14-26,AUTHORED_PENDING_SPOTCHECK,
14-27,14,NATIVE,14-27,"USD 233,333","USD 233,333",no,SPECIFIC_CALCULATION_PATH_VERIFIED,CALCULATION_ERROR,,WEIGHTED_UNITS_NAIVE_COUNT,PROGRESS_MEASUREMENT_TECHNIQUES,"USD 233,333 is consistent with treating the three spool types as equally weighted categories (BAC/3 = 700,000/3 = 233,333), rather than weighting by each type's actual quantity and effort factor.","Weighted/equivalent units EV = (completed weighted units / total weighted units) x BAC, where weighted units = quantity x relative effort/weight factor for each sub-item type.","Always weight BOTH the completed count and the total scope by the same effort factors before forming the progress ratio; never apply the BAC percentage to a simple, unweighted item count, and never assume equal weight across dissimilar sub-item types.",,"700,000 / 3 spool types = USD 233,333 (wrong: divides BAC equally across categories instead of weighting by quantity x effort factor).",TCM Framework §9.2.2.3 — Weighted/Equivalent Units Completed progress measurement,14-27,AUTHORED_PENDING_SPOTCHECK,
14-27,14,NATIVE,14-27,"USD 400,000","USD 400,000",no,SPECIFIC_CALCULATION_PATH_VERIFIED,CALCULATION_ERROR,,WEIGHTED_UNITS_NAIVE_COUNT,PROGRESS_MEASUREMENT_TECHNIQUES,"USD 400,000 equals a naive, unweighted item count (200 of 350 total spools = 57.1%) applied directly to BAC, ignoring that small, medium, and large spools require different effort.","Weighted/equivalent units EV = (completed weighted units / total weighted units) x BAC, where weighted units = quantity x relative effort/weight factor for each sub-item type.","Always weight BOTH the completed count and the total scope by the same effort factors before forming the progress ratio; never apply the BAC percentage to a simple, unweighted item count, and never assume equal weight across dissimilar sub-item types.",,"(150+40+10)/(200+100+50) x 700,000 = 200/350 x 700,000 = USD 400,000 (wrong: unweighted item count instead of weighted units).",TCM Framework §9.2.2.3 — Weighted/Equivalent Units Completed progress measurement,14-27,AUTHORED_PENDING_SPOTCHECK,
14-27,14,NATIVE,14-27,"USD 300,000","USD 300,000",yes,SPECIFIC_DIAGNOSIS_VERIFIED,,,,PROGRESS_MEASUREMENT_TECHNIQUES,Correct option; see governing_concept for the rule that makes it correct.,"Weighted/equivalent units EV = (completed weighted units / total weighted units) x BAC, where weighted units = quantity x relative effort/weight factor for each sub-item type.","Always weight BOTH the completed count and the total scope by the same effort factors before forming the progress ratio; never apply the BAC percentage to a simple, unweighted item count, and never assume equal weight across dissimilar sub-item types.",,,TCM Framework §9.2.2.3 — Weighted/Equivalent Units Completed progress measurement,14-27,AUTHORED_PENDING_SPOTCHECK,
14-27,14,NATIVE,14-27,"USD 490,000","USD 490,000",no,AMBIGUOUS_DIAGNOSTIC_CAUSE,,,,PROGRESS_MEASUREMENT_TECHNIQUES,"USD 490,000 does not reproduce from the given quantities and weight factors under the correct weighted-units formula, the naive unweighted-count formula, or an equal-category-weighting formula; no confirmed calculation path was found.","Weighted/equivalent units EV = (completed weighted units / total weighted units) x BAC, where weighted units = quantity x relative effort/weight factor for each sub-item type.","Always weight BOTH the completed count and the total scope by the same effort factors before forming the progress ratio; never apply the BAC percentage to a simple, unweighted item count, and never assume equal weight across dissimilar sub-item types.",,,TCM Framework §9.2.2.3 — Weighted/Equivalent Units Completed progress measurement,14-27,AUTHORED_PENDING_SPOTCHECK,"Checked several plausible weighting-error paths (reversed weight factors, quantity+weight instead of quantity x weight); none landed exactly on 490,000."
14-28,14,NATIVE,14-28,"A calculation error, since Supervisor Opinion always produces identical results for similar activities","A calculation error, since Supervisor Opinion always produces identical results for similar activities",no,SPECIFIC_DIAGNOSIS_VERIFIED,CONCEPT_GAP,,PROGRESS_METHOD_SELECTION,PROGRESS_MEASUREMENT_TECHNIQUES,"This inverts the point of the scenario: Supervisor Opinion does NOT reliably produce identical results across raters for similar work — the very inconsistency shown is the technique's known limitation, not evidence of an arithmetic mistake.","Supervisor Opinion is a subjective, judgment-based technique; differing percent-complete estimates from different supervisors on comparable work illustrate the technique's inherent inter-rater inconsistency, a structural limitation rather than a math error or evidence of dishonesty.","Divergent subjective estimates on similar work are expected under Supervisor Opinion — this is why the technique ranks below objective, quantity- or milestone-based methods and is used only when those are impractical.",,,CCP practice pool (verified) — Inter-rater inconsistency in Supervisor Opinion; S&K6 Ch.14 Earned Value Overview,14-28,AUTHORED_PENDING_SPOTCHECK,
14-28,14,NATIVE,14-28,Evidence that both activities should switch to the 0/100 rule immediately,Evidence that both activities should switch to the 0/100 rule immediately,no,SPECIFIC_DIAGNOSIS_VERIFIED,FORMULA_METHOD_SELECTION,,PROGRESS_METHOD_SELECTION,PROGRESS_MEASUREMENT_TECHNIQUES,"Switching to 0/100 is not a general response to inter-rater inconsistency in general; the lesson of the scenario is about subjectivity's structural limitation, not a directive to adopt a specific finish-only rule for these particular activities.","Supervisor Opinion is a subjective, judgment-based technique; differing percent-complete estimates from different supervisors on comparable work illustrate the technique's inherent inter-rater inconsistency, a structural limitation rather than a math error or evidence of dishonesty.","Divergent subjective estimates on similar work are expected under Supervisor Opinion — this is why the technique ranks below objective, quantity- or milestone-based methods and is used only when those are impractical.",,,CCP practice pool (verified) — Inter-rater inconsistency in Supervisor Opinion; S&K6 Ch.14 Earned Value Overview,14-28,AUTHORED_PENDING_SPOTCHECK,
14-28,14,NATIVE,14-28,Proof that one supervisor is dishonest,Proof that one supervisor is dishonest,no,SPECIFIC_DIAGNOSIS_VERIFIED,CONCEPT_GAP,,PROGRESS_METHOD_SELECTION,PROGRESS_MEASUREMENT_TECHNIQUES,"Divergent subjective estimates on comparably staffed and scoped work do not, by themselves, prove dishonesty; the more defensible explanation is the well-known inter-rater variability inherent to judgment-based reporting.","Supervisor Opinion is a subjective, judgment-based technique; differing percent-complete estimates from different supervisors on comparable work illustrate the technique's inherent inter-rater inconsistency, a structural limitation rather than a math error or evidence of dishonesty.","Divergent subjective estimates on similar work are expected under Supervisor Opinion — this is why the technique ranks below objective, quantity- or milestone-based methods and is used only when those are impractical.",,,CCP practice pool (verified) — Inter-rater inconsistency in Supervisor Opinion; S&K6 Ch.14 Earned Value Overview,14-28,AUTHORED_PENDING_SPOTCHECK,
14-28,14,NATIVE,14-28,"A core limitation of the technique: subjective judgment varies between individuals, reducing consistency and comparability of reported progress across the project - a key reason it is used only where more objective techniques are impractical","A core limitation of the technique: subjective judgment varies between individuals, reducing consistency and comparability of reported progress across the project - a key reason it is used only where more objective techniques are impractical",yes,SPECIFIC_DIAGNOSIS_VERIFIED,,,,PROGRESS_MEASUREMENT_TECHNIQUES,Correct option; see governing_concept for the rule that makes it correct.,"Supervisor Opinion is a subjective, judgment-based technique; differing percent-complete estimates from different supervisors on comparable work illustrate the technique's inherent inter-rater inconsistency, a structural limitation rather than a math error or evidence of dishonesty.","Divergent subjective estimates on similar work are expected under Supervisor Opinion — this is why the technique ranks below objective, quantity- or milestone-based methods and is used only when those are impractical.",,,CCP practice pool (verified) — Inter-rater inconsistency in Supervisor Opinion; S&K6 Ch.14 Earned Value Overview,14-28,AUTHORED_PENDING_SPOTCHECK,
14-29,14,NATIVE,14-29,"USD 35,000","USD 35,000",no,SPECIFIC_CALCULATION_PATH_VERIFIED,FORMULA_METHOD_SELECTION,,ZERO_HUNDRED_VS_FIFTY_FIFTY,PROGRESS_MEASUREMENT_TECHNIQUES,"USD 35,000 applies the estimated 70% physical progress directly to the budget (percent-complete crediting), which is exactly the interim credit the 0/100 rule is designed to withhold.",The 0/100 rule is a finish-only rule of credit: no earned value is recognized for partial physical progress; the full budget is credited only upon completion.,"Under 0/100, an activity that has started but not finished always earns USD 0, no matter what the estimated physical percent complete is.",,"70% x 50,000 = USD 35,000 (wrong technique: percent-complete crediting instead of 0/100).","TCM Framework 2nd Ed. Section 9.2.2.3, Incremental Milestone family — finish-only rule of credit",14-29,AUTHORED_PENDING_SPOTCHECK,
14-29,14,NATIVE,14-29,"USD 50,000","USD 50,000",no,SPECIFIC_CALCULATION_PATH_VERIFIED,FORMULA_METHOD_SELECTION,,ZERO_HUNDRED_VS_FIFTY_FIFTY,PROGRESS_MEASUREMENT_TECHNIQUES,"USD 50,000 credits the full budget as though the activity were finished; the stem states it has not yet finished, so under 0/100 it cannot earn the completion credit yet.",The 0/100 rule is a finish-only rule of credit: no earned value is recognized for partial physical progress; the full budget is credited only upon completion.,"Under 0/100, an activity that has started but not finished always earns USD 0, no matter what the estimated physical percent complete is.",,"100% x 50,000 = USD 50,000 (wrong: treats the unfinished activity as complete).","TCM Framework 2nd Ed. Section 9.2.2.3, Incremental Milestone family — finish-only rule of credit",14-29,AUTHORED_PENDING_SPOTCHECK,
14-29,14,NATIVE,14-29,"USD 15,000","USD 15,000",no,SPECIFIC_CALCULATION_PATH_VERIFIED,CALCULATION_ERROR,CALCULATION_ERROR,ZERO_HUNDRED_VS_FIFTY_FIFTY,PROGRESS_MEASUREMENT_TECHNIQUES,"USD 15,000 equals the budget times the complement of the stated percent complete (50,000 x (1-0.70) = 15,000), a remaining-percent calculation that is not part of the 0/100 rule at all.",The 0/100 rule is a finish-only rule of credit: no earned value is recognized for partial physical progress; the full budget is credited only upon completion.,"Under 0/100, an activity that has started but not finished always earns USD 0, no matter what the estimated physical percent complete is.",,"50,000 x (1-0.70) = USD 15,000 (wrong: uses the remaining/complement percentage, and percent-complete crediting is not how 0/100 works).","TCM Framework 2nd Ed. Section 9.2.2.3, Incremental Milestone family — finish-only rule of credit",14-29,AUTHORED_PENDING_SPOTCHECK,
14-29,14,NATIVE,14-29,USD 0,USD 0,yes,SPECIFIC_DIAGNOSIS_VERIFIED,,,,PROGRESS_MEASUREMENT_TECHNIQUES,Correct option; see governing_concept for the rule that makes it correct.,The 0/100 rule is a finish-only rule of credit: no earned value is recognized for partial physical progress; the full budget is credited only upon completion.,"Under 0/100, an activity that has started but not finished always earns USD 0, no matter what the estimated physical percent complete is.",,,"TCM Framework 2nd Ed. Section 9.2.2.3, Incremental Milestone family — finish-only rule of credit",14-29,AUTHORED_PENDING_SPOTCHECK,
14-30,14,NATIVE,14-30,"Has a long duration without a single measurable interim output, but can be broken into a sequence of discrete, weighted sub-steps (milestones), each credited only when completed","Has a long duration without a single measurable interim output, but can be broken into a sequence of discrete, weighted sub-steps (milestones), each credited only when completed",yes,SPECIFIC_DIAGNOSIS_VERIFIED,,,,PROGRESS_MEASUREMENT_TECHNIQUES,Correct option; see governing_concept for the rule that makes it correct.,"Incremental milestones break a longer activity without a single measurable interim output into a sequence of discrete, pre-weighted sub-steps, each credited only when that specific sub-step is fully completed.","Use incremental milestones when the activity is too long/complex for a single end-point measure (0/100) but its steps can be defined as discrete, weighted, verifiable sub-completions.",,,CCP practice pool (verified) — Incremental milestone applicability; S&K6 Ch.14 Earned Value Overview,14-30,AUTHORED_PENDING_SPOTCHECK,
14-30,14,NATIVE,14-30,Has a single discrete unit of measurable output only at the very end,Has a single discrete unit of measurable output only at the very end,no,SPECIFIC_DIAGNOSIS_VERIFIED,FORMULA_METHOD_SELECTION,,PROGRESS_METHOD_SELECTION,PROGRESS_MEASUREMENT_TECHNIQUES,"A single discrete unit of measurable output only at the very end describes the 0/100 rule, not incremental milestones, which by definition break the activity into multiple interim sub-steps.","Incremental milestones break a longer activity without a single measurable interim output into a sequence of discrete, pre-weighted sub-steps, each credited only when that specific sub-step is fully completed.","Use incremental milestones when the activity is too long/complex for a single end-point measure (0/100) but its steps can be defined as discrete, weighted, verifiable sub-completions.",,,CCP practice pool (verified) — Incremental milestone applicability; S&K6 Ch.14 Earned Value Overview,14-30,AUTHORED_PENDING_SPOTCHECK,
14-30,14,NATIVE,14-30,Is best measured purely by elapsed time,Is best measured purely by elapsed time,no,GENERAL_WRONG_REASON_VERIFIED,FORMULA_METHOD_SELECTION,,,PROGRESS_MEASUREMENT_TECHNIQUES,"""Best measured purely by elapsed time"" does not correspond to how incremental milestones work — credit is tied to discrete completion events, not to the passage of time.","Incremental milestones break a longer activity without a single measurable interim output into a sequence of discrete, pre-weighted sub-steps, each credited only when that specific sub-step is fully completed.","Use incremental milestones when the activity is too long/complex for a single end-point measure (0/100) but its steps can be defined as discrete, weighted, verifiable sub-completions.",,,CCP practice pool (verified) — Incremental milestone applicability; S&K6 Ch.14 Earned Value Overview,14-30,AUTHORED_PENDING_SPOTCHECK,
14-30,14,NATIVE,14-30,Should never be assigned a percentage weighting,Should never be assigned a percentage weighting,no,SPECIFIC_DIAGNOSIS_VERIFIED,CONCEPT_GAP,,PROGRESS_METHOD_SELECTION,PROGRESS_MEASUREMENT_TECHNIQUES,"This contradicts the technique's core mechanism: incremental milestones are, by definition, assigned percentage weights (e.g., Detailing 10%, Cutting 25%, etc.) so that each completed sub-step contributes its share of the total budget.","Incremental milestones break a longer activity without a single measurable interim output into a sequence of discrete, pre-weighted sub-steps, each credited only when that specific sub-step is fully completed.","Use incremental milestones when the activity is too long/complex for a single end-point measure (0/100) but its steps can be defined as discrete, weighted, verifiable sub-completions.",,,CCP practice pool (verified) — Incremental milestone applicability; S&K6 Ch.14 Earned Value Overview,14-30,AUTHORED_PENDING_SPOTCHECK,
14-31,14,NATIVE,14-31,There is no error; physical unit counting is always equivalent to weighted-units progress,There is no error; physical unit counting is always equivalent to weighted-units progress,no,SPECIFIC_DIAGNOSIS_VERIFIED,CONCEPT_GAP,,WEIGHTED_UNITS_NAIVE_COUNT,PROGRESS_MEASUREMENT_TECHNIQUES,"The two methods give materially different results here (57.1% vs. 42.9%), so simple physical-unit counting is not equivalent to weighted-units progress whenever the completed item mix differs in effort content from the full scope mix.","Naive physical-unit counting treats every item as equally weighted regardless of effort content; when the completed mix is skewed toward lower-effort items, the simple count overstates true (weighted) progress.",Compare a simple item count (57.1% here) against the effort-weighted equivalent-units result (42.9% here) whenever item types differ materially in effort — the direction of distortion depends on which items are disproportionately complete.,,,CCP practice pool (verified) — Distortion from naive physical-unit counting; S&K6 Ch.14 Earned Value Overview,14-31,AUTHORED_PENDING_SPOTCHECK,
14-31,14,NATIVE,14-31,The approach understates progress because small spools should not count at all,The approach understates progress because small spools should not count at all,no,SPECIFIC_DIAGNOSIS_VERIFIED,CONCEPT_GAP,,WEIGHTED_UNITS_NAIVE_COUNT,PROGRESS_MEASUREMENT_TECHNIQUES,"This misreads both the direction and the fix: naive counting OVERstates progress here (not understates it), and small spools should still count — just at their correct (lower) weight, not be excluded entirely.","Naive physical-unit counting treats every item as equally weighted regardless of effort content; when the completed mix is skewed toward lower-effort items, the simple count overstates true (weighted) progress.",Compare a simple item count (57.1% here) against the effort-weighted equivalent-units result (42.9% here) whenever item types differ materially in effort — the direction of distortion depends on which items are disproportionately complete.,,,CCP practice pool (verified) — Distortion from naive physical-unit counting; S&K6 Ch.14 Earned Value Overview,14-31,AUTHORED_PENDING_SPOTCHECK,
14-31,14,NATIVE,14-31,"The approach treats every spool as equally weighted regardless of size/effort, overstating progress (57.1% vs. the correct 42.9% equivalent-units progress) because the completed mix is skewed toward the lower-effort small spools relative to the full scope mix","The approach treats every spool as equally weighted regardless of size/effort, overstating progress (57.1% vs. the correct 42.9% equivalent-units progress) because the completed mix is skewed toward the lower-effort small spools relative to the full scope mix",yes,SPECIFIC_DIAGNOSIS_VERIFIED,,,,PROGRESS_MEASUREMENT_TECHNIQUES,Correct option; see governing_concept for the rule that makes it correct.,"Naive physical-unit counting treats every item as equally weighted regardless of effort content; when the completed mix is skewed toward lower-effort items, the simple count overstates true (weighted) progress.",Compare a simple item count (57.1% here) against the effort-weighted equivalent-units result (42.9% here) whenever item types differ materially in effort — the direction of distortion depends on which items are disproportionately complete.,,,CCP practice pool (verified) — Distortion from naive physical-unit counting; S&K6 Ch.14 Earned Value Overview,14-31,AUTHORED_PENDING_SPOTCHECK,
14-31,14,NATIVE,14-31,The two methods are mathematically identical whenever the item mix is skewed,The two methods are mathematically identical whenever the item mix is skewed,no,SPECIFIC_DIAGNOSIS_VERIFIED,CONCEPT_GAP,,WEIGHTED_UNITS_NAIVE_COUNT,PROGRESS_MEASUREMENT_TECHNIQUES,"This states the opposite condition: the two methods are identical only when the completed mix is proportional to (i.e., NOT skewed relative to) the full scope mix; skew is exactly what causes them to diverge, as shown by the 57.1% vs. 42.9% gap.","Naive physical-unit counting treats every item as equally weighted regardless of effort content; when the completed mix is skewed toward lower-effort items, the simple count overstates true (weighted) progress.",Compare a simple item count (57.1% here) against the effort-weighted equivalent-units result (42.9% here) whenever item types differ materially in effort — the direction of distortion depends on which items are disproportionately complete.,,,CCP practice pool (verified) — Distortion from naive physical-unit counting; S&K6 Ch.14 Earned Value Overview,14-31,AUTHORED_PENDING_SPOTCHECK,
14-32,14,NATIVE,14-32,"No credit (0%) until the activity is fully complete, at which point it earns 100% of its budget value","No credit (0%) until the activity is fully complete, at which point it earns 100% of its budget value",yes,SPECIFIC_DIAGNOSIS_VERIFIED,,,,PROGRESS_MEASUREMENT_TECHNIQUES,Correct option; see governing_concept for the rule that makes it correct.,"Under 0/100, an activity earns no credit (0%) until fully complete, at which point it earns 100% of its budget value.","0/100 is a finish-only, binary rule — no partial credit under any circumstance until the activity is complete.",,,CCP practice pool (verified) — 0/100 rule definition; S&K6 Ch.14 Earned Value Overview,14-32,AUTHORED_PENDING_SPOTCHECK,
14-32,14,NATIVE,14-32,50% of its budget value when started and 50% when finished,50% of its budget value when started and 50% when finished,no,SPECIFIC_DIAGNOSIS_VERIFIED,FORMULA_METHOD_SELECTION,,ZERO_HUNDRED_VS_FIFTY_FIFTY,PROGRESS_MEASUREMENT_TECHNIQUES,"50% at start and 50% at finish describes the 50/50 rule, a distinct fixed-credit technique, not 0/100, which withholds all credit until full completion.","Under 0/100, an activity earns no credit (0%) until fully complete, at which point it earns 100% of its budget value.","0/100 is a finish-only, binary rule — no partial credit under any circumstance until the activity is complete.",,,CCP practice pool (verified) — 0/100 rule definition; S&K6 Ch.14 Earned Value Overview,14-32,AUTHORED_PENDING_SPOTCHECK,
14-32,14,NATIVE,14-32,Credit proportional to elapsed duration,Credit proportional to elapsed duration,no,SPECIFIC_DIAGNOSIS_VERIFIED,FORMULA_METHOD_SELECTION,,PROGRESS_METHOD_SELECTION,PROGRESS_MEASUREMENT_TECHNIQUES,"Credit proportional to elapsed duration describes a time-proration method, not 0/100, which is tied to the completion event, not to how much calendar time has passed.","Under 0/100, an activity earns no credit (0%) until fully complete, at which point it earns 100% of its budget value.","0/100 is a finish-only, binary rule — no partial credit under any circumstance until the activity is complete.",,,CCP practice pool (verified) — 0/100 rule definition; S&K6 Ch.14 Earned Value Overview,14-32,AUTHORED_PENDING_SPOTCHECK,
14-32,14,NATIVE,14-32,Credit equal to actual cost incurred divided by budget,Credit equal to actual cost incurred divided by budget,no,SPECIFIC_DIAGNOSIS_VERIFIED,CONCEPT_GAP,,COST_RATIO_VS_PHYSICAL_PROGRESS,PROGRESS_MEASUREMENT_TECHNIQUES,"Credit equal to actual cost incurred divided by budget is a cost-ratio (""percent spent"") measure, a known distortion risk that conflates spending with physical progress — it is not how 0/100 (a physical-progress rule) works.","Under 0/100, an activity earns no credit (0%) until fully complete, at which point it earns 100% of its budget value.","0/100 is a finish-only, binary rule — no partial credit under any circumstance until the activity is complete.",,,CCP practice pool (verified) — 0/100 rule definition; S&K6 Ch.14 Earned Value Overview,14-32,AUTHORED_PENDING_SPOTCHECK,
14-33,14,NATIVE,14-33,"A highly objective, quantity-based method preferred whenever available","A highly objective, quantity-based method preferred whenever available",no,SPECIFIC_DIAGNOSIS_VERIFIED,CONCEPT_GAP,,PROGRESS_METHOD_SELECTION,PROGRESS_MEASUREMENT_TECHNIQUES,"This inverts the technique's standing: Supervisor Opinion is comparatively weak and subjective, not a highly objective, quantity-based method preferred whenever available — those objective methods (units completed, milestones) are preferred over it.","Supervisor Opinion is a judgment-based estimate of physical percent complete, used only when no more objective technique (units completed, milestones, weighted units) is practical, because it is inherently more subjective and prone to individual bias.","Supervisor Opinion is the least objective, lowest-reliability technique in the family, reserved as a fallback — not a preferred or default method.",,,CCP practice pool (verified) — Supervisor Opinion technique description; S&K6 Ch.14 Earned Value Overview,14-33,AUTHORED_PENDING_SPOTCHECK,
14-33,14,NATIVE,14-33,Mathematically identical to the 0/100 rule,Mathematically identical to the 0/100 rule,no,SPECIFIC_DIAGNOSIS_VERIFIED,FORMULA_METHOD_SELECTION,,PROGRESS_METHOD_SELECTION,PROGRESS_MEASUREMENT_TECHNIQUES,Supervisor Opinion (a subjective percent-complete estimate) and the 0/100 rule (a finish-only binary rule) are different techniques with different mechanics; they are not mathematically identical.,"Supervisor Opinion is a judgment-based estimate of physical percent complete, used only when no more objective technique (units completed, milestones, weighted units) is practical, because it is inherently more subjective and prone to individual bias.","Supervisor Opinion is the least objective, lowest-reliability technique in the family, reserved as a fallback — not a preferred or default method.",,,CCP practice pool (verified) — Supervisor Opinion technique description; S&K6 Ch.14 Earned Value Overview,14-33,AUTHORED_PENDING_SPOTCHECK,
14-33,14,NATIVE,14-33,"A judgment-based estimate of physical percent complete provided by a supervisor or foreman, generally used only when no more objective technique (units completed, milestones, weighted units) is practical, because it is inherently more subjective and prone to individual bias or optimism/pessimism","A judgment-based estimate of physical percent complete provided by a supervisor or foreman, generally used only when no more objective technique (units completed, milestones, weighted units) is practical, because it is inherently more subjective and prone to individual bias or optimism/pessimism",yes,SPECIFIC_DIAGNOSIS_VERIFIED,,,,PROGRESS_MEASUREMENT_TECHNIQUES,Correct option; see governing_concept for the rule that makes it correct.,"Supervisor Opinion is a judgment-based estimate of physical percent complete, used only when no more objective technique (units completed, milestones, weighted units) is practical, because it is inherently more subjective and prone to individual bias.","Supervisor Opinion is the least objective, lowest-reliability technique in the family, reserved as a fallback — not a preferred or default method.",,,CCP practice pool (verified) — Supervisor Opinion technique description; S&K6 Ch.14 Earned Value Overview,14-33,AUTHORED_PENDING_SPOTCHECK,
14-33,14,NATIVE,14-33,"Only applicable to engineering design activities, never construction","Only applicable to engineering design activities, never construction",no,GENERAL_WRONG_REASON_VERIFIED,CONCEPT_GAP,,,PROGRESS_MEASUREMENT_TECHNIQUES,"Nothing in the technique's definition restricts it to engineering design activities alone; Supervisor Opinion is a general fallback usable wherever a more objective measure is impractical, including construction.","Supervisor Opinion is a judgment-based estimate of physical percent complete, used only when no more objective technique (units completed, milestones, weighted units) is practical, because it is inherently more subjective and prone to individual bias.","Supervisor Opinion is the least objective, lowest-reliability technique in the family, reserved as a fallback — not a preferred or default method.",,,CCP practice pool (verified) — Supervisor Opinion technique description; S&K6 Ch.14 Earned Value Overview,14-33,AUTHORED_PENDING_SPOTCHECK,
14-34,14,NATIVE,14-34,"USD 105,000","USD 105,000",yes,SPECIFIC_DIAGNOSIS_VERIFIED,,,,PROGRESS_MEASUREMENT_TECHNIQUES,Correct option; see governing_concept for the rule that makes it correct.,"Under strict incremental-milestone crediting, only fully completed discrete milestones earn credit; an in-progress but unfinished milestone earns nothing until it too is complete.","Sum only the weights of milestones that are FULLY complete; an in-progress milestone contributes zero credit, no matter how far along it appears, under the strict (finish-per-milestone) version of the technique.",,,TCM Framework §9.2.2.3 — Incremental Milestone progress measurement,14-34,AUTHORED_PENDING_SPOTCHECK,
14-34,14,NATIVE,14-34,"USD 300,000","USD 300,000",no,SPECIFIC_CALCULATION_PATH_VERIFIED,FORMULA_METHOD_SELECTION,,ZERO_HUNDRED_VS_FIFTY_FIFTY,PROGRESS_MEASUREMENT_TECHNIQUES,"USD 300,000 is the full BAC, crediting the activity as 100% complete; only Detailing and Cutting (35% of scope) are actually finished.","Under strict incremental-milestone crediting, only fully completed discrete milestones earn credit; an in-progress but unfinished milestone earns nothing until it too is complete.","Sum only the weights of milestones that are FULLY complete; an in-progress milestone contributes zero credit, no matter how far along it appears, under the strict (finish-per-milestone) version of the technique.",,"100% x 300,000 = USD 300,000 (wrong: assumes full completion).",TCM Framework §9.2.2.3 — Incremental Milestone progress measurement,14-34,AUTHORED_PENDING_SPOTCHECK,
14-34,14,NATIVE,14-34,"USD 172,500","USD 172,500",no,SPECIFIC_CALCULATION_PATH_VERIFIED,FORMULA_METHOD_SELECTION,CALCULATION_ERROR,INCREMENTAL_MILESTONE_PARTIAL_CREDIT,PROGRESS_MEASUREMENT_TECHNIQUES,"USD 172,500 equals 57.5% x 300,000, consistent with giving Fabrication 50% partial credit toward its 45% weight (35% + 0.5x45% = 57.5%) — this credits an in-progress milestone proportionally, which the strict incremental-milestone rule (credit only on full milestone completion) does not allow.","Under strict incremental-milestone crediting, only fully completed discrete milestones earn credit; an in-progress but unfinished milestone earns nothing until it too is complete.","Sum only the weights of milestones that are FULLY complete; an in-progress milestone contributes zero credit, no matter how far along it appears, under the strict (finish-per-milestone) version of the technique.",,"35% + 0.5 x 45% = 57.5%; 57.5% x 300,000 = USD 172,500 (wrong: partial credit given to the in-progress Fabrication milestone).",TCM Framework §9.2.2.3 — Incremental Milestone progress measurement,14-34,AUTHORED_PENDING_SPOTCHECK,
14-34,14,NATIVE,14-34,USD 0,USD 0,no,SPECIFIC_CALCULATION_PATH_VERIFIED,FORMULA_METHOD_SELECTION,,ZERO_HUNDRED_VS_FIFTY_FIFTY,PROGRESS_MEASUREMENT_TECHNIQUES,"USD 0 would apply if the ENTIRE activity were treated as a single 0/100 (finish-only) unit; but the strict incremental-milestone method still credits milestones that ARE fully complete (Detailing and Cutting), so some credit (35%) is due even though the activity as a whole is unfinished.","Under strict incremental-milestone crediting, only fully completed discrete milestones earn credit; an in-progress but unfinished milestone earns nothing until it too is complete.","Sum only the weights of milestones that are FULLY complete; an in-progress milestone contributes zero credit, no matter how far along it appears, under the strict (finish-per-milestone) version of the technique.",,"0% x 300,000 = USD 0 (wrong: applies whole-activity 0/100 logic instead of crediting the completed sub-milestones).",TCM Framework §9.2.2.3 — Incremental Milestone progress measurement,14-34,AUTHORED_PENDING_SPOTCHECK,
14-35,14,NATIVE,14-35,"Support-type work without a discrete, measurable deliverable, where effort is spread over time (e.g., project management support, safety supervision)","Support-type work without a discrete, measurable deliverable, where effort is spread over time (e.g., project management support, safety supervision)",yes,SPECIFIC_DIAGNOSIS_VERIFIED,,,,PROGRESS_MEASUREMENT_TECHNIQUES,Correct option; see governing_concept for the rule that makes it correct.,"Level of Effort (LOE) is reserved for support-type work without a discrete, measurable deliverable, where effort is spread over time (e.g., project management support, safety supervision).","LOE should be limited to the minimum needed and kept in separate control accounts from discrete, measurable work, because it obscures actual physical progress (EV tracks time, not accomplishment).",,,CCP practice pool (verified) — Level of Effort (LOE) applicability; S&K6 Ch.14 Earned Value Overview,14-35,AUTHORED_PENDING_SPOTCHECK,
14-35,14,NATIVE,14-35,"Discrete, quantifiable work with a clear measurable end product (e.g., cubic meters of concrete placed)","Discrete, quantifiable work with a clear measurable end product (e.g., cubic meters of concrete placed)",no,SPECIFIC_DIAGNOSIS_VERIFIED,FORMULA_METHOD_SELECTION,,PROGRESS_METHOD_SELECTION,PROGRESS_MEASUREMENT_TECHNIQUES,"Discrete, quantifiable work with a clear measurable end product (e.g., cubic meters of concrete) is exactly the case suited to Units Completed, not LOE, which is reserved for work with no discrete deliverable.","Level of Effort (LOE) is reserved for support-type work without a discrete, measurable deliverable, where effort is spread over time (e.g., project management support, safety supervision).","LOE should be limited to the minimum needed and kept in separate control accounts from discrete, measurable work, because it obscures actual physical progress (EV tracks time, not accomplishment).",,,CCP practice pool (verified) — Level of Effort (LOE) applicability; S&K6 Ch.14 Earned Value Overview,14-35,AUTHORED_PENDING_SPOTCHECK,
14-35,14,NATIVE,14-35,Work best measured by counting completed drawings,Work best measured by counting completed drawings,no,SPECIFIC_DIAGNOSIS_VERIFIED,FORMULA_METHOD_SELECTION,,PROGRESS_METHOD_SELECTION,PROGRESS_MEASUREMENT_TECHNIQUES,"Counting completed drawings is a discrete, countable unit measure (a units-completed variant), which is the opposite of LOE's non-discrete, effort-based character.","Level of Effort (LOE) is reserved for support-type work without a discrete, measurable deliverable, where effort is spread over time (e.g., project management support, safety supervision).","LOE should be limited to the minimum needed and kept in separate control accounts from discrete, measurable work, because it obscures actual physical progress (EV tracks time, not accomplishment).",,,CCP practice pool (verified) — Level of Effort (LOE) applicability; S&K6 Ch.14 Earned Value Overview,14-35,AUTHORED_PENDING_SPOTCHECK,
14-35,14,NATIVE,14-35,Work that should always be credited using the 0/100 rule,Work that should always be credited using the 0/100 rule,no,SPECIFIC_DIAGNOSIS_VERIFIED,CONCEPT_GAP,,LOE_EV_CONVENTION,PROGRESS_MEASUREMENT_TECHNIQUES,"This contradicts LOE's own defined convention: LOE earns value by the passage of time relative to the plan (EV tracks PV), not by the finish-only, binary logic of the 0/100 rule.","Level of Effort (LOE) is reserved for support-type work without a discrete, measurable deliverable, where effort is spread over time (e.g., project management support, safety supervision).","LOE should be limited to the minimum needed and kept in separate control accounts from discrete, measurable work, because it obscures actual physical progress (EV tracks time, not accomplishment).",,,CCP practice pool (verified) — Level of Effort (LOE) applicability; S&K6 Ch.14 Earned Value Overview,14-35,AUTHORED_PENDING_SPOTCHECK,
14-36,14,NATIVE,14-36,"Continue with Supervisor Opinion, since changing methods mid-activity is generally discouraged for consistency","Continue with Supervisor Opinion, since changing methods mid-activity is generally discouraged for consistency",no,SPECIFIC_DIAGNOSIS_VERIFIED,CONCEPT_GAP,,PROGRESS_METHOD_SELECTION,PROGRESS_MEASUREMENT_TECHNIQUES,"This contradicts best practice: once a more objective, verifiable measure is available, continuing a subjective technique for ""consistency"" forgoes a real improvement in reliability and auditability.","Progress-measurement technique selection should default to the most objective method the nature of the work supports; once discrete, verifiable completion events can be defined for work previously measured subjectively, best practice is to move to that more objective, auditable technique.","When a discrete, verifiable measure becomes available for work previously tracked subjectively, switch to it (milestones/units/weighted units) rather than continuing with, or crudely adjusting, a subjective estimate.",,,CCP practice pool (verified) — Moving from subjective to objective measurement; S&K6 Ch.14 Earned Value Overview,14-36,AUTHORED_PENDING_SPOTCHECK,
14-36,14,NATIVE,14-36,"Average the supervisor's opinion with an arbitrary fixed percentage to ""correct"" for bias","Average the supervisor's opinion with an arbitrary fixed percentage to ""correct"" for bias",no,SPECIFIC_DIAGNOSIS_VERIFIED,CONCEPT_GAP,,PROGRESS_METHOD_SELECTION,PROGRESS_MEASUREMENT_TECHNIQUES,"Averaging a subjective estimate with an arbitrary fixed percentage is an ad hoc statistical patch, not a recognized progress-measurement correction — it does not address the underlying reliability problem and is not how technique selection works.","Progress-measurement technique selection should default to the most objective method the nature of the work supports; once discrete, verifiable completion events can be defined for work previously measured subjectively, best practice is to move to that more objective, auditable technique.","When a discrete, verifiable measure becomes available for work previously tracked subjectively, switch to it (milestones/units/weighted units) rather than continuing with, or crudely adjusting, a subjective estimate.",,,CCP practice pool (verified) — Moving from subjective to objective measurement; S&K6 Ch.14 Earned Value Overview,14-36,AUTHORED_PENDING_SPOTCHECK,
14-36,14,NATIVE,14-36,"Switch to the LOE technique, since LOE is generally the most objective alternative available","Switch to the LOE technique, since LOE is generally the most objective alternative available",no,SPECIFIC_DIAGNOSIS_VERIFIED,CONCEPT_GAP,CONCEPT_GAP,LOE_EV_CONVENTION,PROGRESS_MEASUREMENT_TECHNIQUES,"LOE is reserved for non-discrete, effort-based support work; it is not ""generally the most objective alternative"" — for work that CAN be broken into discrete, verifiable sub-steps, incremental milestones (or units/weighted units) are the more objective, appropriate choice, not LOE.","Progress-measurement technique selection should default to the most objective method the nature of the work supports; once discrete, verifiable completion events can be defined for work previously measured subjectively, best practice is to move to that more objective, auditable technique.","When a discrete, verifiable measure becomes available for work previously tracked subjectively, switch to it (milestones/units/weighted units) rather than continuing with, or crudely adjusting, a subjective estimate.",,,CCP practice pool (verified) — Moving from subjective to objective measurement; S&K6 Ch.14 Earned Value Overview,14-36,AUTHORED_PENDING_SPOTCHECK,
14-36,14,NATIVE,14-36,"Switch to a more objective technique such as Incremental Milestones (or Units Completed / Weighted Units, if applicable), since a discrete, verifiable measure is available and is inherently more reliable and auditable than subjective judgment","Switch to a more objective technique such as Incremental Milestones (or Units Completed / Weighted Units, if applicable), since a discrete, verifiable measure is available and is inherently more reliable and auditable than subjective judgment",yes,SPECIFIC_DIAGNOSIS_VERIFIED,,,,PROGRESS_MEASUREMENT_TECHNIQUES,Correct option; see governing_concept for the rule that makes it correct.,"Progress-measurement technique selection should default to the most objective method the nature of the work supports; once discrete, verifiable completion events can be defined for work previously measured subjectively, best practice is to move to that more objective, auditable technique.","When a discrete, verifiable measure becomes available for work previously tracked subjectively, switch to it (milestones/units/weighted units) rather than continuing with, or crudely adjusting, a subjective estimate.",,,CCP practice pool (verified) — Moving from subjective to objective measurement; S&K6 Ch.14 Earned Value Overview,14-36,AUTHORED_PENDING_SPOTCHECK,
14-37,14,NATIVE,14-37,Typically applied first to ensure the schedule reflects management's committed date from the outset,Typically applied first to ensure the schedule reflects management's committed date from the outset,no,SPECIFIC_DIAGNOSIS_VERIFIED,CONCEPT_GAP,,SCHEDULE_CONSTRAINT_SEQUENCING,SCHEDULE_DEVELOPMENT,"This directly contradicts the source's guidance that the schedule should initially be run WITHOUT constraints so a true, network-driven completion date can be identified before any management-imposed date is applied.","The schedule should initially be run without imposed constraints to identify the true, network-driven completion date and critical path; mandatory constraints may then be accurately reflected, but constraint use should be rare, since it can prevent calculating a true critical path.","Calculate the unconstrained network first; add only truly mandatory constraints afterward, sparingly, because constraints can mask the real critical path.",,,"S&K6 Ch.14, p.215, PLANNING, SCHEDULING, AND BUDGETING",14-37,AUTHORED_PENDING_SPOTCHECK,
14-37,14,NATIVE,14-37,Have only a minor effect on the calculated critical path in most schedules,Have only a minor effect on the calculated critical path in most schedules,no,SPECIFIC_DIAGNOSIS_VERIFIED,CONCEPT_GAP,,SCHEDULE_CONSTRAINT_SEQUENCING,SCHEDULE_DEVELOPMENT,"The source treats constraint use as something that can prevent calculating a true critical path — a significant effect, not merely a minor one — which is exactly why constraint use should be rare.","The schedule should initially be run without imposed constraints to identify the true, network-driven completion date and critical path; mandatory constraints may then be accurately reflected, but constraint use should be rare, since it can prevent calculating a true critical path.","Calculate the unconstrained network first; add only truly mandatory constraints afterward, sparingly, because constraints can mask the real critical path.",,,"S&K6 Ch.14, p.215, PLANNING, SCHEDULING, AND BUDGETING",14-37,AUTHORED_PENDING_SPOTCHECK,
14-37,14,NATIVE,14-37,Should generally include at least one regulatory-imposed constraint from the outset,Should generally include at least one regulatory-imposed constraint from the outset,no,SPECIFIC_DIAGNOSIS_VERIFIED,CONCEPT_GAP,,SCHEDULE_CONSTRAINT_SEQUENCING,SCHEDULE_DEVELOPMENT,"The source says constraint use ""should be rare""; it does not recommend routinely building in at least one regulatory constraint from the outset.","The schedule should initially be run without imposed constraints to identify the true, network-driven completion date and critical path; mandatory constraints may then be accurately reflected, but constraint use should be rare, since it can prevent calculating a true critical path.","Calculate the unconstrained network first; add only truly mandatory constraints afterward, sparingly, because constraints can mask the real critical path.",,,"S&K6 Ch.14, p.215, PLANNING, SCHEDULING, AND BUDGETING",14-37,AUTHORED_PENDING_SPOTCHECK,
14-37,14,NATIVE,14-37,"The schedule should initially be run without imposed constraints to identify the true network-driven completion date and critical path; mandatory constraints may then be accurately reflected, but constraint use should be rare, since it can prevent calculating a true critical path","The schedule should initially be run without imposed constraints to identify the true network-driven completion date and critical path; mandatory constraints may then be accurately reflected, but constraint use should be rare, since it can prevent calculating a true critical path",yes,SPECIFIC_DIAGNOSIS_VERIFIED,,,,SCHEDULE_DEVELOPMENT,Correct option; see governing_concept for the rule that makes it correct.,"The schedule should initially be run without imposed constraints to identify the true, network-driven completion date and critical path; mandatory constraints may then be accurately reflected, but constraint use should be rare, since it can prevent calculating a true critical path.","Calculate the unconstrained network first; add only truly mandatory constraints afterward, sparingly, because constraints can mask the real critical path.",,,"S&K6 Ch.14, p.215, PLANNING, SCHEDULING, AND BUDGETING",14-37,AUTHORED_PENDING_SPOTCHECK,
14-38,14,NATIVE,14-38,"The Project Organization, and the Matrix Organization","The Project Organization, and the Matrix Organization",no,SPECIFIC_DIAGNOSIS_VERIFIED,CONCEPT_GAP,,ORG_STRUCTURE_LABEL_SWAP,ORG_STRUCTURES,"This reverses the pairing: the first structure described (administratively tied to the functional group while supporting another project) is the Matrix Organization, and the second (definitive start/finish, released by the PM) is the Project Organization — this option swaps the two labels.","In a Matrix Organization, an individual's administrative needs remain with the functional manager while the person is matrixed to support another project; in a Project Organization, individuals are fully assigned to the project team with a definitive start and finish date, returning to their functional home only once released by the project manager.",Administratively-tied-but-supporting-another-project = Matrix; fully-released-with-a-start/finish-date-until-released-by-the-PM = Project Organization.,,,"Ch.14, p.213-214, Organizational Breakdown Structure (OBS)",14-38,AUTHORED_PENDING_SPOTCHECK,
14-38,14,NATIVE,14-38,"The Matrix Organization, and the Project Organization","The Matrix Organization, and the Project Organization",yes,SPECIFIC_DIAGNOSIS_VERIFIED,,,,ORG_STRUCTURES,Correct option; see governing_concept for the rule that makes it correct.,"In a Matrix Organization, an individual's administrative needs remain with the functional manager while the person is matrixed to support another project; in a Project Organization, individuals are fully assigned to the project team with a definitive start and finish date, returning to their functional home only once released by the project manager.",Administratively-tied-but-supporting-another-project = Matrix; fully-released-with-a-start/finish-date-until-released-by-the-PM = Project Organization.,,,"Ch.14, p.213-214, Organizational Breakdown Structure (OBS)",14-38,AUTHORED_PENDING_SPOTCHECK,
14-38,14,NATIVE,14-38,"The Functional Organization, and the Matrix Organization","The Functional Organization, and the Matrix Organization",no,SPECIFIC_DIAGNOSIS_VERIFIED,CONCEPT_GAP,,ORG_STRUCTURE_LABEL_SWAP,ORG_STRUCTURES,"The first structure described is the Matrix Organization, not the Functional Organization; in a purely Functional Organization, staff remain within their function and are not described as being matrixed to support a different project the way the stem describes.","In a Matrix Organization, an individual's administrative needs remain with the functional manager while the person is matrixed to support another project; in a Project Organization, individuals are fully assigned to the project team with a definitive start and finish date, returning to their functional home only once released by the project manager.",Administratively-tied-but-supporting-another-project = Matrix; fully-released-with-a-start/finish-date-until-released-by-the-PM = Project Organization.,,,"Ch.14, p.213-214, Organizational Breakdown Structure (OBS)",14-38,AUTHORED_PENDING_SPOTCHECK,
14-38,14,NATIVE,14-38,"The Project Organization, and the Functional Organization","The Project Organization, and the Functional Organization",no,SPECIFIC_DIAGNOSIS_VERIFIED,CONCEPT_GAP,,ORG_STRUCTURE_LABEL_SWAP,ORG_STRUCTURES,"This pairs both labels incorrectly — the first (administratively-tied) structure is the Matrix Organization and the second (start/finish, released by the PM) is the Project Organization, not the reverse.","In a Matrix Organization, an individual's administrative needs remain with the functional manager while the person is matrixed to support another project; in a Project Organization, individuals are fully assigned to the project team with a definitive start and finish date, returning to their functional home only once released by the project manager.",Administratively-tied-but-supporting-another-project = Matrix; fully-released-with-a-start/finish-date-until-released-by-the-PM = Project Organization.,,,"Ch.14, p.213-214, Organizational Breakdown Structure (OBS)",14-38,AUTHORED_PENDING_SPOTCHECK,
14-39,14,NATIVE,14-39,The Work Breakdown Structure (WBS),The Work Breakdown Structure (WBS),no,SPECIFIC_DIAGNOSIS_VERIFIED,CONCEPT_GAP,,WBS_OBS_CONFUSION,WBS_OBS_CA_STRUCTURE,"The WBS is a product-oriented, top-down scope decomposition, not an organizational listing of responsible/performing organizations.","The OBS reflects the company's organization as integrated with a particular PMO, shown as a hierarchical graphic or tabular listing of responsible/performing organizations including subcontractors.",OBS = organizational hierarchy (who); WBS = scope hierarchy (what); RAM = the OBS-to-WBS cross-reference; CA = the resulting management control point.,,,"Ch.14, p.213, Organizational Breakdown Structure (OBS)",14-39,AUTHORED_PENDING_SPOTCHECK,
14-39,14,NATIVE,14-39,The Responsibility Assignment Matrix (RAM),The Responsibility Assignment Matrix (RAM),no,SPECIFIC_DIAGNOSIS_VERIFIED,CONCEPT_GAP,,WBS_OBS_CONFUSION,WBS_OBS_CA_STRUCTURE,"The RAM is the resource matrix that cross-references the OBS to the WBS at the control-account level; it is derived from the OBS, not itself the organizational hierarchy described in the stem.","The OBS reflects the company's organization as integrated with a particular PMO, shown as a hierarchical graphic or tabular listing of responsible/performing organizations including subcontractors.",OBS = organizational hierarchy (who); WBS = scope hierarchy (what); RAM = the OBS-to-WBS cross-reference; CA = the resulting management control point.,,,"Ch.14, p.213, Organizational Breakdown Structure (OBS)",14-39,AUTHORED_PENDING_SPOTCHECK,
14-39,14,NATIVE,14-39,The Organizational Breakdown Structure (OBS),The Organizational Breakdown Structure (OBS),yes,SPECIFIC_DIAGNOSIS_VERIFIED,,,,WBS_OBS_CA_STRUCTURE,Correct option; see governing_concept for the rule that makes it correct.,"The OBS reflects the company's organization as integrated with a particular PMO, shown as a hierarchical graphic or tabular listing of responsible/performing organizations including subcontractors.",OBS = organizational hierarchy (who); WBS = scope hierarchy (what); RAM = the OBS-to-WBS cross-reference; CA = the resulting management control point.,,,"Ch.14, p.213, Organizational Breakdown Structure (OBS)",14-39,AUTHORED_PENDING_SPOTCHECK,
14-39,14,NATIVE,14-39,The Control Account (CA),The Control Account (CA),no,SPECIFIC_DIAGNOSIS_VERIFIED,CONCEPT_GAP,,WBS_OBS_CONFUSION,WBS_OBS_CA_STRUCTURE,The CA is a management control point formed where the OBS and WBS intersect; it is not itself the hierarchical listing of the company's responsible/performing organizations.,"The OBS reflects the company's organization as integrated with a particular PMO, shown as a hierarchical graphic or tabular listing of responsible/performing organizations including subcontractors.",OBS = organizational hierarchy (who); WBS = scope hierarchy (what); RAM = the OBS-to-WBS cross-reference; CA = the resulting management control point.,,,"Ch.14, p.213, Organizational Breakdown Structure (OBS)",14-39,AUTHORED_PENDING_SPOTCHECK,
14-40,14,NATIVE,14-40,Use schedule milestone completion without assigning budgeted value because labor hours cannot support earned-value measurement,Use schedule milestone completion without assigning budgeted value because labor hours cannot support earned-value measurement,no,SPECIFIC_DIAGNOSIS_VERIFIED,CONCEPT_GAP,,EVMS_APPLICATION,EVMS_APPLICATION,"This contradicts the source's conclusion: when steps have dates, percentage weighting, and hours, an EV system IS viable — the correct response is to build value into those steps, not to abandon budgeted value and fall back on milestone completion alone.","Even when a group's work is normally tracked in hours, if its execution steps have defined dates, percentage weighting, and hour values, an Earned Value system that assigns value to those defined steps provides a consistent basis for measuring performance.","Hours-based tracking is not, by itself, a barrier to earned value — once steps have dates, weights, and hours, an EV system can be built on them.",,,"S&K6 Ch.14, p.219, CONCLUSION",14-40,AUTHORED_PENDING_SPOTCHECK,
14-40,14,NATIVE,14-40,"An Earned Value (EV) system that assigns value to the defined steps, providing a consistent basis for measuring performance","An Earned Value (EV) system that assigns value to the defined steps, providing a consistent basis for measuring performance",yes,SPECIFIC_DIAGNOSIS_VERIFIED,,,,EVMS_APPLICATION,Correct option; see governing_concept for the rule that makes it correct.,"Even when a group's work is normally tracked in hours, if its execution steps have defined dates, percentage weighting, and hour values, an Earned Value system that assigns value to those defined steps provides a consistent basis for measuring performance.","Hours-based tracking is not, by itself, a barrier to earned value — once steps have dates, weights, and hours, an EV system can be built on them.",,,"S&K6 Ch.14, p.219, CONCLUSION",14-40,AUTHORED_PENDING_SPOTCHECK,
14-40,14,NATIVE,14-40,A Responsibility Assignment Matrix (RAM) used in place of any earned value calculation,A Responsibility Assignment Matrix (RAM) used in place of any earned value calculation,no,SPECIFIC_DIAGNOSIS_VERIFIED,CONCEPT_GAP,,WBS_OBS_CONFUSION,EVMS_APPLICATION,"The RAM is an organizational cross-reference tool (responsibility assignment), not a substitute for performance measurement; it does not replace earned value calculation.","Even when a group's work is normally tracked in hours, if its execution steps have defined dates, percentage weighting, and hour values, an Earned Value system that assigns value to those defined steps provides a consistent basis for measuring performance.","Hours-based tracking is not, by itself, a barrier to earned value — once steps have dates, weights, and hours, an EV system can be built on them.",,,"S&K6 Ch.14, p.219, CONCLUSION",14-40,AUTHORED_PENDING_SPOTCHECK,
14-40,14,NATIVE,14-40,An Integrated Baseline Review (IBR) conducted in place of routine performance measurement,An Integrated Baseline Review (IBR) conducted in place of routine performance measurement,no,SPECIFIC_DIAGNOSIS_VERIFIED,CONCEPT_GAP,,EVMS_APPLICATION,EVMS_APPLICATION,"An IBR is a periodic review of the baseline's technical content and assumptions, not a routine performance-measurement mechanism; it does not substitute for an ongoing EV system.","Even when a group's work is normally tracked in hours, if its execution steps have defined dates, percentage weighting, and hour values, an Earned Value system that assigns value to those defined steps provides a consistent basis for measuring performance.","Hours-based tracking is not, by itself, a barrier to earned value — once steps have dates, weights, and hours, an EV system can be built on them.",,,"S&K6 Ch.14, p.219, CONCLUSION",14-40,AUTHORED_PENDING_SPOTCHECK,
14-41,14,NATIVE,14-41,Within six months,Within six months,yes,SPECIFIC_DIAGNOSIS_VERIFIED,,,,IBR,Correct option; see governing_concept for the rule that makes it correct.,General guidance: IBRs should be conducted within six months of contract award and continue based on changes to the performance measurement baseline.,"Memorize the specific window: six months of contract award, not six weeks, six years, or tied to waiting for the first performance review.",,,"S&K6 Ch.14, p.219, Integrated Baseline Reviews (IBR)",14-41,AUTHORED_PENDING_SPOTCHECK,
14-41,14,NATIVE,14-41,Within six weeks,Within six weeks,no,SPECIFIC_DIAGNOSIS_VERIFIED,CONCEPT_GAP,,IBR_TIMING,IBR,"This understates the source's stated window; the general guidance is six months of contract award, not six weeks.",General guidance: IBRs should be conducted within six months of contract award and continue based on changes to the performance measurement baseline.,"Memorize the specific window: six months of contract award, not six weeks, six years, or tied to waiting for the first performance review.",,,"S&K6 Ch.14, p.219, Integrated Baseline Reviews (IBR)",14-41,AUTHORED_PENDING_SPOTCHECK,
14-41,14,NATIVE,14-41,Within six years,Within six years,no,SPECIFIC_DIAGNOSIS_VERIFIED,CONCEPT_GAP,,IBR_TIMING,IBR,"This drastically overstates the source's stated window; the general guidance is six months of contract award, not six years.",General guidance: IBRs should be conducted within six months of contract award and continue based on changes to the performance measurement baseline.,"Memorize the specific window: six months of contract award, not six weeks, six years, or tied to waiting for the first performance review.",,,"S&K6 Ch.14, p.219, Integrated Baseline Reviews (IBR)",14-41,AUTHORED_PENDING_SPOTCHECK,
14-41,14,NATIVE,14-41,"After the first major performance review, once enough actual data exists to validate the baseline","After the first major performance review, once enough actual data exists to validate the baseline",no,SPECIFIC_DIAGNOSIS_VERIFIED,CONCEPT_GAP,,IBR_TIMING,IBR,"The source ties IBR timing to contract award (within six months), not to waiting for enough actual performance data to accumulate through a first major review.",General guidance: IBRs should be conducted within six months of contract award and continue based on changes to the performance measurement baseline.,"Memorize the specific window: six months of contract award, not six weeks, six years, or tied to waiting for the first performance review.",,,"S&K6 Ch.14, p.219, Integrated Baseline Reviews (IBR)",14-41,AUTHORED_PENDING_SPOTCHECK,
14-42,14,NATIVE,14-42,"$800,000","$800,000",no,SPECIFIC_CALCULATION_PATH_VERIFIED,CALCULATION_ERROR,,EVM_FORMULAS,EVM_FORMULAS,This uses the full total budget (100%) rather than applying the stated 18% planned monthly progress.,BCWS(month) = Total Budget x Planned Monthly Progress %.,"Multiply the TOTAL budget by the stated period percentage, keeping the percentage as a decimal (18% = 0.18) — do not use a different total budget and do not misplace the decimal.",,"$800,000 x 100% = $800,000 (wrong: ignores the 18% monthly planned-progress factor).","S&K6 Ch.19, Eq.19.11 — Planned/Scheduled Value (PV/BCWS = scheduled percent complete × budget)",14-42,AUTHORED_PENDING_SPOTCHECK,
14-42,14,NATIVE,14-42,"$14,400","$14,400",no,SPECIFIC_CALCULATION_PATH_VERIFIED,CALCULATION_ERROR,,EVM_FORMULAS,EVM_FORMULAS,"This is off by a factor of 10 from the correct $144,000, consistent with a decimal-point slip (using 1.8% instead of 18%).",BCWS(month) = Total Budget x Planned Monthly Progress %.,"Multiply the TOTAL budget by the stated period percentage, keeping the percentage as a decimal (18% = 0.18) — do not use a different total budget and do not misplace the decimal.",,"$800,000 x 0.018 = $14,400 (wrong: decimal misplaced, 1.8% instead of 18%).","S&K6 Ch.19, Eq.19.11 — Planned/Scheduled Value (PV/BCWS = scheduled percent complete × budget)",14-42,AUTHORED_PENDING_SPOTCHECK,
14-42,14,NATIVE,14-42,"$144,000","$144,000",yes,SPECIFIC_DIAGNOSIS_VERIFIED,,,,EVM_FORMULAS,Correct option; see governing_concept for the rule that makes it correct.,BCWS(month) = Total Budget x Planned Monthly Progress %.,"Multiply the TOTAL budget by the stated period percentage, keeping the percentage as a decimal (18% = 0.18) — do not use a different total budget and do not misplace the decimal.",,,"S&K6 Ch.19, Eq.19.11 — Planned/Scheduled Value (PV/BCWS = scheduled percent complete × budget)",14-42,AUTHORED_PENDING_SPOTCHECK,
14-42,14,NATIVE,14-42,"$180,000","$180,000",no,SPECIFIC_CALCULATION_PATH_VERIFIED,CALCULATION_ERROR,,EVM_FORMULAS,EVM_FORMULAS,"This equals 18% applied to a $1,000,000 base rather than the $800,000 total budget actually stated in this item.",BCWS(month) = Total Budget x Planned Monthly Progress %.,"Multiply the TOTAL budget by the stated period percentage, keeping the percentage as a decimal (18% = 0.18) — do not use a different total budget and do not misplace the decimal.",,"$1,000,000 x 0.18 = $180,000 (wrong total-budget base: $1,000,000 instead of the stated $800,000).","S&K6 Ch.19, Eq.19.11 — Planned/Scheduled Value (PV/BCWS = scheduled percent complete × budget)",14-42,AUTHORED_PENDING_SPOTCHECK,
14-43,14,NATIVE,14-43,"$250,000","$250,000",no,SPECIFIC_CALCULATION_PATH_VERIFIED,CALCULATION_ERROR,,EVM_FORMULAS,EVM_FORMULAS,"This applies only Month 3's 25% planned progress, omitting Months 1 and 2 (10% and 20%), so it is not a CUMULATIVE figure through Month 3.",Cumulative BCWS = Budget x sum of the monthly planned percentages through the period in question.,"Sum ALL of the monthly planned percentages up through the target month before multiplying by the total budget — do not use only the last month's percentage, and do not use the full budget outright.",,"$1,000,000 x 0.25 = $250,000 (wrong: uses only Month 3's percentage, not the cumulative 10%+20%+25%).","S&K6 Ch.19, Eq.19.11 — cumulative Planned/Scheduled Value derived from cumulative scheduled percent complete",14-43,AUTHORED_PENDING_SPOTCHECK,
14-43,14,NATIVE,14-43,"$550,000","$550,000",yes,SPECIFIC_DIAGNOSIS_VERIFIED,,,,EVM_FORMULAS,Correct option; see governing_concept for the rule that makes it correct.,Cumulative BCWS = Budget x sum of the monthly planned percentages through the period in question.,"Sum ALL of the monthly planned percentages up through the target month before multiplying by the total budget — do not use only the last month's percentage, and do not use the full budget outright.",,,"S&K6 Ch.19, Eq.19.11 — cumulative Planned/Scheduled Value derived from cumulative scheduled percent complete",14-43,AUTHORED_PENDING_SPOTCHECK,
14-43,14,NATIVE,14-43,"$1,000,000","$1,000,000",no,SPECIFIC_CALCULATION_PATH_VERIFIED,CALCULATION_ERROR,,EVM_FORMULAS,EVM_FORMULAS,"This is the full total budget (100%), i.e., treats the project as though fully planned/complete through Month 3, rather than applying the cumulative 55% planned through that month.",Cumulative BCWS = Budget x sum of the monthly planned percentages through the period in question.,"Sum ALL of the monthly planned percentages up through the target month before multiplying by the total budget — do not use only the last month's percentage, and do not use the full budget outright.",,"$1,000,000 x 100% = $1,000,000 (wrong: ignores that only 55% is cumulatively planned through Month 3).","S&K6 Ch.19, Eq.19.11 — cumulative Planned/Scheduled Value derived from cumulative scheduled percent complete",14-43,AUTHORED_PENDING_SPOTCHECK,
14-43,14,NATIVE,14-43,"$450,000","$450,000",no,SPECIFIC_CALCULATION_PATH_VERIFIED,CALCULATION_ERROR,,EVM_FORMULAS,EVM_FORMULAS,"This equals Budget minus the correct cumulative BCWS (1,000,000 - 550,000 = 450,000) — the REMAINING planned budget rather than the cumulative planned-to-date value the question asks for.",Cumulative BCWS = Budget x sum of the monthly planned percentages through the period in question.,"Sum ALL of the monthly planned percentages up through the target month before multiplying by the total budget — do not use only the last month's percentage, and do not use the full budget outright.",,"$1,000,000 - $550,000 = $450,000 (wrong: computes the remaining budget, i.e., the complement of 55%, instead of the cumulative BCWS itself).","S&K6 Ch.19, Eq.19.11 — cumulative Planned/Scheduled Value derived from cumulative scheduled percent complete",14-43,AUTHORED_PENDING_SPOTCHECK,
14-44,14,NATIVE,14-44,25%,25%,no,SPECIFIC_CALCULATION_PATH_VERIFIED,CALCULATION_ERROR,,INCREMENTAL_MILESTONE_PARTIAL_CREDIT,PROGRESS_MEASUREMENT_TECHNIQUES,"This credits only the first completed step (Set Equipment, 25%) and omits Electrical (15%), which the stem states is also complete.",Cumulative Earned % under incremental phasing = sum of the percentages assigned to each COMPLETED step; a step not yet begun contributes nothing.,"Sum only the weights of steps that are actually complete as of the status point described — no more, no less.",,Set Equipment (25%) only = 25% (wrong: omits the completed Electrical step).,TCM Framework §9.2.2.3 — Incremental Milestone progress measurement; cumulative earned percentage from completed milestone weights,14-44,AUTHORED_PENDING_SPOTCHECK,
14-44,14,NATIVE,14-44,15%,15%,no,SPECIFIC_CALCULATION_PATH_VERIFIED,CALCULATION_ERROR,,INCREMENTAL_MILESTONE_PARTIAL_CREDIT,PROGRESS_MEASUREMENT_TECHNIQUES,"This credits only the second completed step (Electrical, 15%) and drops Set Equipment (25%), which the stem also states is complete.",Cumulative Earned % under incremental phasing = sum of the percentages assigned to each COMPLETED step; a step not yet begun contributes nothing.,"Sum only the weights of steps that are actually complete as of the status point described — no more, no less.",,Electrical (15%) only = 15% (wrong: omits the completed Set Equipment step).,TCM Framework §9.2.2.3 — Incremental Milestone progress measurement; cumulative earned percentage from completed milestone weights,14-44,AUTHORED_PENDING_SPOTCHECK,
14-44,14,NATIVE,14-44,65%,65%,no,SPECIFIC_CALCULATION_PATH_VERIFIED,CALCULATION_ERROR,,INCREMENTAL_MILESTONE_PARTIAL_CREDIT,PROGRESS_MEASUREMENT_TECHNIQUES,"This adds Instrumentation's 25% weight even though the stem specifically states the reading is taken BEFORE Instrumentation begins, so that step has not yet earned any credit.",Cumulative Earned % under incremental phasing = sum of the percentages assigned to each COMPLETED step; a step not yet begun contributes nothing.,"Sum only the weights of steps that are actually complete as of the status point described — no more, no less.",,25%+15%+25% = 65% (wrong: includes the Instrumentation step's weight before it has begun).,TCM Framework §9.2.2.3 — Incremental Milestone progress measurement; cumulative earned percentage from completed milestone weights,14-44,AUTHORED_PENDING_SPOTCHECK,
14-44,14,NATIVE,14-44,40%,40%,yes,SPECIFIC_DIAGNOSIS_VERIFIED,,,,PROGRESS_MEASUREMENT_TECHNIQUES,Correct option; see governing_concept for the rule that makes it correct.,Cumulative Earned % under incremental phasing = sum of the percentages assigned to each COMPLETED step; a step not yet begun contributes nothing.,"Sum only the weights of steps that are actually complete as of the status point described — no more, no less.",,,TCM Framework §9.2.2.3 — Incremental Milestone progress measurement; cumulative earned percentage from completed milestone weights,14-44,AUTHORED_PENDING_SPOTCHECK,
14-45,14,NATIVE,14-45,"$200,000","$200,000",yes,SPECIFIC_DIAGNOSIS_VERIFIED,,,,EVM_FORMULAS,Correct option; see governing_concept for the rule that makes it correct.,EV = Budget x % Complete.,"Multiply the total control-account budget by the decimal percent complete (40% = 0.40) — do not use the full budget outright, treat the percentage figure as if it were already a dollar amount, or use the complement percentage.",,,"S&K6 Ch.19, Eq.19.2 — Earned Value (EV/BCWP = percent complete × budget)",14-45,AUTHORED_PENDING_SPOTCHECK,
14-45,14,NATIVE,14-45,"$500,000","$500,000",no,SPECIFIC_CALCULATION_PATH_VERIFIED,CALCULATION_ERROR,,EVM_FORMULAS,EVM_FORMULAS,This uses the full budget (100%) rather than applying the stated 40% complete.,EV = Budget x % Complete.,"Multiply the total control-account budget by the decimal percent complete (40% = 0.40) — do not use the full budget outright, treat the percentage figure as if it were already a dollar amount, or use the complement percentage.",,"$500,000 x 100% = $500,000 (wrong: ignores the 40% complete factor).","S&K6 Ch.19, Eq.19.2 — Earned Value (EV/BCWP = percent complete × budget)",14-45,AUTHORED_PENDING_SPOTCHECK,
14-45,14,NATIVE,14-45,"$40,000","$40,000",no,SPECIFIC_CALCULATION_PATH_VERIFIED,CALCULATION_ERROR,,EVM_FORMULAS,EVM_FORMULAS,"This is consistent with treating the ""40"" in ""40% complete"" as if it were already a dollar figure (scaled to $40,000) rather than correctly applying it as a 0.40 multiplier against the $500,000 budget.",EV = Budget x % Complete.,"Multiply the total control-account budget by the decimal percent complete (40% = 0.40) — do not use the full budget outright, treat the percentage figure as if it were already a dollar amount, or use the complement percentage.",,"Percent figure mistaken for a dollar amount: ""40%"" read as $40,000 (wrong: decimal/scale error, not $500,000 x 0.40).","S&K6 Ch.19, Eq.19.2 — Earned Value (EV/BCWP = percent complete × budget)",14-45,AUTHORED_PENDING_SPOTCHECK,
14-45,14,NATIVE,14-45,"$300,000","$300,000",no,SPECIFIC_CALCULATION_PATH_VERIFIED,CALCULATION_ERROR,,EVM_FORMULAS,EVM_FORMULAS,This applies the complement of the stated percent complete (60% = 1-0.40) instead of the 40% actually given.,EV = Budget x % Complete.,"Multiply the total control-account budget by the decimal percent complete (40% = 0.40) — do not use the full budget outright, treat the percentage figure as if it were already a dollar amount, or use the complement percentage.",,"$500,000 x 0.60 = $300,000 (wrong: uses the remaining/complement percentage instead of the given 40% complete).","S&K6 Ch.19, Eq.19.2 — Earned Value (EV/BCWP = percent complete × budget)",14-45,AUTHORED_PENDING_SPOTCHECK,
BP522-2_G-1,14,NATIVE,BP522-2_G-1,Report the indices without interpretation and leave the management conclusion unstated.,Report the indices without interpretation and leave the management conclusion unstated.,no,SPECIFIC_DIAGNOSIS_VERIFIED,CONCEPT_GAP,,,KPI_COMMUNICATION,"Blueprint responsibility 2.G requires communicating and interpreting the KPIs, not merely reporting the raw numbers and leaving management's conclusion unstated.","CPI = EV/AC; SPI = EV/PV. Each index is judged against the 1.0 threshold independently: CPI=0.82<1 is unfavorable cost efficiency, SPI=1.06>1 is favorable schedule performance. Blueprint 2.G requires communicating both, with drivers.","Never read ""positive number"" as ""favorable"" for CPI/SPI — favorable/unfavorable is set by position relative to 1.0, not by the sign of the ratio (a ratio is always positive).",,,Current CCP Candidate Handbook (May 2026 Blueprint) 2.G; S&K6 Ch.14,BP522-2_G-1,AUTHORED_PENDING_SPOTCHECK,
BP522-2_G-1,14,NATIVE,BP522-2_G-1,"Communicate that cost efficiency is unfavorable while schedule performance is favorable, then explain the important drivers.","Communicate that cost efficiency is unfavorable while schedule performance is favorable, then explain the important drivers.",yes,SPECIFIC_DIAGNOSIS_VERIFIED,,,,KPI_COMMUNICATION,Correct option; see governing_concept for the rule that makes it correct.,"CPI = EV/AC; SPI = EV/PV. Each index is judged against the 1.0 threshold independently: CPI=0.82<1 is unfavorable cost efficiency, SPI=1.06>1 is favorable schedule performance. Blueprint 2.G requires communicating both, with drivers.","Never read ""positive number"" as ""favorable"" for CPI/SPI — favorable/unfavorable is set by position relative to 1.0, not by the sign of the ratio (a ratio is always positive).",,,Current CCP Candidate Handbook (May 2026 Blueprint) 2.G; S&K6 Ch.14,BP522-2_G-1,AUTHORED_PENDING_SPOTCHECK,
BP522-2_G-1,14,NATIVE,BP522-2_G-1,State that both cost and schedule performance are favorable because both indices are positive values.,State that both cost and schedule performance are favorable because both indices are positive values.,no,SPECIFIC_DIAGNOSIS_VERIFIED,CONCEPT_GAP,CONCEPT_GAP,CPI_DIRECTION,KPI_COMMUNICATION,"Both indices being positive numbers is not the relevant test; CPI=0.82 is below 1.0 (unfavorable cost) even though SPI=1.06 is above 1.0 (favorable schedule) — this option misapplies a "">0"" threshold instead of the correct "">1.0"" threshold.","CPI = EV/AC; SPI = EV/PV. Each index is judged against the 1.0 threshold independently: CPI=0.82<1 is unfavorable cost efficiency, SPI=1.06>1 is favorable schedule performance. Blueprint 2.G requires communicating both, with drivers.","Never read ""positive number"" as ""favorable"" for CPI/SPI — favorable/unfavorable is set by position relative to 1.0, not by the sign of the ratio (a ratio is always positive).",,,Current CCP Candidate Handbook (May 2026 Blueprint) 2.G; S&K6 Ch.14,BP522-2_G-1,AUTHORED_PENDING_SPOTCHECK,
BP522-2_G-1,14,NATIVE,BP522-2_G-1,State that CPI below 1.00 indicates the project is spending less than budget for the work achieved.,State that CPI below 1.00 indicates the project is spending less than budget for the work achieved.,no,SPECIFIC_DIAGNOSIS_VERIFIED,CONCEPT_GAP,,CPI_DIRECTION,KPI_COMMUNICATION,"CPI below 1.00 means the project is spending MORE than the value of work achieved (over budget), not less — this option inverts the direction of CPI.","CPI = EV/AC; SPI = EV/PV. Each index is judged against the 1.0 threshold independently: CPI=0.82<1 is unfavorable cost efficiency, SPI=1.06>1 is favorable schedule performance. Blueprint 2.G requires communicating both, with drivers.","Never read ""positive number"" as ""favorable"" for CPI/SPI — favorable/unfavorable is set by position relative to 1.0, not by the sign of the ratio (a ratio is always positive).",,,Current CCP Candidate Handbook (May 2026 Blueprint) 2.G; S&K6 Ch.14,BP522-2_G-1,AUTHORED_PENDING_SPOTCHECK,
BP522-2_G-2,14,NATIVE,BP522-2_G-2,"Explain that the productivity trend is a leading warning signal, connect it to forecast cost risk, and identify the driver requiring management attention.","Explain that the productivity trend is a leading warning signal, connect it to forecast cost risk, and identify the driver requiring management attention.",yes,SPECIFIC_DIAGNOSIS_VERIFIED,,,,KPI_COMMUNICATION,Correct option; see governing_concept for the rule that makes it correct.,"A deteriorating productivity trend is a leading indicator; even if cumulative cost variance has not yet become material, the trend should be communicated, tied to forecast cost risk, and its drivers identified so action can be taken before the cumulative variance grows.",Leading indicators (productivity trend) can signal problems before lagging indicators (cumulative CV) show them — do not wait for cumulative variance to become material before acting on a clear trend.,,,Current CCP Candidate Handbook (May 2026 Blueprint) 2.G; S&K6 Ch.14,BP522-2_G-2,AUTHORED_PENDING_SPOTCHECK,
BP522-2_G-2,14,NATIVE,BP522-2_G-2,Dismiss the productivity KPI because cumulative cost variance has not become material yet.,Dismiss the productivity KPI because cumulative cost variance has not become material yet.,no,SPECIFIC_DIAGNOSIS_VERIFIED,CONCEPT_GAP,,TREND_ANALYSIS,KPI_COMMUNICATION,"Dismissing a four-period deteriorating trend because cumulative CV is still small ignores the entire purpose of trend analysis as an early-warning tool — by the time cumulative CV becomes material, the opportunity for early corrective action may be lost.","A deteriorating productivity trend is a leading indicator; even if cumulative cost variance has not yet become material, the trend should be communicated, tied to forecast cost risk, and its drivers identified so action can be taken before the cumulative variance grows.",Leading indicators (productivity trend) can signal problems before lagging indicators (cumulative CV) show them — do not wait for cumulative variance to become material before acting on a clear trend.,,,Current CCP Candidate Handbook (May 2026 Blueprint) 2.G; S&K6 Ch.14,BP522-2_G-2,AUTHORED_PENDING_SPOTCHECK,
BP522-2_G-2,14,NATIVE,BP522-2_G-2,Report the productivity ratio as an isolated statistic without linking it to forecast consequences.,Report the productivity ratio as an isolated statistic without linking it to forecast consequences.,no,SPECIFIC_DIAGNOSIS_VERIFIED,CONCEPT_GAP,,,KPI_COMMUNICATION,"Reporting the ratio as an isolated statistic omits the required linkage to forecast consequences, which is what makes a KPI report useful for decision-making rather than just descriptive.","A deteriorating productivity trend is a leading indicator; even if cumulative cost variance has not yet become material, the trend should be communicated, tied to forecast cost risk, and its drivers identified so action can be taken before the cumulative variance grows.",Leading indicators (productivity trend) can signal problems before lagging indicators (cumulative CV) show them — do not wait for cumulative variance to become material before acting on a clear trend.,,,Current CCP Candidate Handbook (May 2026 Blueprint) 2.G; S&K6 Ch.14,BP522-2_G-2,AUTHORED_PENDING_SPOTCHECK,
BP522-2_G-2,14,NATIVE,BP522-2_G-2,Reset the productivity target to the current trend so the KPI returns to an acceptable range.,Reset the productivity target to the current trend so the KPI returns to an acceptable range.,no,SPECIFIC_DIAGNOSIS_VERIFIED,CONCEPT_GAP,,PMB_BASELINE_INTEGRITY,KPI_COMMUNICATION,Resetting the productivity target to match the current (deteriorated) trend masks the unfavorable performance by changing the yardstick rather than addressing or even reporting the underlying problem — a baseline/target-integrity violation.,"A deteriorating productivity trend is a leading indicator; even if cumulative cost variance has not yet become material, the trend should be communicated, tied to forecast cost risk, and its drivers identified so action can be taken before the cumulative variance grows.",Leading indicators (productivity trend) can signal problems before lagging indicators (cumulative CV) show them — do not wait for cumulative variance to become material before acting on a clear trend.,,,Current CCP Candidate Handbook (May 2026 Blueprint) 2.G; S&K6 Ch.14,BP522-2_G-2,AUTHORED_PENDING_SPOTCHECK,
BP522-2_G-3,14,NATIVE,BP522-2_G-3,Conclude that low physical progress proves the procurement spending is inefficient.,Conclude that low physical progress proves the procurement spending is inefficient.,no,SPECIFIC_DIAGNOSIS_VERIFIED,CONCEPT_GAP,,CASH_VS_EARNED_VALUE,KPI_COMMUNICATION,"Flat physical progress alone does not prove the procurement spending is inefficient; during a procurement period, cash can accelerate for reasons unrelated to inefficiency (e.g., vendor payment terms), so this conclusion overreaches from limited information.","Cash expenditure (a funding/disbursement timing measure) is distinct from earned value (a measure of completed, verified physical work); procurement-heavy periods commonly show accelerating cash with flat physical progress as a normal timing pattern, which must be evaluated for whether it is expected or requires action.","Cash outflow is not earned value merely because both are expressed in currency — always determine whether a cash/progress mismatch reflects normal procurement timing (e.g., advance/progress payments) before concluding it reflects a performance problem.",,,Current CCP Candidate Handbook (May 2026 Blueprint) 2.G; S&K6 Ch.14,BP522-2_G-3,AUTHORED_PENDING_SPOTCHECK,
BP522-2_G-3,14,NATIVE,BP522-2_G-3,Treat cash expenditure as earned value because both are expressed in monetary units.,Treat cash expenditure as earned value because both are expressed in monetary units.,no,SPECIFIC_DIAGNOSIS_VERIFIED,CONCEPT_GAP,,PV_EV_AC_CONFUSION,KPI_COMMUNICATION,"Cash expenditure is actual cost/disbursement, not earned value; being expressed in the same monetary units does not make the two interchangeable — earned value must reflect verified physical accomplishment, which cash outflow does not measure.","Cash expenditure (a funding/disbursement timing measure) is distinct from earned value (a measure of completed, verified physical work); procurement-heavy periods commonly show accelerating cash with flat physical progress as a normal timing pattern, which must be evaluated for whether it is expected or requires action.","Cash outflow is not earned value merely because both are expressed in currency — always determine whether a cash/progress mismatch reflects normal procurement timing (e.g., advance/progress payments) before concluding it reflects a performance problem.",,,Current CCP Candidate Handbook (May 2026 Blueprint) 2.G; S&K6 Ch.14,BP522-2_G-3,AUTHORED_PENDING_SPOTCHECK,
BP522-2_G-3,14,NATIVE,BP522-2_G-3,Compare cash outflow with the final budget total without considering procurement timing.,Compare cash outflow with the final budget total without considering procurement timing.,no,SPECIFIC_DIAGNOSIS_VERIFIED,CONCEPT_GAP,,BAC_VS_EAC,KPI_COMMUNICATION,"Comparing cash outflow to the final budget total (BAC) without considering timing ignores that both cash and budget are time-phased quantities; a naive AC-to-BAC comparison at an interim date, without accounting for procurement timing, misrepresents status.","Cash expenditure (a funding/disbursement timing measure) is distinct from earned value (a measure of completed, verified physical work); procurement-heavy periods commonly show accelerating cash with flat physical progress as a normal timing pattern, which must be evaluated for whether it is expected or requires action.","Cash outflow is not earned value merely because both are expressed in currency — always determine whether a cash/progress mismatch reflects normal procurement timing (e.g., advance/progress payments) before concluding it reflects a performance problem.",,,Current CCP Candidate Handbook (May 2026 Blueprint) 2.G; S&K6 Ch.14,BP522-2_G-3,AUTHORED_PENDING_SPOTCHECK,
BP522-2_G-3,14,NATIVE,BP522-2_G-3,"Distinguish cash timing from physical progress, then determine whether the mismatch is expected or needs action.","Distinguish cash timing from physical progress, then determine whether the mismatch is expected or needs action.",yes,SPECIFIC_DIAGNOSIS_VERIFIED,,,,KPI_COMMUNICATION,Correct option; see governing_concept for the rule that makes it correct.,"Cash expenditure (a funding/disbursement timing measure) is distinct from earned value (a measure of completed, verified physical work); procurement-heavy periods commonly show accelerating cash with flat physical progress as a normal timing pattern, which must be evaluated for whether it is expected or requires action.","Cash outflow is not earned value merely because both are expressed in currency — always determine whether a cash/progress mismatch reflects normal procurement timing (e.g., advance/progress payments) before concluding it reflects a performance problem.",,,Current CCP Candidate Handbook (May 2026 Blueprint) 2.G; S&K6 Ch.14,BP522-2_G-3,AUTHORED_PENDING_SPOTCHECK,
BP522-3_C-1,14,NATIVE,BP522-3_C-1,Report the unfavorable cost performance and quantify the variance or efficiency before explaining drivers and forecast implications.,Report the unfavorable cost performance and quantify the variance or efficiency before explaining drivers and forecast implications.,yes,SPECIFIC_DIAGNOSIS_VERIFIED,,,,COST_PERFORMANCE_REPORTING,Correct option; see governing_concept for the rule that makes it correct.,"Cost performance is governed by EV versus AC (CV = EV-AC, CPI = EV/AC); with EV=$4.2M and AC=$5.0M, CV is negative (unfavorable) and should be quantified and explained.","Always compare EV to AC to establish cost performance — AC alone, or AC compared to something other than EV, does not establish whether cost performance is favorable or unfavorable.",,,Current CCP Candidate Handbook (May 2026 Blueprint) 3.C; S&K6 Ch.14,BP522-3_C-1,AUTHORED_PENDING_SPOTCHECK,
BP522-3_C-1,14,NATIVE,BP522-3_C-1,Report favorable performance because actual spending is greater than earned value.,Report favorable performance because actual spending is greater than earned value.,no,SPECIFIC_DIAGNOSIS_VERIFIED,CONCEPT_GAP,,CV_SIGN,COST_PERFORMANCE_REPORTING,"AC ($5.0M) exceeding EV ($4.2M) means the work performed cost more than its earned value — that is unfavorable cost performance (negative CV), not favorable; this option inverts the sign relationship.","Cost performance is governed by EV versus AC (CV = EV-AC, CPI = EV/AC); with EV=$4.2M and AC=$5.0M, CV is negative (unfavorable) and should be quantified and explained.","Always compare EV to AC to establish cost performance — AC alone, or AC compared to something other than EV, does not establish whether cost performance is favorable or unfavorable.",,,Current CCP Candidate Handbook (May 2026 Blueprint) 3.C; S&K6 Ch.14,BP522-3_C-1,AUTHORED_PENDING_SPOTCHECK,
BP522-3_C-1,14,NATIVE,BP522-3_C-1,Report actual cost as the cost-performance measure without comparing it with earned value.,Report actual cost as the cost-performance measure without comparing it with earned value.,no,SPECIFIC_DIAGNOSIS_VERIFIED,CONCEPT_GAP,,PV_EV_AC_CONFUSION,COST_PERFORMANCE_REPORTING,"Actual cost by itself is not a performance measure; cost performance requires comparing AC against earned value (CV = EV-AC), which this option omits entirely.","Cost performance is governed by EV versus AC (CV = EV-AC, CPI = EV/AC); with EV=$4.2M and AC=$5.0M, CV is negative (unfavorable) and should be quantified and explained.","Always compare EV to AC to establish cost performance — AC alone, or AC compared to something other than EV, does not establish whether cost performance is favorable or unfavorable.",,,Current CCP Candidate Handbook (May 2026 Blueprint) 3.C; S&K6 Ch.14,BP522-3_C-1,AUTHORED_PENDING_SPOTCHECK,
BP522-3_C-1,14,NATIVE,BP522-3_C-1,Describe the account as on budget until the total BAC is exceeded.,Describe the account as on budget until the total BAC is exceeded.,no,SPECIFIC_DIAGNOSIS_VERIFIED,CONCEPT_GAP,,BAC_VS_EAC,COST_PERFORMANCE_REPORTING,"Describing the account as ""on budget"" until total BAC is exceeded substitutes a BAC-vs-AC threshold for the correct EV-vs-AC comparison, ignoring earned value and the interim variance entirely.","Cost performance is governed by EV versus AC (CV = EV-AC, CPI = EV/AC); with EV=$4.2M and AC=$5.0M, CV is negative (unfavorable) and should be quantified and explained.","Always compare EV to AC to establish cost performance — AC alone, or AC compared to something other than EV, does not establish whether cost performance is favorable or unfavorable.",,,Current CCP Candidate Handbook (May 2026 Blueprint) 3.C; S&K6 Ch.14,BP522-3_C-1,AUTHORED_PENDING_SPOTCHECK,
BP522-3_C-2,14,NATIVE,BP522-3_C-2,Report under-budget performance because actual spending is below planned value.,Report under-budget performance because actual spending is below planned value.,no,SPECIFIC_DIAGNOSIS_VERIFIED,CONCEPT_GAP,,PV_EV_AC_CONFUSION,COST_PERFORMANCE_REPORTING,"Comparing actual spending to planned value (AC vs. PV) answers a spending-pace question, not a cost-performance question; the stem's own condition (EV even lower than AC) shows cost performance is actually unfavorable despite AC being below PV.","Cost performance must be assessed from EV versus AC (CV = EV-AC), not from actual cost versus planned value; a project can spend less than planned and still show unfavorable cost performance if EV lags AC by even more.",Never substitute PV for EV in a cost-performance judgment — PV governs schedule variance (SV = EV-PV); only EV versus AC governs cost variance.,,,Current CCP Candidate Handbook (May 2026 Blueprint) 3.C; S&K6 Ch.14,BP522-3_C-2,AUTHORED_PENDING_SPOTCHECK,
BP522-3_C-2,14,NATIVE,BP522-3_C-2,Use planned value minus actual cost as the cost variance for the work performed.,Use planned value minus actual cost as the cost variance for the work performed.,no,SPECIFIC_DIAGNOSIS_VERIFIED,CONCEPT_GAP,CONCEPT_GAP,PV_EV_AC_CONFUSION,COST_PERFORMANCE_REPORTING,"Planned value minus actual cost (PV-AC) is not the cost variance formula; it substitutes PV for EV, mixing a schedule-baseline term into what should be an EV-vs-AC comparison.","Cost performance must be assessed from EV versus AC (CV = EV-AC), not from actual cost versus planned value; a project can spend less than planned and still show unfavorable cost performance if EV lags AC by even more.",Never substitute PV for EV in a cost-performance judgment — PV governs schedule variance (SV = EV-PV); only EV versus AC governs cost variance.,,,Current CCP Candidate Handbook (May 2026 Blueprint) 3.C; S&K6 Ch.14,BP522-3_C-2,AUTHORED_PENDING_SPOTCHECK,
BP522-3_C-2,14,NATIVE,BP522-3_C-2,Delay the cost-performance assessment until planned progress catches up.,Delay the cost-performance assessment until planned progress catches up.,no,SPECIFIC_DIAGNOSIS_VERIFIED,CONCEPT_GAP,,,COST_PERFORMANCE_REPORTING,Cost-performance assessment should not be delayed until planned progress catches up; EV versus AC can and should be assessed at the current status date regardless of how PV compares.,"Cost performance must be assessed from EV versus AC (CV = EV-AC), not from actual cost versus planned value; a project can spend less than planned and still show unfavorable cost performance if EV lags AC by even more.",Never substitute PV for EV in a cost-performance judgment — PV governs schedule variance (SV = EV-PV); only EV versus AC governs cost variance.,,,Current CCP Candidate Handbook (May 2026 Blueprint) 3.C; S&K6 Ch.14,BP522-3_C-2,AUTHORED_PENDING_SPOTCHECK,
BP522-3_C-2,14,NATIVE,BP522-3_C-2,"Assess cost performance from EV versus AC, not from spending versus planned value.","Assess cost performance from EV versus AC, not from spending versus planned value.",yes,SPECIFIC_DIAGNOSIS_VERIFIED,,,,COST_PERFORMANCE_REPORTING,Correct option; see governing_concept for the rule that makes it correct.,"Cost performance must be assessed from EV versus AC (CV = EV-AC), not from actual cost versus planned value; a project can spend less than planned and still show unfavorable cost performance if EV lags AC by even more.",Never substitute PV for EV in a cost-performance judgment — PV governs schedule variance (SV = EV-PV); only EV versus AC governs cost variance.,,,Current CCP Candidate Handbook (May 2026 Blueprint) 3.C; S&K6 Ch.14,BP522-3_C-2,AUTHORED_PENDING_SPOTCHECK,
BP522-3_C-3,14,NATIVE,BP522-3_C-3,Keep the report focused on BAC because EAC can change before project completion.,Keep the report focused on BAC because EAC can change before project completion.,no,SPECIFIC_DIAGNOSIS_VERIFIED,CONCEPT_GAP,,EAC_ASSUMPTION,COST_PERFORMANCE_REPORTING,"Deliberately keeping the report focused on BAC and omitting the current EAC withholds the best available forecast information from management on the rationale that the forecast might still change — that reasoning would exclude EAC reporting at every status date, which contradicts the requirement to develop and report revised cost-at-completion estimates.","Blueprint 3.C requires reporting cost performance together with its forecast-at-completion implication and drivers; a declining CPI trend with EAC now above BAC should be reported as a linked cost-efficiency-and-forecast issue, not reported piecemeal or deferred.","Connect current cost performance (CPI/CV) to its forward-looking consequence (EAC/VAC) in the same report — treating them as unrelated, or omitting one, breaks the required traceability from performance to forecast.",,,Current CCP Candidate Handbook (May 2026 Blueprint) 3.C; S&K6 Ch.14,BP522-3_C-3,AUTHORED_PENDING_SPOTCHECK,
BP522-3_C-3,14,NATIVE,BP522-3_C-3,Use the latest monthly spending rate as the cost-performance measure and omit earned value.,Use the latest monthly spending rate as the cost-performance measure and omit earned value.,no,SPECIFIC_DIAGNOSIS_VERIFIED,CONCEPT_GAP,,PV_EV_AC_CONFUSION,COST_PERFORMANCE_REPORTING,Using the latest monthly spending rate and omitting earned value ignores performance entirely; spending rate alone does not measure cost efficiency (EV vs. AC).,"Blueprint 3.C requires reporting cost performance together with its forecast-at-completion implication and drivers; a declining CPI trend with EAC now above BAC should be reported as a linked cost-efficiency-and-forecast issue, not reported piecemeal or deferred.","Connect current cost performance (CPI/CV) to its forward-looking consequence (EAC/VAC) in the same report — treating them as unrelated, or omitting one, breaks the required traceability from performance to forecast.",,,Current CCP Candidate Handbook (May 2026 Blueprint) 3.C; S&K6 Ch.14,BP522-3_C-3,AUTHORED_PENDING_SPOTCHECK,
BP522-3_C-3,14,NATIVE,BP522-3_C-3,Report the deteriorating cost efficiency together with the forecast-at-completion implication and identify the main cost drivers.,Report the deteriorating cost efficiency together with the forecast-at-completion implication and identify the main cost drivers.,yes,SPECIFIC_DIAGNOSIS_VERIFIED,,,,COST_PERFORMANCE_REPORTING,Correct option; see governing_concept for the rule that makes it correct.,"Blueprint 3.C requires reporting cost performance together with its forecast-at-completion implication and drivers; a declining CPI trend with EAC now above BAC should be reported as a linked cost-efficiency-and-forecast issue, not reported piecemeal or deferred.","Connect current cost performance (CPI/CV) to its forward-looking consequence (EAC/VAC) in the same report — treating them as unrelated, or omitting one, breaks the required traceability from performance to forecast.",,,Current CCP Candidate Handbook (May 2026 Blueprint) 3.C; S&K6 Ch.14,BP522-3_C-3,AUTHORED_PENDING_SPOTCHECK,
BP522-3_C-3,14,NATIVE,BP522-3_C-3,Report CPI without EAC because one is current performance and the other is a separate forecast.,Report CPI without EAC because one is current performance and the other is a separate forecast.,no,SPECIFIC_DIAGNOSIS_VERIFIED,CONCEPT_GAP,,EAC_ASSUMPTION,COST_PERFORMANCE_REPORTING,"Reporting CPI without EAC artificially separates current performance from its forecast implication; the responsibility is to report the deteriorating efficiency TOGETHER WITH the forecast-at-completion consequence, not as two disconnected figures.","Blueprint 3.C requires reporting cost performance together with its forecast-at-completion implication and drivers; a declining CPI trend with EAC now above BAC should be reported as a linked cost-efficiency-and-forecast issue, not reported piecemeal or deferred.","Connect current cost performance (CPI/CV) to its forward-looking consequence (EAC/VAC) in the same report — treating them as unrelated, or omitting one, breaks the required traceability from performance to forecast.",,,Current CCP Candidate Handbook (May 2026 Blueprint) 3.C; S&K6 Ch.14,BP522-3_C-3,AUTHORED_PENDING_SPOTCHECK,
BP522-3_D-1,14,NATIVE,BP522-3_D-1,"Interpret the project as unfavorable in both cost efficiency and schedule performance, subject to the limitations of the measures.","Interpret the project as unfavorable in both cost efficiency and schedule performance, subject to the limitations of the measures.",yes,SPECIFIC_DIAGNOSIS_VERIFIED,,,,CPI_SPI_INTERPRETATION,Correct option; see governing_concept for the rule that makes it correct.,"Both CPI and SPI below 1.00 indicate unfavorable performance in both cost efficiency and schedule, subject to the general limitations of these EVM measures (e.g., they do not by themselves guarantee a specific completion date).","CPI<1 and SPI<1 both mean unfavorable — the direction relative to 1.0 is what matters for both indices, independently.",,,Current CCP Candidate Handbook (May 2026 Blueprint) 3.D; S&K6 Ch.14,BP522-3_D-1,AUTHORED_PENDING_SPOTCHECK,
BP522-3_D-1,14,NATIVE,BP522-3_D-1,Interpret both indices as favorable because they remain positive numerical values.,Interpret both indices as favorable because they remain positive numerical values.,no,SPECIFIC_DIAGNOSIS_VERIFIED,CONCEPT_GAP,CONCEPT_GAP,CPI_DIRECTION,CPI_SPI_INTERPRETATION,"Both indices being positive numerical values is not the relevant test — favorable/unfavorable depends on position relative to 1.00, and both being below 1.00 here means both are unfavorable, not favorable.","Both CPI and SPI below 1.00 indicate unfavorable performance in both cost efficiency and schedule, subject to the general limitations of these EVM measures (e.g., they do not by themselves guarantee a specific completion date).","CPI<1 and SPI<1 both mean unfavorable — the direction relative to 1.0 is what matters for both indices, independently.",,,Current CCP Candidate Handbook (May 2026 Blueprint) 3.D; S&K6 Ch.14,BP522-3_D-1,AUTHORED_PENDING_SPOTCHECK,
BP522-3_D-1,14,NATIVE,BP522-3_D-1,Interpret CPI below 1.00 as under budget and SPI below 1.00 as ahead of schedule.,Interpret CPI below 1.00 as under budget and SPI below 1.00 as ahead of schedule.,no,SPECIFIC_DIAGNOSIS_VERIFIED,CONCEPT_GAP,CONCEPT_GAP,CPI_DIRECTION,CPI_SPI_INTERPRETATION,CPI below 1.00 means over budget (not under budget) and SPI below 1.00 means behind schedule (not ahead) — this option inverts both indices' directions.,"Both CPI and SPI below 1.00 indicate unfavorable performance in both cost efficiency and schedule, subject to the general limitations of these EVM measures (e.g., they do not by themselves guarantee a specific completion date).","CPI<1 and SPI<1 both mean unfavorable — the direction relative to 1.0 is what matters for both indices, independently.",,,Current CCP Candidate Handbook (May 2026 Blueprint) 3.D; S&K6 Ch.14,BP522-3_D-1,AUTHORED_PENDING_SPOTCHECK,
BP522-3_D-1,14,NATIVE,BP522-3_D-1,Use CPI to describe schedule status and SPI to describe cost efficiency.,Use CPI to describe schedule status and SPI to describe cost efficiency.,no,SPECIFIC_DIAGNOSIS_VERIFIED,CONCEPT_GAP,,CPI_SPI_CONFLATION,CPI_SPI_INTERPRETATION,"This swaps which index measures which dimension: CPI measures cost efficiency and SPI measures schedule performance, not the reverse.","Both CPI and SPI below 1.00 indicate unfavorable performance in both cost efficiency and schedule, subject to the general limitations of these EVM measures (e.g., they do not by themselves guarantee a specific completion date).","CPI<1 and SPI<1 both mean unfavorable — the direction relative to 1.0 is what matters for both indices, independently.",,,Current CCP Candidate Handbook (May 2026 Blueprint) 3.D; S&K6 Ch.14,BP522-3_D-1,AUTHORED_PENDING_SPOTCHECK,
BP522-3_D-2,14,NATIVE,BP522-3_D-2,Interpret the account as unfavorable in both dimensions because one index is below 1.00.,Interpret the account as unfavorable in both dimensions because one index is below 1.00.,no,SPECIFIC_DIAGNOSIS_VERIFIED,CONCEPT_GAP,,CPI_SPI_CONFLATION,CPI_SPI_INTERPRETATION,"This generalizes SPI's unfavorable reading (0.86<1) to CPI, which is actually favorable (1.08>1); the two indices must be read independently, not treated as if one below-1.0 value makes the whole account unfavorable.","CPI=1.08 (>1, favorable cost efficiency) and SPI=0.86 (<1, unfavorable schedule performance) are evaluated independently, each against the 1.0 threshold; the two dimensions can move in opposite directions.",Never let one unfavorable index (or one favorable index) be generalized to the other dimension — evaluate CPI and SPI each on their own merits.,,,Current CCP Candidate Handbook (May 2026 Blueprint) 3.D; S&K6 Ch.14,BP522-3_D-2,AUTHORED_PENDING_SPOTCHECK,
BP522-3_D-2,14,NATIVE,BP522-3_D-2,Interpret the account as ahead of schedule because CPI exceeds 1.00.,Interpret the account as ahead of schedule because CPI exceeds 1.00.,no,SPECIFIC_DIAGNOSIS_VERIFIED,CONCEPT_GAP,,CPI_SPI_CONFLATION,CPI_SPI_INTERPRETATION,"CPI measures cost efficiency, not schedule position; concluding the account is ""ahead of schedule"" from a cost index misapplies CPI to the schedule dimension, which SPI (0.86, unfavorable) actually governs.","CPI=1.08 (>1, favorable cost efficiency) and SPI=0.86 (<1, unfavorable schedule performance) are evaluated independently, each against the 1.0 threshold; the two dimensions can move in opposite directions.",Never let one unfavorable index (or one favorable index) be generalized to the other dimension — evaluate CPI and SPI each on their own merits.,,,Current CCP Candidate Handbook (May 2026 Blueprint) 3.D; S&K6 Ch.14,BP522-3_D-2,AUTHORED_PENDING_SPOTCHECK,
BP522-3_D-2,14,NATIVE,BP522-3_D-2,Use the average of CPI and SPI as a single pass-or-fail performance index.,Use the average of CPI and SPI as a single pass-or-fail performance index.,no,SPECIFIC_DIAGNOSIS_VERIFIED,CONCEPT_GAP,,CPI_SPI_CONFLATION,CPI_SPI_INTERPRETATION,"There is no standard EVM composite formed by averaging CPI and SPI into a single pass/fail index; the two indices measure different, independent dimensions (cost and schedule) that should be reported and interpreted separately.","CPI=1.08 (>1, favorable cost efficiency) and SPI=0.86 (<1, unfavorable schedule performance) are evaluated independently, each against the 1.0 threshold; the two dimensions can move in opposite directions.",Never let one unfavorable index (or one favorable index) be generalized to the other dimension — evaluate CPI and SPI each on their own merits.,,,Current CCP Candidate Handbook (May 2026 Blueprint) 3.D; S&K6 Ch.14,BP522-3_D-2,AUTHORED_PENDING_SPOTCHECK,
BP522-3_D-2,14,NATIVE,BP522-3_D-2,"Interpret cost efficiency as favorable and schedule performance as unfavorable, then investigate the drivers.","Interpret cost efficiency as favorable and schedule performance as unfavorable, then investigate the drivers.",yes,SPECIFIC_DIAGNOSIS_VERIFIED,,,,CPI_SPI_INTERPRETATION,Correct option; see governing_concept for the rule that makes it correct.,"CPI=1.08 (>1, favorable cost efficiency) and SPI=0.86 (<1, unfavorable schedule performance) are evaluated independently, each against the 1.0 threshold; the two dimensions can move in opposite directions.",Never let one unfavorable index (or one favorable index) be generalized to the other dimension — evaluate CPI and SPI each on their own merits.,,,Current CCP Candidate Handbook (May 2026 Blueprint) 3.D; S&K6 Ch.14,BP522-3_D-2,AUTHORED_PENDING_SPOTCHECK,
BP522-3_D-3,14,NATIVE,BP522-3_D-3,Interpret schedule performance from CPI because cost efficiency reflects work progress.,Interpret schedule performance from CPI because cost efficiency reflects work progress.,no,SPECIFIC_DIAGNOSIS_VERIFIED,CONCEPT_GAP,,CPI_SPI_CONFLATION,CPI_SPI_INTERPRETATION,"CPI measures cost efficiency (EV/AC), not schedule status; using it to interpret schedule performance misapplies the cost index to the schedule dimension, which SPI (0.86 here, 1.04 in this item) governs.","CPI=0.91 (<1, unfavorable cost) and SPI=1.04 (>1, favorable schedule in dollar terms); a favorable SPI at one status date does not by itself guarantee the final completion date will be met, since SPI is a value-based proxy with known limitations near project completion and on non-critical-path work.","Treat SPI>1 as favorable schedule PERFORMANCE to date, not as a guarantee of the final completion date — a full schedule (critical-path) analysis is still required to assess completion-date risk.",,,Current CCP Candidate Handbook (May 2026 Blueprint) 3.D; S&K6 Ch.14,BP522-3_D-3,AUTHORED_PENDING_SPOTCHECK,
BP522-3_D-3,14,NATIVE,BP522-3_D-3,Conclude that final completion will meet the contract date because SPI exceeds 1.00 at this status point.,Conclude that final completion will meet the contract date because SPI exceeds 1.00 at this status point.,no,SPECIFIC_DIAGNOSIS_VERIFIED,CONCEPT_GAP,,SPI_COMPLETION_DATE_OVERREACH,CPI_SPI_INTERPRETATION,"SPI above 1.00 reflects favorable earned-value-based schedule performance to date, but it does not by itself guarantee the contract completion date will be met — SPI is a dollar-weighted proxy with known limitations, especially near completion or off the critical path, so a separate schedule analysis is still required.","CPI=0.91 (<1, unfavorable cost) and SPI=1.04 (>1, favorable schedule in dollar terms); a favorable SPI at one status date does not by itself guarantee the final completion date will be met, since SPI is a value-based proxy with known limitations near project completion and on non-critical-path work.","Treat SPI>1 as favorable schedule PERFORMANCE to date, not as a guarantee of the final completion date — a full schedule (critical-path) analysis is still required to assess completion-date risk.",,,Current CCP Candidate Handbook (May 2026 Blueprint) 3.D; S&K6 Ch.14,BP522-3_D-3,AUTHORED_PENDING_SPOTCHECK,
BP522-3_D-3,14,NATIVE,BP522-3_D-3,Interpret cost efficiency as unfavorable and schedule performance as favorable; final completion still requires schedule analysis.,Interpret cost efficiency as unfavorable and schedule performance as favorable; final completion still requires schedule analysis.,yes,SPECIFIC_DIAGNOSIS_VERIFIED,,,,CPI_SPI_INTERPRETATION,Correct option; see governing_concept for the rule that makes it correct.,"CPI=0.91 (<1, unfavorable cost) and SPI=1.04 (>1, favorable schedule in dollar terms); a favorable SPI at one status date does not by itself guarantee the final completion date will be met, since SPI is a value-based proxy with known limitations near project completion and on non-critical-path work.","Treat SPI>1 as favorable schedule PERFORMANCE to date, not as a guarantee of the final completion date — a full schedule (critical-path) analysis is still required to assess completion-date risk.",,,Current CCP Candidate Handbook (May 2026 Blueprint) 3.D; S&K6 Ch.14,BP522-3_D-3,AUTHORED_PENDING_SPOTCHECK,
BP522-3_D-3,14,NATIVE,BP522-3_D-3,Interpret both dimensions as favorable because SPI is greater than CPI.,Interpret both dimensions as favorable because SPI is greater than CPI.,no,SPECIFIC_DIAGNOSIS_VERIFIED,CONCEPT_GAP,CONCEPT_GAP,CPI_DIRECTION,CPI_SPI_INTERPRETATION,"Comparing SPI's magnitude to CPI's magnitude is not a valid interpretation basis; each index must be judged against the 1.0 threshold on its own, and here CPI (0.91) is actually unfavorable despite being numerically close to SPI.","CPI=0.91 (<1, unfavorable cost) and SPI=1.04 (>1, favorable schedule in dollar terms); a favorable SPI at one status date does not by itself guarantee the final completion date will be met, since SPI is a value-based proxy with known limitations near project completion and on non-critical-path work.","Treat SPI>1 as favorable schedule PERFORMANCE to date, not as a guarantee of the final completion date — a full schedule (critical-path) analysis is still required to assess completion-date risk.",,,Current CCP Candidate Handbook (May 2026 Blueprint) 3.D; S&K6 Ch.14,BP522-3_D-3,AUTHORED_PENDING_SPOTCHECK,
BP522-1_H-1,14,NATIVE,BP522-1_H-1,Use actual costs incurred to date as the initial baseline budget.,Use actual costs incurred to date as the initial baseline budget.,no,SPECIFIC_DIAGNOSIS_VERIFIED,CONCEPT_GAP,,PV_EV_AC_CONFUSION,BASELINE_DEVELOPMENT,"Actual costs incurred to date are AC, not the approved budget; a baseline must be built from the approved ESTIMATE, not from costs already spent.","Before an approved estimate becomes the authorized control budget, it must be reconciled to scope, control accounts, responsibilities (OBS), and schedule timing so the resulting PMB is traceable to the WBS, OBS, scheduling system, and cost collection system.","A baseline is built from the approved ESTIMATE, reconciled to scope/CA/OBS/schedule before it is authorized — never substituted with actuals, delayed past estimate completion, or dropped into a single CA without reconciliation.",,,Current CCP Candidate Handbook (May 2026 Blueprint) 1.H; S&K6 Ch.14; Ch.9,BP522-1_H-1,AUTHORED_PENDING_SPOTCHECK,
BP522-1_H-1,14,NATIVE,BP522-1_H-1,Delay baseline development until significant construction progress is available.,Delay baseline development until significant construction progress is available.,no,SPECIFIC_DIAGNOSIS_VERIFIED,CONCEPT_GAP,,,BASELINE_DEVELOPMENT,"Delaying baseline development until construction progress exists reverses the required sequence — the PMB must exist BEFORE execution so that progress can be measured against it, not established retroactively from progress already made.","Before an approved estimate becomes the authorized control budget, it must be reconciled to scope, control accounts, responsibilities (OBS), and schedule timing so the resulting PMB is traceable to the WBS, OBS, scheduling system, and cost collection system.","A baseline is built from the approved ESTIMATE, reconciled to scope/CA/OBS/schedule before it is authorized — never substituted with actuals, delayed past estimate completion, or dropped into a single CA without reconciliation.",,,Current CCP Candidate Handbook (May 2026 Blueprint) 1.H; S&K6 Ch.14; Ch.9,BP522-1_H-1,AUTHORED_PENDING_SPOTCHECK,
BP522-1_H-1,14,NATIVE,BP522-1_H-1,"Reconcile the approved estimate to scope, control accounts, responsibilities, and schedule timing before baselining.","Reconcile the approved estimate to scope, control accounts, responsibilities, and schedule timing before baselining.",yes,SPECIFIC_DIAGNOSIS_VERIFIED,,,,BASELINE_DEVELOPMENT,Correct option; see governing_concept for the rule that makes it correct.,"Before an approved estimate becomes the authorized control budget, it must be reconciled to scope, control accounts, responsibilities (OBS), and schedule timing so the resulting PMB is traceable to the WBS, OBS, scheduling system, and cost collection system.","A baseline is built from the approved ESTIMATE, reconciled to scope/CA/OBS/schedule before it is authorized — never substituted with actuals, delayed past estimate completion, or dropped into a single CA without reconciliation.",,,Current CCP Candidate Handbook (May 2026 Blueprint) 1.H; S&K6 Ch.14; Ch.9,BP522-1_H-1,AUTHORED_PENDING_SPOTCHECK,
BP522-1_H-1,14,NATIVE,BP522-1_H-1,Copy the estimate total into one control account without reconciling scope responsibility.,Copy the estimate total into one control account without reconciling scope responsibility.,no,SPECIFIC_DIAGNOSIS_VERIFIED,CONCEPT_GAP,,,BASELINE_DEVELOPMENT,"Copying the estimate total into a single control account without reconciling scope and responsibility skips the required traceability to the WBS, OBS, and scheduling system that a valid PMB must have.","Before an approved estimate becomes the authorized control budget, it must be reconciled to scope, control accounts, responsibilities (OBS), and schedule timing so the resulting PMB is traceable to the WBS, OBS, scheduling system, and cost collection system.","A baseline is built from the approved ESTIMATE, reconciled to scope/CA/OBS/schedule before it is authorized — never substituted with actuals, delayed past estimate completion, or dropped into a single CA without reconciliation.",,,Current CCP Candidate Handbook (May 2026 Blueprint) 1.H; S&K6 Ch.14; Ch.9,BP522-1_H-1,AUTHORED_PENDING_SPOTCHECK,
BP522-1_I-1,14,NATIVE,BP522-1_I-1,Time-phase actual cost instead of budget because actuals reflect current performance.,Time-phase actual cost instead of budget because actuals reflect current performance.,no,SPECIFIC_DIAGNOSIS_VERIFIED,CONCEPT_GAP,,PV_EV_AC_CONFUSION,TIME_PHASED_BASELINE,"Time-phasing actual cost instead of budget substitutes AC for PV entirely; Planned Value must be built from the authorized BUDGET time-phased to the plan, not from actuals.","Planned Value is created by time-phasing the authorized budget to the planned work and schedule, so PV reflects WHEN scope is expected to be performed.","Time-phase the BUDGET against the schedule (not actual costs, not a flat/uniform spread, and not a completion-only lump sum) to build a valid PV curve.",,,Current CCP Candidate Handbook (May 2026 Blueprint) 1.I; S&K6 Ch.14,BP522-1_I-1,AUTHORED_PENDING_SPOTCHECK,
BP522-1_I-1,14,NATIVE,BP522-1_I-1,Keep the budget unphased and calculate planned value at project completion.,Keep the budget unphased and calculate planned value at project completion.,no,SPECIFIC_DIAGNOSIS_VERIFIED,CONCEPT_GAP,,,TIME_PHASED_BASELINE,"Keeping the budget unphased and calculating planned value only at project completion produces a single lump-sum figure, not the time-phased PV curve needed to measure interim schedule performance.","Planned Value is created by time-phasing the authorized budget to the planned work and schedule, so PV reflects WHEN scope is expected to be performed.","Time-phase the BUDGET against the schedule (not actual costs, not a flat/uniform spread, and not a completion-only lump sum) to build a valid PV curve.",,,Current CCP Candidate Handbook (May 2026 Blueprint) 1.I; S&K6 Ch.14,BP522-1_I-1,AUTHORED_PENDING_SPOTCHECK,
BP522-1_I-1,14,NATIVE,BP522-1_I-1,Time-phase authorized budget to the planned work and schedule so planned value reflects when scope is expected to be performed.,Time-phase authorized budget to the planned work and schedule so planned value reflects when scope is expected to be performed.,yes,SPECIFIC_DIAGNOSIS_VERIFIED,,,,TIME_PHASED_BASELINE,Correct option; see governing_concept for the rule that makes it correct.,"Planned Value is created by time-phasing the authorized budget to the planned work and schedule, so PV reflects WHEN scope is expected to be performed.","Time-phase the BUDGET against the schedule (not actual costs, not a flat/uniform spread, and not a completion-only lump sum) to build a valid PV curve.",,,Current CCP Candidate Handbook (May 2026 Blueprint) 1.I; S&K6 Ch.14,BP522-1_I-1,AUTHORED_PENDING_SPOTCHECK,
BP522-1_I-1,14,NATIVE,BP522-1_I-1,Spread the total budget evenly by month without reference to the execution plan.,Spread the total budget evenly by month without reference to the execution plan.,no,SPECIFIC_DIAGNOSIS_VERIFIED,CONCEPT_GAP,,PV_UNIFORM_SPREAD_ERROR,TIME_PHASED_BASELINE,"Spreading the total budget evenly by month ignores the actual execution plan/schedule; PV must reflect WHEN scope is planned to be performed, which is rarely a flat, uniform distribution.","Planned Value is created by time-phasing the authorized budget to the planned work and schedule, so PV reflects WHEN scope is expected to be performed.","Time-phase the BUDGET against the schedule (not actual costs, not a flat/uniform spread, and not a completion-only lump sum) to build a valid PV curve.",,,Current CCP Candidate Handbook (May 2026 Blueprint) 1.I; S&K6 Ch.14,BP522-1_I-1,AUTHORED_PENDING_SPOTCHECK,
BP522-1_R-1,14,NATIVE,BP522-1_R-1,Record the full purchase-order commitment as actual cost at order placement.,Record the full purchase-order commitment as actual cost at order placement.,no,SPECIFIC_DIAGNOSIS_VERIFIED,CONCEPT_GAP,,ACCRUAL_TIMING,ACCRUAL_COST_TRACKING,"A purchase-order commitment is an encumbrance, not an actual cost; actual cost is recognized on receipt/performance (plus appropriate accruals), not at the moment an order is placed.","Actual Cost properly includes period cost plus accruals; when work is performed but the corresponding invoice has not yet arrived, the appropriate accrued cost should still be recorded in the same status period as the performed work so cost performance is not distorted.","Record actual and appropriate accrued costs in the SAME period as the work performed — do not wait for the invoice, and do not book a full purchase-order commitment as if it were already an actual cost.",,,Current CCP Candidate Handbook (May 2026 Blueprint) 1.R; S&K6 Ch.14,BP522-1_R-1,AUTHORED_PENDING_SPOTCHECK,
BP522-1_R-1,14,NATIVE,BP522-1_R-1,Exclude accruals from project controls and recognize them in accounting reports separately.,Exclude accruals from project controls and recognize them in accounting reports separately.,no,SPECIFIC_DIAGNOSIS_VERIFIED,CONCEPT_GAP,,ACCRUAL_TIMING,ACCRUAL_COST_TRACKING,"This contradicts the definition of Actual Cost, which explicitly includes accruals; excluding accruals from project controls and deferring them to accounting alone distorts the cost performance measured in the same period the work occurred.","Actual Cost properly includes period cost plus accruals; when work is performed but the corresponding invoice has not yet arrived, the appropriate accrued cost should still be recorded in the same status period as the performed work so cost performance is not distorted.","Record actual and appropriate accrued costs in the SAME period as the work performed — do not wait for the invoice, and do not book a full purchase-order commitment as if it were already an actual cost.",,,Current CCP Candidate Handbook (May 2026 Blueprint) 1.R; S&K6 Ch.14,BP522-1_R-1,AUTHORED_PENDING_SPOTCHECK,
BP522-1_R-1,14,NATIVE,BP522-1_R-1,Record actual and appropriate accrued costs in the same status period as the performed work so cost performance is not distorted.,Record actual and appropriate accrued costs in the same status period as the performed work so cost performance is not distorted.,yes,SPECIFIC_DIAGNOSIS_VERIFIED,,,,ACCRUAL_COST_TRACKING,Correct option; see governing_concept for the rule that makes it correct.,"Actual Cost properly includes period cost plus accruals; when work is performed but the corresponding invoice has not yet arrived, the appropriate accrued cost should still be recorded in the same status period as the performed work so cost performance is not distorted.","Record actual and appropriate accrued costs in the SAME period as the work performed — do not wait for the invoice, and do not book a full purchase-order commitment as if it were already an actual cost.",,,Current CCP Candidate Handbook (May 2026 Blueprint) 1.R; S&K6 Ch.14,BP522-1_R-1,AUTHORED_PENDING_SPOTCHECK,
BP522-1_R-1,14,NATIVE,BP522-1_R-1,Wait for supplier invoices before recognizing cost even though the work is complete.,Wait for supplier invoices before recognizing cost even though the work is complete.,no,SPECIFIC_DIAGNOSIS_VERIFIED,CONCEPT_GAP,,ACCRUAL_TIMING,ACCRUAL_COST_TRACKING,Waiting for the supplier invoice even though the work is complete creates exactly the accrual-timing lag that distorts cost variance and cost efficiency in the interim status period — the same distortion risk illustrated by item 14-11's accrual-analysis scenario.,"Actual Cost properly includes period cost plus accruals; when work is performed but the corresponding invoice has not yet arrived, the appropriate accrued cost should still be recorded in the same status period as the performed work so cost performance is not distorted.","Record actual and appropriate accrued costs in the SAME period as the work performed — do not wait for the invoice, and do not book a full purchase-order commitment as if it were already an actual cost.",,,Current CCP Candidate Handbook (May 2026 Blueprint) 1.R; S&K6 Ch.14,BP522-1_R-1,AUTHORED_PENDING_SPOTCHECK,
BP522-1_U-1,14,NATIVE,BP522-1_U-1,Use the prior month invoice amount as the current accrual without checking current progress.,Use the prior month invoice amount as the current accrual without checking current progress.,no,SPECIFIC_DIAGNOSIS_VERIFIED,CONCEPT_GAP,,,ACCRUAL_COST_TRACKING,Reusing the prior month's invoice amount without checking current progress fails to validate the accrual against what was actually accomplished in the CURRENT status period.,"A work-in-place accrual should be validated against progress or quantity evidence and contract rates, then the supported (not arbitrary) cost accrued for the status period — neither deferred to the next invoice nor overstated beyond what the evidence supports.","Accrue only what current progress/quantity evidence and contract rates support — never a stale prior-month figure, never a full remaining-contract value just because work is observed, and never a deferral until invoicing.",,,Current CCP Candidate Handbook (May 2026 Blueprint) 1.U; S&K6 Ch.14; TCM Framework,BP522-1_U-1,AUTHORED_PENDING_SPOTCHECK,
BP522-1_U-1,14,NATIVE,BP522-1_U-1,Defer cost recognition until the subcontractor submits its invoice.,Defer cost recognition until the subcontractor submits its invoice.,no,SPECIFIC_DIAGNOSIS_VERIFIED,CONCEPT_GAP,,ACCRUAL_TIMING,ACCRUAL_COST_TRACKING,"Deferring cost recognition until the subcontractor's invoice arrives creates the same accrual-timing lag the source's accrual guidance is meant to prevent, distorting interim cost performance.","A work-in-place accrual should be validated against progress or quantity evidence and contract rates, then the supported (not arbitrary) cost accrued for the status period — neither deferred to the next invoice nor overstated beyond what the evidence supports.","Accrue only what current progress/quantity evidence and contract rates support — never a stale prior-month figure, never a full remaining-contract value just because work is observed, and never a deferral until invoicing.",,,Current CCP Candidate Handbook (May 2026 Blueprint) 1.U; S&K6 Ch.14; TCM Framework,BP522-1_U-1,AUTHORED_PENDING_SPOTCHECK,
BP522-1_U-1,14,NATIVE,BP522-1_U-1,"Validate work-in-place using progress or quantity evidence and contract rates, then accrue the supported cost for the status period.","Validate work-in-place using progress or quantity evidence and contract rates, then accrue the supported cost for the status period.",yes,SPECIFIC_DIAGNOSIS_VERIFIED,,,,ACCRUAL_COST_TRACKING,Correct option; see governing_concept for the rule that makes it correct.,"A work-in-place accrual should be validated against progress or quantity evidence and contract rates, then the supported (not arbitrary) cost accrued for the status period — neither deferred to the next invoice nor overstated beyond what the evidence supports.","Accrue only what current progress/quantity evidence and contract rates support — never a stale prior-month figure, never a full remaining-contract value just because work is observed, and never a deferral until invoicing.",,,Current CCP Candidate Handbook (May 2026 Blueprint) 1.U; S&K6 Ch.14; TCM Framework,BP522-1_U-1,AUTHORED_PENDING_SPOTCHECK,
BP522-1_U-1,14,NATIVE,BP522-1_U-1,Accrue the full remaining subcontract value because active work has been observed.,Accrue the full remaining subcontract value because active work has been observed.,no,SPECIFIC_DIAGNOSIS_VERIFIED,CONCEPT_GAP,,ACCRUAL_OVERSTATEMENT,ACCRUAL_COST_TRACKING,Accruing the full remaining subcontract value merely because active work is observed overstates the accrual beyond what current progress/quantity evidence actually supports.,"A work-in-place accrual should be validated against progress or quantity evidence and contract rates, then the supported (not arbitrary) cost accrued for the status period — neither deferred to the next invoice nor overstated beyond what the evidence supports.","Accrue only what current progress/quantity evidence and contract rates support — never a stale prior-month figure, never a full remaining-contract value just because work is observed, and never a deferral until invoicing.",,,Current CCP Candidate Handbook (May 2026 Blueprint) 1.U; S&K6 Ch.14; TCM Framework,BP522-1_U-1,AUTHORED_PENDING_SPOTCHECK,
BP524-1_K-1,14,NATIVE,BP524-1_K-1,Increase BAC whenever a control account reports an unfavorable cost variance.,Increase BAC whenever a control account reports an unfavorable cost variance.,no,SPECIFIC_DIAGNOSIS_VERIFIED,CONCEPT_GAP,,PMB_BASELINE_INTEGRITY,BAC_MONITORING,Increasing BAC whenever a CA reports an unfavorable cost variance would mask real performance problems by moving the budget target rather than addressing the variance — the same baseline-integrity violation as artificially forcing CPI back to 1.0.,"BAC must be reconciled to approved scope and authorized baseline changes so the current total remains controlled and traceable; the PMB (and BAC within it) changes only through formal, scope-driven change control, never to mask a reported variance.","BAC moves only with authorized scope changes through formal change control — never to offset a reported cost variance, never frozen against legitimate authorized changes, and never reset to AC+forecast (which would erase the BAC/EAC distinction).",,,Current CCP Candidate Handbook (May 2026 Blueprint) 1.K; S&K6 Ch.14,BP524-1_K-1,AUTHORED_PENDING_SPOTCHECK,
BP524-1_K-1,14,NATIVE,BP524-1_K-1,Hold BAC equal to the original contract price even after authorized scope changes are incorporated.,Hold BAC equal to the original contract price even after authorized scope changes are incorporated.,no,SPECIFIC_DIAGNOSIS_VERIFIED,CONCEPT_GAP,,,BAC_MONITORING,"Holding BAC at the original contract price after authorized scope changes have been incorporated fails to reconcile BAC to the CURRENT approved scope, leaving it untraceable to what has actually been authorized.","BAC must be reconciled to approved scope and authorized baseline changes so the current total remains controlled and traceable; the PMB (and BAC within it) changes only through formal, scope-driven change control, never to mask a reported variance.","BAC moves only with authorized scope changes through formal change control — never to offset a reported cost variance, never frozen against legitimate authorized changes, and never reset to AC+forecast (which would erase the BAC/EAC distinction).",,,Current CCP Candidate Handbook (May 2026 Blueprint) 1.K; S&K6 Ch.14,BP524-1_K-1,AUTHORED_PENDING_SPOTCHECK,
BP524-1_K-1,14,NATIVE,BP524-1_K-1,Reconcile BAC to approved scope and authorized baseline changes so the current total remains controlled and traceable.,Reconcile BAC to approved scope and authorized baseline changes so the current total remains controlled and traceable.,yes,SPECIFIC_DIAGNOSIS_VERIFIED,,,,BAC_MONITORING,Correct option; see governing_concept for the rule that makes it correct.,"BAC must be reconciled to approved scope and authorized baseline changes so the current total remains controlled and traceable; the PMB (and BAC within it) changes only through formal, scope-driven change control, never to mask a reported variance.","BAC moves only with authorized scope changes through formal change control — never to offset a reported cost variance, never frozen against legitimate authorized changes, and never reset to AC+forecast (which would erase the BAC/EAC distinction).",,,Current CCP Candidate Handbook (May 2026 Blueprint) 1.K; S&K6 Ch.14,BP524-1_K-1,AUTHORED_PENDING_SPOTCHECK,
BP524-1_K-1,14,NATIVE,BP524-1_K-1,Reset BAC to actual cost plus remaining forecast at every status date.,Reset BAC to actual cost plus remaining forecast at every status date.,no,SPECIFIC_DIAGNOSIS_VERIFIED,CONCEPT_GAP,,BAC_VS_EAC,BAC_MONITORING,Resetting BAC to AC plus remaining forecast at every status date erases the distinction between the fixed authorized budget (BAC) and the forecast (EAC) — BAC should not be redefined to match a moving forecast.,"BAC must be reconciled to approved scope and authorized baseline changes so the current total remains controlled and traceable; the PMB (and BAC within it) changes only through formal, scope-driven change control, never to mask a reported variance.","BAC moves only with authorized scope changes through formal change control — never to offset a reported cost variance, never frozen against legitimate authorized changes, and never reset to AC+forecast (which would erase the BAC/EAC distinction).",,,Current CCP Candidate Handbook (May 2026 Blueprint) 1.K; S&K6 Ch.14,BP524-1_K-1,AUTHORED_PENDING_SPOTCHECK,
BP524-1_Y-1,14,NATIVE,BP524-1_Y-1,Extend current actual cost linearly to project completion without considering remaining scope or known changes.,Extend current actual cost linearly to project completion without considering remaining scope or known changes.,no,SPECIFIC_DIAGNOSIS_VERIFIED,CONCEPT_GAP,,EAC_ASSUMPTION,COST_FORECASTING,"Extending actual cost linearly without considering remaining scope or known changes applies an unstated, unjustified assumption that the historical spending rate will hold for all remaining work, ignoring the very scope/risk factors a defensible forecast must account for.","Cost forecasting should use current performance, remaining scope, known changes, risks, and appropriate estimating assumptions, reconciled to actuals and commitments — not a single data point extended mechanically.","A defensible forecast states its assumptions explicitly and accounts for remaining scope and known changes — it is never just a linear extension of actual cost, a single recent invoice, or the original BAC.",,,Current CCP Candidate Handbook (May 2026 Blueprint) 1.Y; S&K6 Ch.14; Ch.9,BP524-1_Y-1,AUTHORED_PENDING_SPOTCHECK,
BP524-1_Y-1,14,NATIVE,BP524-1_Y-1,Use the latest contractor invoice total as the forecast because it is the most current cost information.,Use the latest contractor invoice total as the forecast because it is the most current cost information.,no,SPECIFIC_DIAGNOSIS_VERIFIED,CONCEPT_GAP,,PV_EV_AC_CONFUSION,COST_FORECASTING,"A single contractor invoice total is a data point of actual cost, not a completion forecast; using it as the forecast ignores remaining scope, performance trends, and risk entirely.","Cost forecasting should use current performance, remaining scope, known changes, risks, and appropriate estimating assumptions, reconciled to actuals and commitments — not a single data point extended mechanically.","A defensible forecast states its assumptions explicitly and accounts for remaining scope and known changes — it is never just a linear extension of actual cost, a single recent invoice, or the original BAC.",,,Current CCP Candidate Handbook (May 2026 Blueprint) 1.Y; S&K6 Ch.14; Ch.9,BP524-1_Y-1,AUTHORED_PENDING_SPOTCHECK,
BP524-1_Y-1,14,NATIVE,BP524-1_Y-1,"Forecast remaining cost using current performance, remaining scope, known changes, risks, and appropriate estimating assumptions, then reconcile the result to actuals and commitments.","Forecast remaining cost using current performance, remaining scope, known changes, risks, and appropriate estimating assumptions, then reconcile the result to actuals and commitments.",yes,SPECIFIC_DIAGNOSIS_VERIFIED,,,,COST_FORECASTING,Correct option; see governing_concept for the rule that makes it correct.,"Cost forecasting should use current performance, remaining scope, known changes, risks, and appropriate estimating assumptions, reconciled to actuals and commitments — not a single data point extended mechanically.","A defensible forecast states its assumptions explicitly and accounts for remaining scope and known changes — it is never just a linear extension of actual cost, a single recent invoice, or the original BAC.",,,Current CCP Candidate Handbook (May 2026 Blueprint) 1.Y; S&K6 Ch.14; Ch.9,BP524-1_Y-1,AUTHORED_PENDING_SPOTCHECK,
BP524-1_Y-1,14,NATIVE,BP524-1_Y-1,Use BAC as the final forecast because it is the approved project budget.,Use BAC as the final forecast because it is the approved project budget.,no,SPECIFIC_DIAGNOSIS_VERIFIED,CONCEPT_GAP,,BAC_VS_EAC,COST_FORECASTING,Using BAC as the final forecast ignores actual performance to date entirely — it is the classic BAC-for-EAC substitution that assumes no cost variance exists when one may well exist.,"Cost forecasting should use current performance, remaining scope, known changes, risks, and appropriate estimating assumptions, reconciled to actuals and commitments — not a single data point extended mechanically.","A defensible forecast states its assumptions explicitly and accounts for remaining scope and known changes — it is never just a linear extension of actual cost, a single recent invoice, or the original BAC.",,,Current CCP Candidate Handbook (May 2026 Blueprint) 1.Y; S&K6 Ch.14; Ch.9,BP524-1_Y-1,AUTHORED_PENDING_SPOTCHECK,
BP524-1_Z-1,14,NATIVE,BP524-1_Z-1,"Calculate EAC as AC plus BAC, giving $15.0M.","Calculate EAC as AC plus BAC, giving $15.0M.",no,SPECIFIC_CALCULATION_PATH_VERIFIED,CALCULATION_ERROR,CALCULATION_ERROR,EAC_ASSUMPTION,EAC_FORECASTING,Adding AC and BAC (5.0+10.0=15.0) is not a recognized EAC formula; it does not correspond to any standard cost-performance-based forecasting method.,"CPI = EV/AC = 4.0/5.0 = 0.80; when current cost efficiency is expected to continue, EAC = BAC/CPI = 10.0/0.80 = 12.5M.","State the forecasting assumption explicitly: BAC/CPI assumes the current cost-efficiency trend continues for all remaining work — apply it only when that assumption is the one actually intended, and never substitute addition, a bare index, or an unchanged BAC for the proper EAC calculation.",,AC + BAC = 5.0 + 10.0 = $15.0M (wrong: not a defined EAC relationship).,Current CCP Candidate Handbook (May 2026 Blueprint) 1.Z; S&K6 Ch.14,BP524-1_Z-1,AUTHORED_PENDING_SPOTCHECK,
BP524-1_Z-1,14,NATIVE,BP524-1_Z-1,"Calculate EAC as EV divided by AC, giving 0.80M.","Calculate EAC as EV divided by AC, giving 0.80M.",no,SPECIFIC_CALCULATION_PATH_VERIFIED,FORMULA_METHOD_SELECTION,FORMULA_METHOD_SELECTION,BAC_VS_EAC,EAC_FORECASTING,"EV/AC = 4.0/5.0 = 0.80 is the CPI value itself, not an EAC; this option stops at the cost-performance index and mislabels it as the completion forecast (and the resulting ""$0.80M"" is not even a plausible total-cost figure against a $10.0M BAC).","CPI = EV/AC = 4.0/5.0 = 0.80; when current cost efficiency is expected to continue, EAC = BAC/CPI = 10.0/0.80 = 12.5M.","State the forecasting assumption explicitly: BAC/CPI assumes the current cost-efficiency trend continues for all remaining work — apply it only when that assumption is the one actually intended, and never substitute addition, a bare index, or an unchanged BAC for the proper EAC calculation.",,"EV/AC = 4.0/5.0 = 0.80 (this is CPI, not EAC — formula confusion).",Current CCP Candidate Handbook (May 2026 Blueprint) 1.Z; S&K6 Ch.14,BP524-1_Z-1,AUTHORED_PENDING_SPOTCHECK,
BP524-1_Z-1,14,NATIVE,BP524-1_Z-1,"Update EAC using the applicable cost-performance assumption, giving EAC = BAC/CPI = $12.5M when CPI = EV/AC = 0.80.","Update EAC using the applicable cost-performance assumption, giving EAC = BAC/CPI = $12.5M when CPI = EV/AC = 0.80.",yes,SPECIFIC_DIAGNOSIS_VERIFIED,,,,EAC_FORECASTING,Correct option; see governing_concept for the rule that makes it correct.,"CPI = EV/AC = 4.0/5.0 = 0.80; when current cost efficiency is expected to continue, EAC = BAC/CPI = 10.0/0.80 = 12.5M.","State the forecasting assumption explicitly: BAC/CPI assumes the current cost-efficiency trend continues for all remaining work — apply it only when that assumption is the one actually intended, and never substitute addition, a bare index, or an unchanged BAC for the proper EAC calculation.",,,Current CCP Candidate Handbook (May 2026 Blueprint) 1.Z; S&K6 Ch.14,BP524-1_Z-1,AUTHORED_PENDING_SPOTCHECK,
BP524-1_Z-1,14,NATIVE,BP524-1_Z-1,Set EAC equal to BAC because authorized budget does not change with performance.,Set EAC equal to BAC because authorized budget does not change with performance.,no,SPECIFIC_DIAGNOSIS_VERIFIED,CONCEPT_GAP,,BAC_VS_EAC,EAC_FORECASTING,"Setting EAC equal to BAC implicitly assumes CPI=1.0 (no cost inefficiency carries forward), but the stem specifies current cost efficiency (CPI=0.80) is expected to continue, so the forecast must reflect that inefficiency rather than ignore it.","CPI = EV/AC = 4.0/5.0 = 0.80; when current cost efficiency is expected to continue, EAC = BAC/CPI = 10.0/0.80 = 12.5M.","State the forecasting assumption explicitly: BAC/CPI assumes the current cost-efficiency trend continues for all remaining work — apply it only when that assumption is the one actually intended, and never substitute addition, a bare index, or an unchanged BAC for the proper EAC calculation.",,,Current CCP Candidate Handbook (May 2026 Blueprint) 1.Z; S&K6 Ch.14,BP524-1_Z-1,AUTHORED_PENDING_SPOTCHECK,
BP524-4_A-1,14,NATIVE,BP524-4_A-1,Use the project cash-flow forecast as the performance baseline because both are time-phased.,Use the project cash-flow forecast as the performance baseline because both are time-phased.,no,SPECIFIC_DIAGNOSIS_VERIFIED,CONCEPT_GAP,,CASH_VS_EARNED_VALUE,PMB_DEVELOPMENT,"A cash-flow forecast reflects disbursement timing, not earned scope of work; both being time-phased does not make cash flow a substitute for a scope/schedule/budget-integrated performance baseline.","A time-phased Performance Measurement Baseline integrates authorized scope, schedule, and budget at appropriate control levels, established before execution begins.","The PMB must INTEGRATE scope, schedule, and budget together — a cash-flow curve, actuals from an early period, or separately-kept baselines are each missing at least one required element.",,,Current CCP Candidate Handbook (May 2026 Blueprint) 4.A; S&K6 Ch.14,BP524-4_A-1,AUTHORED_PENDING_SPOTCHECK,
BP524-4_A-1,14,NATIVE,BP524-4_A-1,Use actual cost from the first reporting period to establish the baseline.,Use actual cost from the first reporting period to establish the baseline.,no,SPECIFIC_DIAGNOSIS_VERIFIED,CONCEPT_GAP,,PV_EV_AC_CONFUSION,PMB_DEVELOPMENT,"Actual cost from the first reporting period is AC, not a planning baseline; a PMB must be built from the authorized budget and schedule before execution, not derived from early actuals.","A time-phased Performance Measurement Baseline integrates authorized scope, schedule, and budget at appropriate control levels, established before execution begins.","The PMB must INTEGRATE scope, schedule, and budget together — a cash-flow curve, actuals from an early period, or separately-kept baselines are each missing at least one required element.",,,Current CCP Candidate Handbook (May 2026 Blueprint) 4.A; S&K6 Ch.14,BP524-4_A-1,AUTHORED_PENDING_SPOTCHECK,
BP524-4_A-1,14,NATIVE,BP524-4_A-1,"Keep scope, schedule, and budget as separate baselines without integrating them for performance measurement.","Keep scope, schedule, and budget as separate baselines without integrating them for performance measurement.",no,SPECIFIC_DIAGNOSIS_VERIFIED,CONCEPT_GAP,,,PMB_DEVELOPMENT,"Keeping scope, schedule, and budget as separate, non-integrated baselines directly contradicts the PMB's defining feature — integration of all three at appropriate control levels.","A time-phased Performance Measurement Baseline integrates authorized scope, schedule, and budget at appropriate control levels, established before execution begins.","The PMB must INTEGRATE scope, schedule, and budget together — a cash-flow curve, actuals from an early period, or separately-kept baselines are each missing at least one required element.",,,Current CCP Candidate Handbook (May 2026 Blueprint) 4.A; S&K6 Ch.14,BP524-4_A-1,AUTHORED_PENDING_SPOTCHECK,
BP524-4_A-1,14,NATIVE,BP524-4_A-1,"Develop a time-phased performance measurement baseline that integrates authorized scope, schedule, and budget at appropriate control levels.","Develop a time-phased performance measurement baseline that integrates authorized scope, schedule, and budget at appropriate control levels.",yes,SPECIFIC_DIAGNOSIS_VERIFIED,,,,PMB_DEVELOPMENT,Correct option; see governing_concept for the rule that makes it correct.,"A time-phased Performance Measurement Baseline integrates authorized scope, schedule, and budget at appropriate control levels, established before execution begins.","The PMB must INTEGRATE scope, schedule, and budget together — a cash-flow curve, actuals from an early period, or separately-kept baselines are each missing at least one required element.",,,Current CCP Candidate Handbook (May 2026 Blueprint) 4.A; S&K6 Ch.14,BP524-4_A-1,AUTHORED_PENDING_SPOTCHECK,
BP524-4_B-1,14,NATIVE,BP524-4_B-1,Compare actual cost with BAC because BAC represents the approved plan.,Compare actual cost with BAC because BAC represents the approved plan.,no,SPECIFIC_DIAGNOSIS_VERIFIED,CONCEPT_GAP,CONCEPT_GAP,BAC_VS_EAC,PERFORMANCE_MEASUREMENT,"BAC is the total authorized budget, not the time-phased planned value for the current status date; comparing AC to BAC also omits earned value entirely, so it does not measure performance against the baseline.","Performance is measured by comparing actual accomplishment and earned value against the time-phased baseline, for the SAME scope and status date.","Always compare EV against the time-phased baseline (PV) for the same scope and date — comparing AC to BAC, forecast-to-forecast, or elapsed time alone each omit the required earned-value comparison.",,,Current CCP Candidate Handbook (May 2026 Blueprint) 4.B; S&K6 Ch.14,BP524-4_B-1,AUTHORED_PENDING_SPOTCHECK,
BP524-4_B-1,14,NATIVE,BP524-4_B-1,Compare current forecast with prior-month forecast and use the difference as performance.,Compare current forecast with prior-month forecast and use the difference as performance.,no,SPECIFIC_DIAGNOSIS_VERIFIED,CONCEPT_GAP,,,PERFORMANCE_MEASUREMENT,"Comparing the current forecast to the prior-month forecast measures forecast DRIFT, not actual accomplishment against the baseline; it substitutes a forecast-to-forecast comparison for the required EV-to-PV comparison.","Performance is measured by comparing actual accomplishment and earned value against the time-phased baseline, for the SAME scope and status date.","Always compare EV against the time-phased baseline (PV) for the same scope and date — comparing AC to BAC, forecast-to-forecast, or elapsed time alone each omit the required earned-value comparison.",,,Current CCP Candidate Handbook (May 2026 Blueprint) 4.B; S&K6 Ch.14,BP524-4_B-1,AUTHORED_PENDING_SPOTCHECK,
BP524-4_B-1,14,NATIVE,BP524-4_B-1,Measure performance from percent of time elapsed without considering physical accomplishment.,Measure performance from percent of time elapsed without considering physical accomplishment.,no,SPECIFIC_DIAGNOSIS_VERIFIED,CONCEPT_GAP,,PROGRESS_METHOD_SELECTION,PERFORMANCE_MEASUREMENT,"Percent of time elapsed is a duration-proration measure, not physical accomplishment; using it in place of earned value ignores whether work was actually performed.","Performance is measured by comparing actual accomplishment and earned value against the time-phased baseline, for the SAME scope and status date.","Always compare EV against the time-phased baseline (PV) for the same scope and date — comparing AC to BAC, forecast-to-forecast, or elapsed time alone each omit the required earned-value comparison.",,,Current CCP Candidate Handbook (May 2026 Blueprint) 4.B; S&K6 Ch.14,BP524-4_B-1,AUTHORED_PENDING_SPOTCHECK,
BP524-4_B-1,14,NATIVE,BP524-4_B-1,Measure actual accomplishment and earned value against the time-phased baseline for the same scope and status date.,Measure actual accomplishment and earned value against the time-phased baseline for the same scope and status date.,yes,SPECIFIC_DIAGNOSIS_VERIFIED,,,,PERFORMANCE_MEASUREMENT,Correct option; see governing_concept for the rule that makes it correct.,"Performance is measured by comparing actual accomplishment and earned value against the time-phased baseline, for the SAME scope and status date.","Always compare EV against the time-phased baseline (PV) for the same scope and date — comparing AC to BAC, forecast-to-forecast, or elapsed time alone each omit the required earned-value comparison.",,,Current CCP Candidate Handbook (May 2026 Blueprint) 4.B; S&K6 Ch.14,BP524-4_B-1,AUTHORED_PENDING_SPOTCHECK,
BP524-4_C-1,14,NATIVE,BP524-4_C-1,"Treat baseline review as an exception process triggered by a material forecast threat, rather than monitoring performance continuously.","Treat baseline review as an exception process triggered by a material forecast threat, rather than monitoring performance continuously.",no,SPECIFIC_DIAGNOSIS_VERIFIED,CONCEPT_GAP,,TREND_ANALYSIS,BASELINE_MONITORING,"Treating baseline review as an exception process triggered only by a material forecast threat forgoes the continuous visibility needed to catch emerging problems early, before they become material.","Baseline performance should be monitored continuously across successive status periods, with material trends escalated for action, rather than reviewed only when triggered by an exception.","Continuous monitoring catches deteriorating trends early; treating baseline review as purely exception-driven, replacing the baseline to hide trends, or watching cost alone each defeat the purpose of ongoing monitoring.",,,Current CCP Candidate Handbook (May 2026 Blueprint) 4.C; S&K6 Ch.14,BP524-4_C-1,AUTHORED_PENDING_SPOTCHECK,
BP524-4_C-1,14,NATIVE,BP524-4_C-1,Replace the baseline with each current forecast so unfavorable trends disappear from comparison.,Replace the baseline with each current forecast so unfavorable trends disappear from comparison.,no,SPECIFIC_DIAGNOSIS_VERIFIED,CONCEPT_GAP,,PMB_BASELINE_INTEGRITY,BASELINE_MONITORING,Replacing the baseline with each current forecast erases the comparison basis needed to see unfavorable trends at all — a direct baseline-integrity violation.,"Baseline performance should be monitored continuously across successive status periods, with material trends escalated for action, rather than reviewed only when triggered by an exception.","Continuous monitoring catches deteriorating trends early; treating baseline review as purely exception-driven, replacing the baseline to hide trends, or watching cost alone each defeat the purpose of ongoing monitoring.",,,Current CCP Candidate Handbook (May 2026 Blueprint) 4.C; S&K6 Ch.14,BP524-4_C-1,AUTHORED_PENDING_SPOTCHECK,
BP524-4_C-1,14,NATIVE,BP524-4_C-1,Monitor actual cost alone because schedule variance will eventually appear in cost.,Monitor actual cost alone because schedule variance will eventually appear in cost.,no,SPECIFIC_DIAGNOSIS_VERIFIED,CONCEPT_GAP,,CPI_SPI_CONFLATION,BASELINE_MONITORING,"Monitoring actual cost alone assumes schedule variance will always eventually show up in cost, which is not guaranteed (e.g., LOE-masked or non-cost-driven schedule slippage can go undetected); both cost and schedule indicators should be monitored.","Baseline performance should be monitored continuously across successive status periods, with material trends escalated for action, rather than reviewed only when triggered by an exception.","Continuous monitoring catches deteriorating trends early; treating baseline review as purely exception-driven, replacing the baseline to hide trends, or watching cost alone each defeat the purpose of ongoing monitoring.",,,Current CCP Candidate Handbook (May 2026 Blueprint) 4.C; S&K6 Ch.14,BP524-4_C-1,AUTHORED_PENDING_SPOTCHECK,
BP524-4_C-1,14,NATIVE,BP524-4_C-1,"Monitor current performance indicators and variances against the baseline over successive status periods, escalating material trends for action.","Monitor current performance indicators and variances against the baseline over successive status periods, escalating material trends for action.",yes,SPECIFIC_DIAGNOSIS_VERIFIED,,,,BASELINE_MONITORING,Correct option; see governing_concept for the rule that makes it correct.,"Baseline performance should be monitored continuously across successive status periods, with material trends escalated for action, rather than reviewed only when triggered by an exception.","Continuous monitoring catches deteriorating trends early; treating baseline review as purely exception-driven, replacing the baseline to hide trends, or watching cost alone each defeat the purpose of ongoing monitoring.",,,Current CCP Candidate Handbook (May 2026 Blueprint) 4.C; S&K6 Ch.14,BP524-4_C-1,AUTHORED_PENDING_SPOTCHECK,
BP524-4_D-1,14,NATIVE,BP524-4_D-1,Compare planned value with actual cost and call the difference cost performance.,Compare planned value with actual cost and call the difference cost performance.,no,SPECIFIC_DIAGNOSIS_VERIFIED,CONCEPT_GAP,,PV_EV_AC_CONFUSION,COST_PERFORMANCE_TRACKING,"Comparing planned value with actual cost and calling the difference ""cost performance"" substitutes PV for EV; the correct cost variance is EV minus AC, not PV minus AC.","Cost performance is tracked by comparing earned value with actual cost, trending the resulting cost variance or CPI over time.","Cost performance always runs through EV vs. AC (CV/CPI) — PV-to-AC comparisons, AC-to-BAC comparisons, and SPI are each the wrong basis for a cost-performance conclusion.",,,Current CCP Candidate Handbook (May 2026 Blueprint) 4.D; S&K6 Ch.14,BP524-4_D-1,AUTHORED_PENDING_SPOTCHECK,
BP524-4_D-1,14,NATIVE,BP524-4_D-1,Track actual cost against BAC without considering how much work has been accomplished.,Track actual cost against BAC without considering how much work has been accomplished.,no,SPECIFIC_DIAGNOSIS_VERIFIED,CONCEPT_GAP,,PV_EV_AC_CONFUSION,COST_PERFORMANCE_TRACKING,Tracking actual cost against BAC without considering work accomplished omits earned value entirely — spending relative to the total budget says nothing about cost efficiency for the work actually performed.,"Cost performance is tracked by comparing earned value with actual cost, trending the resulting cost variance or CPI over time.","Cost performance always runs through EV vs. AC (CV/CPI) — PV-to-AC comparisons, AC-to-BAC comparisons, and SPI are each the wrong basis for a cost-performance conclusion.",,,Current CCP Candidate Handbook (May 2026 Blueprint) 4.D; S&K6 Ch.14,BP524-4_D-1,AUTHORED_PENDING_SPOTCHECK,
BP524-4_D-1,14,NATIVE,BP524-4_D-1,Use SPI as the cost-performance indicator because it compares performance with plan.,Use SPI as the cost-performance indicator because it compares performance with plan.,no,SPECIFIC_DIAGNOSIS_VERIFIED,CONCEPT_GAP,,CPI_SPI_CONFLATION,COST_PERFORMANCE_TRACKING,"SPI measures schedule performance (EV/PV), not cost efficiency; using it as ""the cost-performance indicator"" swaps the schedule index for the cost index.","Cost performance is tracked by comparing earned value with actual cost, trending the resulting cost variance or CPI over time.","Cost performance always runs through EV vs. AC (CV/CPI) — PV-to-AC comparisons, AC-to-BAC comparisons, and SPI are each the wrong basis for a cost-performance conclusion.",,,Current CCP Candidate Handbook (May 2026 Blueprint) 4.D; S&K6 Ch.14,BP524-4_D-1,AUTHORED_PENDING_SPOTCHECK,
BP524-4_D-1,14,NATIVE,BP524-4_D-1,Track cost performance by comparing earned value with actual cost and trend the resulting cost variance or CPI over time.,Track cost performance by comparing earned value with actual cost and trend the resulting cost variance or CPI over time.,yes,SPECIFIC_DIAGNOSIS_VERIFIED,,,,COST_PERFORMANCE_TRACKING,Correct option; see governing_concept for the rule that makes it correct.,"Cost performance is tracked by comparing earned value with actual cost, trending the resulting cost variance or CPI over time.","Cost performance always runs through EV vs. AC (CV/CPI) — PV-to-AC comparisons, AC-to-BAC comparisons, and SPI are each the wrong basis for a cost-performance conclusion.",,,Current CCP Candidate Handbook (May 2026 Blueprint) 4.D; S&K6 Ch.14,BP524-4_D-1,AUTHORED_PENDING_SPOTCHECK,
BP524-4_F-1,14,NATIVE,BP524-4_F-1,Focus on CPI because schedule performance has no cost implication until project completion.,Focus on CPI because schedule performance has no cost implication until project completion.,no,SPECIFIC_DIAGNOSIS_VERIFIED,CONCEPT_GAP,,,COST_SCHEDULE_CONTROL_ANALYSIS,"Schedule slippage commonly has cost implications well before project completion (e.g., extended field overhead, acceleration costs), so treating schedule as cost-irrelevant until completion understates the interaction between the two dimensions.","When both CPI and SPI are below 1.0, cost and schedule variances should be analyzed together, their drivers and critical-path implications identified, and the effect on forecast completion assessed.","Cost and schedule variances interact (e.g., delays can drive real cost growth via extended overhead/acceleration) and require joint driver analysis — do not assume a single combined index, a single shared root cause, or that schedule has no cost implication until completion.",,,Current CCP Candidate Handbook (May 2026 Blueprint) 4.F; S&K6 Ch.14; Ch.13,BP524-4_F-1,AUTHORED_PENDING_SPOTCHECK,
BP524-4_F-1,14,NATIVE,BP524-4_F-1,Add CPI and SPI to create one combined performance index for decision making.,Add CPI and SPI to create one combined performance index for decision making.,no,SPECIFIC_DIAGNOSIS_VERIFIED,CONCEPT_GAP,,CPI_SPI_CONFLATION,COST_SCHEDULE_CONTROL_ANALYSIS,There is no standard EVM composite formed by adding CPI and SPI; the two indices measure independent dimensions and should be analyzed together but not merged into one number.,"When both CPI and SPI are below 1.0, cost and schedule variances should be analyzed together, their drivers and critical-path implications identified, and the effect on forecast completion assessed.","Cost and schedule variances interact (e.g., delays can drive real cost growth via extended overhead/acceleration) and require joint driver analysis — do not assume a single combined index, a single shared root cause, or that schedule has no cost implication until completion.",,,Current CCP Candidate Handbook (May 2026 Blueprint) 4.F; S&K6 Ch.14; Ch.13,BP524-4_F-1,AUTHORED_PENDING_SPOTCHECK,
BP524-4_F-1,14,NATIVE,BP524-4_F-1,Treat both indices below 1.0 as proof that the same root cause is driving cost and schedule.,Treat both indices below 1.0 as proof that the same root cause is driving cost and schedule.,no,SPECIFIC_DIAGNOSIS_VERIFIED,QUESTION_READING_INTERPRETATION,,,COST_SCHEDULE_CONTROL_ANALYSIS,Both indices being below 1.0 does not by itself prove they share the same root cause; driver analysis is required before concluding cost and schedule problems stem from a single cause.,"When both CPI and SPI are below 1.0, cost and schedule variances should be analyzed together, their drivers and critical-path implications identified, and the effect on forecast completion assessed.","Cost and schedule variances interact (e.g., delays can drive real cost growth via extended overhead/acceleration) and require joint driver analysis — do not assume a single combined index, a single shared root cause, or that schedule has no cost implication until completion.",,,Current CCP Candidate Handbook (May 2026 Blueprint) 4.F; S&K6 Ch.14; Ch.13,BP524-4_F-1,AUTHORED_PENDING_SPOTCHECK,
BP524-4_F-1,14,NATIVE,BP524-4_F-1,"Analyze cost and schedule variances together, identify their drivers and critical-path implications, and assess the effect on forecast completion.","Analyze cost and schedule variances together, identify their drivers and critical-path implications, and assess the effect on forecast completion.",yes,SPECIFIC_DIAGNOSIS_VERIFIED,,,,COST_SCHEDULE_CONTROL_ANALYSIS,Correct option; see governing_concept for the rule that makes it correct.,"When both CPI and SPI are below 1.0, cost and schedule variances should be analyzed together, their drivers and critical-path implications identified, and the effect on forecast completion assessed.","Cost and schedule variances interact (e.g., delays can drive real cost growth via extended overhead/acceleration) and require joint driver analysis — do not assume a single combined index, a single shared root cause, or that schedule has no cost implication until completion.",,,Current CCP Candidate Handbook (May 2026 Blueprint) 4.F; S&K6 Ch.14; Ch.13,BP524-4_F-1,AUTHORED_PENDING_SPOTCHECK,
BP524-4_G-1,14,NATIVE,BP524-4_G-1,Conclude the project is ahead because actual cost is greater than earned value.,Conclude the project is ahead because actual cost is greater than earned value.,no,SPECIFIC_DIAGNOSIS_VERIFIED,CONCEPT_GAP,CONCEPT_GAP,CV_SIGN,EARNED_VALUE_ANALYSIS,"AC being greater than EV ($5.5M > $5M) means cost performance is unfavorable (negative CV), not that the project is ""ahead""; this option both mislabels the comparison as a schedule statement and gets the cost direction backwards.","With PV=$6M, EV=$5M, AC=$5.5M: SV=EV-PV=-$1M (behind schedule) and CV=EV-AC=-$0.5M (over cost) — both unfavorable, and each is a distinct comparison.","Always compute SV from EV vs. PV and CV from EV vs. AC separately; do not substitute AC-vs-EV magnitude comparisons for the signed variance calculations, and do not use BAC in place of the current-period PV/EV/AC.",,,Current CCP Candidate Handbook (May 2026 Blueprint) 4.G; S&K6 Ch.14,BP524-4_G-1,AUTHORED_PENDING_SPOTCHECK,
BP524-4_G-1,14,NATIVE,BP524-4_G-1,Conclude cost performance is favorable because EV is lower than PV.,Conclude cost performance is favorable because EV is lower than PV.,no,SPECIFIC_DIAGNOSIS_VERIFIED,CONCEPT_GAP,CONCEPT_GAP,SV_SIGN,EARNED_VALUE_ANALYSIS,"EV being lower than PV ($5M < $6M) is the SCHEDULE comparison (SV = EV-PV = -$1M, unfavorable/behind schedule), not a cost-performance comparison, and it is unfavorable, not favorable in either sense.","With PV=$6M, EV=$5M, AC=$5.5M: SV=EV-PV=-$1M (behind schedule) and CV=EV-AC=-$0.5M (over cost) — both unfavorable, and each is a distinct comparison.","Always compute SV from EV vs. PV and CV from EV vs. AC separately; do not substitute AC-vs-EV magnitude comparisons for the signed variance calculations, and do not use BAC in place of the current-period PV/EV/AC.",,,Current CCP Candidate Handbook (May 2026 Blueprint) 4.G; S&K6 Ch.14,BP524-4_G-1,AUTHORED_PENDING_SPOTCHECK,
BP524-4_G-1,14,NATIVE,BP524-4_G-1,"Use BAC to determine current variance because PV, EV, and AC are interim values.","Use BAC to determine current variance because PV, EV, and AC are interim values.",no,SPECIFIC_DIAGNOSIS_VERIFIED,CONCEPT_GAP,,BAC_VS_EAC,EARNED_VALUE_ANALYSIS,"BAC is the total budget for the whole project, not a substitute for the status-date PV/EV/AC figures needed to compute the current-period cost and schedule variances.","With PV=$6M, EV=$5M, AC=$5.5M: SV=EV-PV=-$1M (behind schedule) and CV=EV-AC=-$0.5M (over cost) — both unfavorable, and each is a distinct comparison.","Always compute SV from EV vs. PV and CV from EV vs. AC separately; do not substitute AC-vs-EV magnitude comparisons for the signed variance calculations, and do not use BAC in place of the current-period PV/EV/AC.",,,Current CCP Candidate Handbook (May 2026 Blueprint) 4.G; S&K6 Ch.14,BP524-4_G-1,AUTHORED_PENDING_SPOTCHECK,
BP524-4_G-1,14,NATIVE,BP524-4_G-1,Analyze EV against PV and AC: the project is behind schedule in value terms and over cost for the work accomplished.,Analyze EV against PV and AC: the project is behind schedule in value terms and over cost for the work accomplished.,yes,SPECIFIC_DIAGNOSIS_VERIFIED,,,,EARNED_VALUE_ANALYSIS,Correct option; see governing_concept for the rule that makes it correct.,"With PV=$6M, EV=$5M, AC=$5.5M: SV=EV-PV=-$1M (behind schedule) and CV=EV-AC=-$0.5M (over cost) — both unfavorable, and each is a distinct comparison.","Always compute SV from EV vs. PV and CV from EV vs. AC separately; do not substitute AC-vs-EV magnitude comparisons for the signed variance calculations, and do not use BAC in place of the current-period PV/EV/AC.",,,Current CCP Candidate Handbook (May 2026 Blueprint) 4.G; S&K6 Ch.14,BP524-4_G-1,AUTHORED_PENDING_SPOTCHECK,
BP524-4_H-1,14,NATIVE,BP524-4_H-1,Accept 80% because earned value is a financial measure independent of physical progress.,Accept 80% because earned value is a financial measure independent of physical progress.,no,SPECIFIC_DIAGNOSIS_VERIFIED,CONCEPT_GAP,,EV_PHYSICAL_PROGRESS_DECOUPLING,EV_PHYSICAL_PROGRESS_ALIGNMENT,"This treats EV as independent of physical progress, but EV is specifically defined as budget value earned FOR verified physical accomplishment; a material gap between reported EV and verified progress is exactly the kind of overstatement that must be investigated, not accepted.","Earned value must be grounded in verified physical accomplishment; when reported EV (80%) diverges materially from verified physical progress (50%), the earning method and evidence should be investigated, EV reconciled to actual accomplishment, and overstated progress corrected.","EV is a translation of verified physical progress into budget value, not an independent financial figure — when EV and verified physical progress disagree, investigate and correct the EV/earning method, not the physical evidence.",,,Current CCP Candidate Handbook (May 2026 Blueprint) 4.H; S&K6 Ch.14,BP524-4_H-1,AUTHORED_PENDING_SPOTCHECK,
BP524-4_H-1,14,NATIVE,BP524-4_H-1,Raise physical progress to 80% so schedule and EVM reports remain aligned.,Raise physical progress to 80% so schedule and EVM reports remain aligned.,no,SPECIFIC_DIAGNOSIS_VERIFIED,CONCEPT_GAP,,,EV_PHYSICAL_PROGRESS_ALIGNMENT,"Raising the physical-progress figure to match the reported EV adjusts the more reliable, verified evidence to fit the suspect EV figure — the correction should go the other way: reconcile EV to the verified physical evidence.","Earned value must be grounded in verified physical accomplishment; when reported EV (80%) diverges materially from verified physical progress (50%), the earning method and evidence should be investigated, EV reconciled to actual accomplishment, and overstated progress corrected.","EV is a translation of verified physical progress into budget value, not an independent financial figure — when EV and verified physical progress disagree, investigate and correct the EV/earning method, not the physical evidence.",,,Current CCP Candidate Handbook (May 2026 Blueprint) 4.H; S&K6 Ch.14,BP524-4_H-1,AUTHORED_PENDING_SPOTCHECK,
BP524-4_H-1,14,NATIVE,BP524-4_H-1,Use actual cost percent spent as the physical progress measure to resolve the difference.,Use actual cost percent spent as the physical progress measure to resolve the difference.,no,SPECIFIC_DIAGNOSIS_VERIFIED,CONCEPT_GAP,,COST_RATIO_VS_PHYSICAL_PROGRESS,EV_PHYSICAL_PROGRESS_ALIGNMENT,"Actual cost percent spent is a spending measure, not a physical-progress measure; substituting it for verified physical evidence introduces the same cost-ratio distortion risk associated with using spending as a progress proxy.","Earned value must be grounded in verified physical accomplishment; when reported EV (80%) diverges materially from verified physical progress (50%), the earning method and evidence should be investigated, EV reconciled to actual accomplishment, and overstated progress corrected.","EV is a translation of verified physical progress into budget value, not an independent financial figure — when EV and verified physical progress disagree, investigate and correct the EV/earning method, not the physical evidence.",,,Current CCP Candidate Handbook (May 2026 Blueprint) 4.H; S&K6 Ch.14,BP524-4_H-1,AUTHORED_PENDING_SPOTCHECK,
BP524-4_H-1,14,NATIVE,BP524-4_H-1,"Investigate the earning method and progress evidence, reconcile EV with actual physical accomplishment, and correct overstated progress if unsupported.","Investigate the earning method and progress evidence, reconcile EV with actual physical accomplishment, and correct overstated progress if unsupported.",yes,SPECIFIC_DIAGNOSIS_VERIFIED,,,,EV_PHYSICAL_PROGRESS_ALIGNMENT,Correct option; see governing_concept for the rule that makes it correct.,"Earned value must be grounded in verified physical accomplishment; when reported EV (80%) diverges materially from verified physical progress (50%), the earning method and evidence should be investigated, EV reconciled to actual accomplishment, and overstated progress corrected.","EV is a translation of verified physical progress into budget value, not an independent financial figure — when EV and verified physical progress disagree, investigate and correct the EV/earning method, not the physical evidence.",,,Current CCP Candidate Handbook (May 2026 Blueprint) 4.H; S&K6 Ch.14,BP524-4_H-1,AUTHORED_PENDING_SPOTCHECK,
BP524-4_I-1,14,NATIVE,BP524-4_I-1,Accept the analysis if its total variance matches the accounting report.,Accept the analysis if its total variance matches the accounting report.,no,SPECIFIC_DIAGNOSIS_VERIFIED,CONCEPT_GAP,,,COST_ANALYSIS_VALIDATION,"A total variance matching the accounting report validates only the AGGREGATE figure, not the driver decomposition; the analysis attributed the overrun entirely to rate even though the data show both hours and rate are elevated.","Validating a variance analysis requires reconciling source data, formulas, periods, and driver decomposition before accepting its conclusion — especially when the supporting data show more than one driver (here, both hours and rate) contributing to the variance.","A variance's total matching a control total does not validate its DRIVER attribution; when multiple drivers are present in the data, each must be reconciled and decomposed, not collapsed into a single dominant explanation.",,,Current CCP Candidate Handbook (May 2026 Blueprint) 4.I; S&K6 Ch.14; Ch.19,BP524-4_I-1,AUTHORED_PENDING_SPOTCHECK,
BP524-4_I-1,14,NATIVE,BP524-4_I-1,Use the largest individual driver as the sole explanation to simplify management reporting.,Use the largest individual driver as the sole explanation to simplify management reporting.,no,SPECIFIC_DIAGNOSIS_VERIFIED,CONCEPT_GAP,,,COST_ANALYSIS_VALIDATION,"Using only the largest individual driver as the sole explanation discards a real second driver shown by the data (both hours and rate are elevated here), oversimplifying the decomposition.","Validating a variance analysis requires reconciling source data, formulas, periods, and driver decomposition before accepting its conclusion — especially when the supporting data show more than one driver (here, both hours and rate) contributing to the variance.","A variance's total matching a control total does not validate its DRIVER attribution; when multiple drivers are present in the data, each must be reconciled and decomposed, not collapsed into a single dominant explanation.",,,Current CCP Candidate Handbook (May 2026 Blueprint) 4.I; S&K6 Ch.14; Ch.19,BP524-4_I-1,AUTHORED_PENDING_SPOTCHECK,
BP524-4_I-1,14,NATIVE,BP524-4_I-1,Recalculate the variance using forecast cost because forecast already incorporates both effects.,Recalculate the variance using forecast cost because forecast already incorporates both effects.,no,SPECIFIC_DIAGNOSIS_VERIFIED,CONCEPT_GAP,,ETC_VS_EAC,COST_ANALYSIS_VALIDATION,"Forecast cost is a different, forward-looking figure (related to EAC/ETC); recalculating with it does not validate the historical variance's driver decomposition, which is what the scenario calls for.","Validating a variance analysis requires reconciling source data, formulas, periods, and driver decomposition before accepting its conclusion — especially when the supporting data show more than one driver (here, both hours and rate) contributing to the variance.","A variance's total matching a control total does not validate its DRIVER attribution; when multiple drivers are present in the data, each must be reconciled and decomposed, not collapsed into a single dominant explanation.",,,Current CCP Candidate Handbook (May 2026 Blueprint) 4.I; S&K6 Ch.14; Ch.19,BP524-4_I-1,AUTHORED_PENDING_SPOTCHECK,
BP524-4_I-1,14,NATIVE,BP524-4_I-1,"Validate the analysis by reconciling source data, formulas, periods, and driver decomposition before accepting the conclusion.","Validate the analysis by reconciling source data, formulas, periods, and driver decomposition before accepting the conclusion.",yes,SPECIFIC_DIAGNOSIS_VERIFIED,,,,COST_ANALYSIS_VALIDATION,Correct option; see governing_concept for the rule that makes it correct.,"Validating a variance analysis requires reconciling source data, formulas, periods, and driver decomposition before accepting its conclusion — especially when the supporting data show more than one driver (here, both hours and rate) contributing to the variance.","A variance's total matching a control total does not validate its DRIVER attribution; when multiple drivers are present in the data, each must be reconciled and decomposed, not collapsed into a single dominant explanation.",,,Current CCP Candidate Handbook (May 2026 Blueprint) 4.I; S&K6 Ch.14; Ch.19,BP524-4_I-1,AUTHORED_PENDING_SPOTCHECK,
BP524-4_J-1,14,NATIVE,BP524-4_J-1,Use the latest CPI only and ignore prior periods because current status replaces historical performance.,Use the latest CPI only and ignore prior periods because current status replaces historical performance.,no,SPECIFIC_DIAGNOSIS_VERIFIED,CONCEPT_GAP,,TREND_ANALYSIS,COST_TREND_ANALYSIS,"Using only the latest CPI and ignoring prior periods discards the declining-trend information itself, which is the whole point of trend analysis — the sequence, not just the current value, is the signal.","A declining CPI trend across periods (1.02 -> 0.96 -> 0.90) should be analyzed for recurring drivers and its effects on the forecast and corrective action, not reduced to a single latest value or averaged away.","Trend analysis requires looking at the SEQUENCE of index values, not just the latest one or their average — a declining sequence is itself the signal, distinct from any one period's value.",,,Current CCP Candidate Handbook (May 2026 Blueprint) 4.J; S&K6 Ch.14,BP524-4_J-1,AUTHORED_PENDING_SPOTCHECK,
BP524-4_J-1,14,NATIVE,BP524-4_J-1,Average the three CPI values and assume the trend is stable.,Average the three CPI values and assume the trend is stable.,no,SPECIFIC_DIAGNOSIS_VERIFIED,CONCEPT_GAP,,TREND_ANALYSIS,COST_TREND_ANALYSIS,"Averaging the three CPI values (1.02, 0.96, 0.90) obscures a clearly deteriorating trend by treating it as if performance were stable, when it is consistently declining period over period.","A declining CPI trend across periods (1.02 -> 0.96 -> 0.90) should be analyzed for recurring drivers and its effects on the forecast and corrective action, not reduced to a single latest value or averaged away.","Trend analysis requires looking at the SEQUENCE of index values, not just the latest one or their average — a declining sequence is itself the signal, distinct from any one period's value.",,,Current CCP Candidate Handbook (May 2026 Blueprint) 4.J; S&K6 Ch.14,BP524-4_J-1,AUTHORED_PENDING_SPOTCHECK,
BP524-4_J-1,14,NATIVE,BP524-4_J-1,Treat the decline as schedule variance because CPI is a time-series indicator.,Treat the decline as schedule variance because CPI is a time-series indicator.,no,SPECIFIC_DIAGNOSIS_VERIFIED,CONCEPT_GAP,,CPI_SPI_CONFLATION,COST_TREND_ANALYSIS,CPI is a cost index (EV/AC); being a time-series measure does not make a declining CPI a schedule variance — that conflates the cost and schedule dimensions.,"A declining CPI trend across periods (1.02 -> 0.96 -> 0.90) should be analyzed for recurring drivers and its effects on the forecast and corrective action, not reduced to a single latest value or averaged away.","Trend analysis requires looking at the SEQUENCE of index values, not just the latest one or their average — a declining sequence is itself the signal, distinct from any one period's value.",,,Current CCP Candidate Handbook (May 2026 Blueprint) 4.J; S&K6 Ch.14,BP524-4_J-1,AUTHORED_PENDING_SPOTCHECK,
BP524-4_J-1,14,NATIVE,BP524-4_J-1,"Analyze the deteriorating CPI trend, identify recurring drivers, and assess effects on forecast and corrective action.","Analyze the deteriorating CPI trend, identify recurring drivers, and assess effects on forecast and corrective action.",yes,SPECIFIC_DIAGNOSIS_VERIFIED,,,,COST_TREND_ANALYSIS,Correct option; see governing_concept for the rule that makes it correct.,"A declining CPI trend across periods (1.02 -> 0.96 -> 0.90) should be analyzed for recurring drivers and its effects on the forecast and corrective action, not reduced to a single latest value or averaged away.","Trend analysis requires looking at the SEQUENCE of index values, not just the latest one or their average — a declining sequence is itself the signal, distinct from any one period's value.",,,Current CCP Candidate Handbook (May 2026 Blueprint) 4.J; S&K6 Ch.14,BP524-4_J-1,AUTHORED_PENDING_SPOTCHECK,
sg14_1,14,STUDY_GUIDE,sg14_1,Customer and the project manager,Customer and the project manager,no,SPECIFIC_DIAGNOSIS_VERIFIED,CONCEPT_GAP,,WORK_AUTHORIZATION_PARTY_CONFUSION,WORK_AUTHORIZATION,"The customer is party to external/contractual authorization (the basic contract, change notices, supplemental agreements), not to the internal WAD that formally authorizes a CAM to execute work within a control account.","The Work Authorization Directive (WAD) is the formal ""contract"" of scope, plan, and schedule between the Project Manager (who issues it) and the Control Account Manager / CAM (who implements it); it is signed by at least these two parties.","WAD = PM-to-CAM instrument; the customer's authorization is a separate, higher-level mechanism (basic contract, change notices), and the functional manager is not party to work authorization for a CA.",,,"CCP Certification Study Guide, 2nd Ed. — Chapter 14, Check on Learning / Solutions, pp. 99-103",sg14_1,AUTHORED_PENDING_SPOTCHECK,
sg14_1,14,STUDY_GUIDE,sg14_1,Project manager and the control account manager (CAM),Project manager and the control account manager (CAM),yes,SPECIFIC_DIAGNOSIS_VERIFIED,,,,WORK_AUTHORIZATION,Correct option; see governing_concept for the rule that makes it correct.,"The Work Authorization Directive (WAD) is the formal ""contract"" of scope, plan, and schedule between the Project Manager (who issues it) and the Control Account Manager / CAM (who implements it); it is signed by at least these two parties.","WAD = PM-to-CAM instrument; the customer's authorization is a separate, higher-level mechanism (basic contract, change notices), and the functional manager is not party to work authorization for a CA.",,,"CCP Certification Study Guide, 2nd Ed. — Chapter 14, Check on Learning / Solutions, pp. 99-103",sg14_1,AUTHORED_PENDING_SPOTCHECK,
sg14_1,14,STUDY_GUIDE,sg14_1,Project manager and the functional manager,Project manager and the functional manager,no,SPECIFIC_DIAGNOSIS_VERIFIED,CONCEPT_GAP,,WORK_AUTHORIZATION_PARTY_CONFUSION,WORK_AUTHORIZATION,"The functional manager administers a matrixed individual's administrative needs; work authorization for a control account's scope runs from the Project Manager to the Control Account Manager (CAM), not to the functional manager.","The Work Authorization Directive (WAD) is the formal ""contract"" of scope, plan, and schedule between the Project Manager (who issues it) and the Control Account Manager / CAM (who implements it); it is signed by at least these two parties.","WAD = PM-to-CAM instrument; the customer's authorization is a separate, higher-level mechanism (basic contract, change notices), and the functional manager is not party to work authorization for a CA.",,,"CCP Certification Study Guide, 2nd Ed. — Chapter 14, Check on Learning / Solutions, pp. 99-103",sg14_1,AUTHORED_PENDING_SPOTCHECK,
sg14_1,14,STUDY_GUIDE,sg14_1,Customer and the control account manager (CAM),Customer and the control account manager (CAM),no,SPECIFIC_DIAGNOSIS_VERIFIED,CONCEPT_GAP,,WORK_AUTHORIZATION_PARTY_CONFUSION,WORK_AUTHORIZATION,"The WAD is the internal instrument between the PM and CAM; the customer's authorization operates at a different level (the contract itself and its change notices), not as a party to the internal WAD.","The Work Authorization Directive (WAD) is the formal ""contract"" of scope, plan, and schedule between the Project Manager (who issues it) and the Control Account Manager / CAM (who implements it); it is signed by at least these two parties.","WAD = PM-to-CAM instrument; the customer's authorization is a separate, higher-level mechanism (basic contract, change notices), and the functional manager is not party to work authorization for a CA.",,,"CCP Certification Study Guide, 2nd Ed. — Chapter 14, Check on Learning / Solutions, pp. 99-103",sg14_1,AUTHORED_PENDING_SPOTCHECK,
sg14_2,14,STUDY_GUIDE,sg14_2,"PMB assessment, IBR preparation, PMB execution, management processes","PMB assessment, IBR preparation, PMB execution, management processes",no,SPECIFIC_DIAGNOSIS_VERIFIED,CONCEPT_GAP,,IBR_PROCESS_STEP_SUBSTITUTION,IBR,"This substitutes ""PMB execution"" for the correct third step, ""IBR Execution"" — the IBR process executes the review itself, not a separate ""PMB execution"" activity.","The IBR process consists of four jointly executed activities in this order: PMB Assessment, IBR Preparation, IBR Execution, and Management Processes.","Memorize the four IBR steps in order and by exact name — ""PMB Assessment"" (not ""PMB development"") is first, and the third step is ""IBR Execution"" (not ""PMB execution"").",,,"CCP Certification Study Guide, 2nd Ed. — Chapter 14, Check on Learning / Solutions, pp. 99-103",sg14_2,AUTHORED_PENDING_SPOTCHECK,
sg14_2,14,STUDY_GUIDE,sg14_2,"PMB development, IBR preparation, IBR execution, management processes","PMB development, IBR preparation, IBR execution, management processes",no,SPECIFIC_DIAGNOSIS_VERIFIED,CONCEPT_GAP,,IBR_PROCESS_STEP_SUBSTITUTION,IBR,"This substitutes ""PMB development"" for the correct first step, ""PMB Assessment"" — the IBR process assesses the already-developed baseline, it does not (re)develop it.","The IBR process consists of four jointly executed activities in this order: PMB Assessment, IBR Preparation, IBR Execution, and Management Processes.","Memorize the four IBR steps in order and by exact name — ""PMB Assessment"" (not ""PMB development"") is first, and the third step is ""IBR Execution"" (not ""PMB execution"").",,,"CCP Certification Study Guide, 2nd Ed. — Chapter 14, Check on Learning / Solutions, pp. 99-103",sg14_2,AUTHORED_PENDING_SPOTCHECK,
sg14_2,14,STUDY_GUIDE,sg14_2,"PMB assessment, IBR preparation, IBR execution, management processes","PMB assessment, IBR preparation, IBR execution, management processes",yes,SPECIFIC_DIAGNOSIS_VERIFIED,,,,IBR,Correct option; see governing_concept for the rule that makes it correct.,"The IBR process consists of four jointly executed activities in this order: PMB Assessment, IBR Preparation, IBR Execution, and Management Processes.","Memorize the four IBR steps in order and by exact name — ""PMB Assessment"" (not ""PMB development"") is first, and the third step is ""IBR Execution"" (not ""PMB execution"").",,,"CCP Certification Study Guide, 2nd Ed. — Chapter 14, Check on Learning / Solutions, pp. 99-103",sg14_2,AUTHORED_PENDING_SPOTCHECK,
sg14_2,14,STUDY_GUIDE,sg14_2,"PMB development, IBR processes, PMB execution, management processes","PMB development, IBR processes, PMB execution, management processes",no,SPECIFIC_DIAGNOSIS_VERIFIED,CONCEPT_GAP,,IBR_PROCESS_STEP_SUBSTITUTION,IBR,"This substitutes both the first step (""PMB development"" instead of ""PMB Assessment"") and the third step (""PMB execution"" instead of ""IBR Execution"").","The IBR process consists of four jointly executed activities in this order: PMB Assessment, IBR Preparation, IBR Execution, and Management Processes.","Memorize the four IBR steps in order and by exact name — ""PMB Assessment"" (not ""PMB development"") is first, and the third step is ""IBR Execution"" (not ""PMB execution"").",,,"CCP Certification Study Guide, 2nd Ed. — Chapter 14, Check on Learning / Solutions, pp. 99-103",sg14_2,AUTHORED_PENDING_SPOTCHECK,
sg14_3,14,STUDY_GUIDE,sg14_3,To adjust for actual productivity,To adjust for actual productivity,no,SPECIFIC_DIAGNOSIS_VERIFIED,CONCEPT_GAP,,PMB_BASELINE_INTEGRITY,PERFORMANCE_MEASUREMENT_BASELINE,Adjusting the PMB for actual productivity would mask real cost/schedule performance by moving the baseline itself rather than measuring against it — the same baseline-integrity violation as inflating BAC to restore CPI to 1.0.,"The Performance Measurement Baseline can be changed only by approved change orders — it cannot be altered to adjust for actual productivity, in anticipation of contemplated (not-yet-approved) changes, or to account for trends.","The PMB changes on approval, not on anticipation or on observed performance — formal, approved change orders are the only trigger.",,,"CCP Certification Study Guide, 2nd Ed. — Chapter 14, Check on Learning / Solutions, pp. 99-103",sg14_3,AUTHORED_PENDING_SPOTCHECK,
sg14_3,14,STUDY_GUIDE,sg14_3,In anticipation of contemplated changes,In anticipation of contemplated changes,no,SPECIFIC_DIAGNOSIS_VERIFIED,CONCEPT_GAP,,,PERFORMANCE_MEASUREMENT_BASELINE,"Contemplated (not-yet-approved) changes are, by definition, not yet authorized; the PMB changes only once a change order is actually approved, not in anticipation of one.","The Performance Measurement Baseline can be changed only by approved change orders — it cannot be altered to adjust for actual productivity, in anticipation of contemplated (not-yet-approved) changes, or to account for trends.","The PMB changes on approval, not on anticipation or on observed performance — formal, approved change orders are the only trigger.",,,"CCP Certification Study Guide, 2nd Ed. — Chapter 14, Check on Learning / Solutions, pp. 99-103",sg14_3,AUTHORED_PENDING_SPOTCHECK,
sg14_3,14,STUDY_GUIDE,sg14_3,By approved change orders,By approved change orders,yes,SPECIFIC_DIAGNOSIS_VERIFIED,,,,PERFORMANCE_MEASUREMENT_BASELINE,Correct option; see governing_concept for the rule that makes it correct.,"The Performance Measurement Baseline can be changed only by approved change orders — it cannot be altered to adjust for actual productivity, in anticipation of contemplated (not-yet-approved) changes, or to account for trends.","The PMB changes on approval, not on anticipation or on observed performance — formal, approved change orders are the only trigger.",,,"CCP Certification Study Guide, 2nd Ed. — Chapter 14, Check on Learning / Solutions, pp. 99-103",sg14_3,AUTHORED_PENDING_SPOTCHECK,
sg14_3,14,STUDY_GUIDE,sg14_3,To account for trends,To account for trends,no,SPECIFIC_DIAGNOSIS_VERIFIED,CONCEPT_GAP,,EAC_ASSUMPTION,PERFORMANCE_MEASUREMENT_BASELINE,"Trends (e.g., a declining CPI) inform forecasts such as EAC — they are not, by themselves, a basis for changing the baseline itself.","The Performance Measurement Baseline can be changed only by approved change orders — it cannot be altered to adjust for actual productivity, in anticipation of contemplated (not-yet-approved) changes, or to account for trends.","The PMB changes on approval, not on anticipation or on observed performance — formal, approved change orders are the only trigger.",,,"CCP Certification Study Guide, 2nd Ed. — Chapter 14, Check on Learning / Solutions, pp. 99-103",sg14_3,AUTHORED_PENDING_SPOTCHECK,
sg14_4,14,STUDY_GUIDE,sg14_4,Management reserve,Management reserve,no,SPECIFIC_DIAGNOSIS_VERIFIED,CONCEPT_GAP,,MR_VS_PMB,MANAGEMENT_RESERVE_CONTINGENCY,Management Reserve is explicitly excluded from the PMB and from earned value calculations; it does not belong inside the PMB.,"Neither Management Reserve nor Contingency (""known-unknowns"") is part of the PMB: MR is excluded from earned value calculations and sits outside the PMB, and contingency reserves are removed from the baseline plans to create the PMB in the first place.",The PMB = the baseline AFTER management reserve and contingency/known-unknown reserves have been stripped out — neither belongs inside it.,,,"CCP Certification Study Guide, 2nd Ed. — Chapter 14, Check on Learning / Solutions, pp. 99-103",sg14_4,AUTHORED_PENDING_SPOTCHECK,
sg14_4,14,STUDY_GUIDE,sg14_4,Contingency,Contingency,no,SPECIFIC_DIAGNOSIS_VERIFIED,CONCEPT_GAP,,CONTINGENCY_VS_PMB,MANAGEMENT_RESERVE_CONTINGENCY,Contingency reserves are removed from the baseline plans specifically to CREATE the PMB; contingency is therefore not part of the PMB.,"Neither Management Reserve nor Contingency (""known-unknowns"") is part of the PMB: MR is excluded from earned value calculations and sits outside the PMB, and contingency reserves are removed from the baseline plans to create the PMB in the first place.",The PMB = the baseline AFTER management reserve and contingency/known-unknown reserves have been stripped out — neither belongs inside it.,,,"CCP Certification Study Guide, 2nd Ed. — Chapter 14, Check on Learning / Solutions, pp. 99-103",sg14_4,AUTHORED_PENDING_SPOTCHECK,
sg14_4,14,STUDY_GUIDE,sg14_4,Known unknowns,Known unknowns,no,SPECIFIC_DIAGNOSIS_VERIFIED,CONCEPT_GAP,,CONTINGENCY_VS_PMB,MANAGEMENT_RESERVE_CONTINGENCY,"""Known unknowns"" describes the same category of anticipated-but-uncertain events covered by contingency, which is likewise excluded from the PMB once removed to form the baseline.","Neither Management Reserve nor Contingency (""known-unknowns"") is part of the PMB: MR is excluded from earned value calculations and sits outside the PMB, and contingency reserves are removed from the baseline plans to create the PMB in the first place.",The PMB = the baseline AFTER management reserve and contingency/known-unknown reserves have been stripped out — neither belongs inside it.,,,"CCP Certification Study Guide, 2nd Ed. — Chapter 14, Check on Learning / Solutions, pp. 99-103",sg14_4,AUTHORED_PENDING_SPOTCHECK,
sg14_4,14,STUDY_GUIDE,sg14_4,None of the above,None of the above,yes,SPECIFIC_DIAGNOSIS_VERIFIED,,,,MANAGEMENT_RESERVE_CONTINGENCY,Correct option; see governing_concept for the rule that makes it correct.,"Neither Management Reserve nor Contingency (""known-unknowns"") is part of the PMB: MR is excluded from earned value calculations and sits outside the PMB, and contingency reserves are removed from the baseline plans to create the PMB in the first place.",The PMB = the baseline AFTER management reserve and contingency/known-unknown reserves have been stripped out — neither belongs inside it.,,,"CCP Certification Study Guide, 2nd Ed. — Chapter 14, Check on Learning / Solutions, pp. 99-103",sg14_4,AUTHORED_PENDING_SPOTCHECK,
sg14_5,14,STUDY_GUIDE,sg14_5,Random Access Memory,Random Access Memory,no,GENERAL_WRONG_REASON_VERIFIED,QUESTION_READING_INTERPRETATION,,RAM_ACRONYM_COLLISION,WBS_OBS_CA_STRUCTURE,"""Random Access Memory"" is the common computing meaning of the RAM acronym, unrelated to the project-controls Responsibility Assignment Matrix this chapter defines — an acronym-collision distractor rather than a project-controls misconception.",RAM stands for Responsibility Assignment Matrix — the resource matrix that cross-references the OBS to the WBS and identifies control-account responsibility.,"In an EVMS/project-controls context, RAM always means Responsibility Assignment Matrix, not the unrelated computing-memory acronym.",,,"CCP Certification Study Guide, 2nd Ed. — Chapter 14, Check on Learning / Solutions, pp. 99-103",sg14_5,AUTHORED_PENDING_SPOTCHECK,
sg14_5,14,STUDY_GUIDE,sg14_5,Responsibility Assignment Matrix,Responsibility Assignment Matrix,yes,SPECIFIC_DIAGNOSIS_VERIFIED,,,,WBS_OBS_CA_STRUCTURE,Correct option; see governing_concept for the rule that makes it correct.,RAM stands for Responsibility Assignment Matrix — the resource matrix that cross-references the OBS to the WBS and identifies control-account responsibility.,"In an EVMS/project-controls context, RAM always means Responsibility Assignment Matrix, not the unrelated computing-memory acronym.",,,"CCP Certification Study Guide, 2nd Ed. — Chapter 14, Check on Learning / Solutions, pp. 99-103",sg14_5,AUTHORED_PENDING_SPOTCHECK,
sg14_5,14,STUDY_GUIDE,sg14_5,Realistic Assessment Method,Realistic Assessment Method,no,GENERAL_WRONG_REASON_VERIFIED,QUESTION_READING_INTERPRETATION,,,WBS_OBS_CA_STRUCTURE,"""Realistic Assessment Method"" is not a defined AACE/EVMS term; it is a plausible-sounding but fabricated expansion of the RAM acronym.",RAM stands for Responsibility Assignment Matrix — the resource matrix that cross-references the OBS to the WBS and identifies control-account responsibility.,"In an EVMS/project-controls context, RAM always means Responsibility Assignment Matrix, not the unrelated computing-memory acronym.",,,"CCP Certification Study Guide, 2nd Ed. — Chapter 14, Check on Learning / Solutions, pp. 99-103",sg14_5,AUTHORED_PENDING_SPOTCHECK,
sg14_5,14,STUDY_GUIDE,sg14_5,Reasoned Average Methodology,Reasoned Average Methodology,no,GENERAL_WRONG_REASON_VERIFIED,QUESTION_READING_INTERPRETATION,,,WBS_OBS_CA_STRUCTURE,"""Reasoned Average Methodology"" is not a defined AACE/EVMS term; it is a plausible-sounding but fabricated expansion of the RAM acronym.",RAM stands for Responsibility Assignment Matrix — the resource matrix that cross-references the OBS to the WBS and identifies control-account responsibility.,"In an EVMS/project-controls context, RAM always means Responsibility Assignment Matrix, not the unrelated computing-memory acronym.",,,"CCP Certification Study Guide, 2nd Ed. — Chapter 14, Check on Learning / Solutions, pp. 99-103",sg14_5,AUTHORED_PENDING_SPOTCHECK,
sg14_6,14,STUDY_GUIDE,sg14_6,It is a systematic approach to divide and subdivide a project’s work,It is a systematic approach to divide and subdivide a project’s work,yes,SPECIFIC_DIAGNOSIS_VERIFIED,,,,WBS_OBS_CA_STRUCTURE,Correct option; see governing_concept for the rule that makes it correct.,"The WBS is a systematic approach to divide and subdivide a project's work into manageable components for planning and control of technical scope, cost, and schedule.","WBS = scope decomposition; OBS = org structure integrated with the PMO; RAM = resource matrix identifying CA-level responsibility; the milestone/deliverable list is a separate planning artifact, not the WBS itself.",,,"CCP Certification Study Guide, 2nd Ed. — Chapter 14, Check on Learning / Solutions, pp. 99-103",sg14_6,AUTHORED_PENDING_SPOTCHECK,
sg14_6,14,STUDY_GUIDE,sg14_6,It reflects the company’s organization as integrated with a particular Project Management Office,It reflects the company’s organization as integrated with a particular Project Management Office,no,SPECIFIC_DIAGNOSIS_VERIFIED,CONCEPT_GAP,,WBS_OBS_CONFUSION,WBS_OBS_CA_STRUCTURE,"This describes the OBS (""reflects the company's organization as integrated with a particular PMO""), not the WBS, which decomposes project scope rather than organizational structure.","The WBS is a systematic approach to divide and subdivide a project's work into manageable components for planning and control of technical scope, cost, and schedule.","WBS = scope decomposition; OBS = org structure integrated with the PMO; RAM = resource matrix identifying CA-level responsibility; the milestone/deliverable list is a separate planning artifact, not the WBS itself.",,,"CCP Certification Study Guide, 2nd Ed. — Chapter 14, Check on Learning / Solutions, pp. 99-103",sg14_6,AUTHORED_PENDING_SPOTCHECK,
sg14_6,14,STUDY_GUIDE,sg14_6,It identifies the resources associated with the control account levels established for the project,It identifies the resources associated with the control account levels established for the project,no,SPECIFIC_DIAGNOSIS_VERIFIED,CONCEPT_GAP,,WBS_OBS_CONFUSION,WBS_OBS_CA_STRUCTURE,"This describes the RAM, which identifies the resources associated with control-account levels, not the WBS itself.","The WBS is a systematic approach to divide and subdivide a project's work into manageable components for planning and control of technical scope, cost, and schedule.","WBS = scope decomposition; OBS = org structure integrated with the PMO; RAM = resource matrix identifying CA-level responsibility; the milestone/deliverable list is a separate planning artifact, not the WBS itself.",,,"CCP Certification Study Guide, 2nd Ed. — Chapter 14, Check on Learning / Solutions, pp. 99-103",sg14_6,AUTHORED_PENDING_SPOTCHECK,
sg14_6,14,STUDY_GUIDE,sg14_6,It includes a list of deliverables and milestones for the project.,It includes a list of deliverables and milestones for the project.,no,SPECIFIC_DIAGNOSIS_VERIFIED,CONCEPT_GAP,,WBS_VS_MILESTONE_LIST,WBS_OBS_CA_STRUCTURE,"A list of deliverables and milestones is a separate planning artifact developed during Planning, Scheduling, and Budgeting; it is not itself the definition of the WBS.","The WBS is a systematic approach to divide and subdivide a project's work into manageable components for planning and control of technical scope, cost, and schedule.","WBS = scope decomposition; OBS = org structure integrated with the PMO; RAM = resource matrix identifying CA-level responsibility; the milestone/deliverable list is a separate planning artifact, not the WBS itself.",,,"CCP Certification Study Guide, 2nd Ed. — Chapter 14, Check on Learning / Solutions, pp. 99-103",sg14_6,AUTHORED_PENDING_SPOTCHECK,
sg14_7,14,STUDY_GUIDE,sg14_7,"Each budget is traceable to the WBS, OBS, scheduling system, and cost collection system.","Each budget is traceable to the WBS, OBS, scheduling system, and cost collection system.",no,SPECIFIC_DIAGNOSIS_VERIFIED,QUESTION_READING_INTERPRETATION,,INCOMPLETE_OPTION_SELECTION,PERFORMANCE_MEASUREMENT_BASELINE,"Traceability to the WBS, OBS, scheduling system, and cost collection system is one true PMB characteristic, but it is only one of several the source lists — the question asks which are key characteristics, and ""All of the above"" captures the complete, correct set.","All three listed statements — full traceability to WBS/OBS/scheduling/cost systems, budgets and schedules for authorized work at the CA level (and undefined work at a summary level), and a time-phased baseline consistent with the integrated schedule — are among the source's Key Characteristics of a PMB.","When a question lists several individually-true PMB characteristics and offers ""All of the above,"" check whether each partial option is merely incomplete relative to the full list before picking a single one.",,,"CCP Certification Study Guide, 2nd Ed. — Chapter 14, Check on Learning / Solutions, pp. 99-103",sg14_7,AUTHORED_PENDING_SPOTCHECK,
sg14_7,14,STUDY_GUIDE,sg14_7,"Budgets and schedules are established for all authorized work, at the control account level, and for undefined work at a summary level.","Budgets and schedules are established for all authorized work, at the control account level, and for undefined work at a summary level.",no,SPECIFIC_DIAGNOSIS_VERIFIED,QUESTION_READING_INTERPRETATION,,INCOMPLETE_OPTION_SELECTION,PERFORMANCE_MEASUREMENT_BASELINE,"Establishing budgets/schedules for authorized work at the CA level (and summary level for undefined work) is one true PMB characteristic, but selecting only this option omits the other characteristics the source also lists.","All three listed statements — full traceability to WBS/OBS/scheduling/cost systems, budgets and schedules for authorized work at the CA level (and undefined work at a summary level), and a time-phased baseline consistent with the integrated schedule — are among the source's Key Characteristics of a PMB.","When a question lists several individually-true PMB characteristics and offers ""All of the above,"" check whether each partial option is merely incomplete relative to the full list before picking a single one.",,,"CCP Certification Study Guide, 2nd Ed. — Chapter 14, Check on Learning / Solutions, pp. 99-103",sg14_7,AUTHORED_PENDING_SPOTCHECK,
sg14_7,14,STUDY_GUIDE,sg14_7,"Baseline reflects the work scope, time phased and consistent with the integrated schedule.","Baseline reflects the work scope, time phased and consistent with the integrated schedule.",no,SPECIFIC_DIAGNOSIS_VERIFIED,QUESTION_READING_INTERPRETATION,,INCOMPLETE_OPTION_SELECTION,PERFORMANCE_MEASUREMENT_BASELINE,"A time-phased baseline consistent with the integrated schedule is one true PMB characteristic, but selecting only this option omits the traceability and CA-level budgeting characteristics also listed.","All three listed statements — full traceability to WBS/OBS/scheduling/cost systems, budgets and schedules for authorized work at the CA level (and undefined work at a summary level), and a time-phased baseline consistent with the integrated schedule — are among the source's Key Characteristics of a PMB.","When a question lists several individually-true PMB characteristics and offers ""All of the above,"" check whether each partial option is merely incomplete relative to the full list before picking a single one.",,,"CCP Certification Study Guide, 2nd Ed. — Chapter 14, Check on Learning / Solutions, pp. 99-103",sg14_7,AUTHORED_PENDING_SPOTCHECK,
sg14_7,14,STUDY_GUIDE,sg14_7,All of the above,All of the above,yes,SPECIFIC_DIAGNOSIS_VERIFIED,,,,PERFORMANCE_MEASUREMENT_BASELINE,Correct option; see governing_concept for the rule that makes it correct.,"All three listed statements — full traceability to WBS/OBS/scheduling/cost systems, budgets and schedules for authorized work at the CA level (and undefined work at a summary level), and a time-phased baseline consistent with the integrated schedule — are among the source's Key Characteristics of a PMB.","When a question lists several individually-true PMB characteristics and offers ""All of the above,"" check whether each partial option is merely incomplete relative to the full list before picking a single one.",,,"CCP Certification Study Guide, 2nd Ed. — Chapter 14, Check on Learning / Solutions, pp. 99-103",sg14_7,AUTHORED_PENDING_SPOTCHECK,
sg14_8,14,STUDY_GUIDE,sg14_8,Comparison of the amount of planned budget and the amount of budget earned for work accomplished,Comparison of the amount of planned budget and the amount of budget earned for work accomplished,no,SPECIFIC_DIAGNOSIS_VERIFIED,CONCEPT_GAP,,CONTENT_INCLUSION_MISREAD,PERFORMANCE_REPORTING,"The source explicitly lists this comparison (planned budget vs. budget earned) as required monthly content that provides the schedule variance — it IS included, so it is not the correct answer to ""NOT include.""","Monthly performance reporting should include: comparison of planned budget vs. budget earned (schedule variance basis), comparison of budget earned vs. actual (cost variance basis), and differences between planned/actual schedule and cost performance — it does NOT include 360-degree personnel performance reviews, which are an HR concept unrelated to EVM performance reporting.",Distinguish EVM performance reporting (schedule/cost variance content) from personnel/HR performance review processes (like 360-degree reviews) — the latter is not part of the monthly EVM reporting content.,,,"CCP Certification Study Guide, 2nd Ed. — Chapter 14, Check on Learning / Solutions, pp. 99-103",sg14_8,AUTHORED_PENDING_SPOTCHECK,
sg14_8,14,STUDY_GUIDE,sg14_8,Comparison of the amount of the budget earned vs. the actual,Comparison of the amount of the budget earned vs. the actual,no,SPECIFIC_DIAGNOSIS_VERIFIED,CONCEPT_GAP,,CONTENT_INCLUSION_MISREAD,PERFORMANCE_REPORTING,"The source explicitly lists this comparison (budget earned vs. actual) as required monthly content that provides the cost variance — it IS included, so it is not the correct answer to ""NOT include.""","Monthly performance reporting should include: comparison of planned budget vs. budget earned (schedule variance basis), comparison of budget earned vs. actual (cost variance basis), and differences between planned/actual schedule and cost performance — it does NOT include 360-degree personnel performance reviews, which are an HR concept unrelated to EVM performance reporting.",Distinguish EVM performance reporting (schedule/cost variance content) from personnel/HR performance review processes (like 360-degree reviews) — the latter is not part of the monthly EVM reporting content.,,,"CCP Certification Study Guide, 2nd Ed. — Chapter 14, Check on Learning / Solutions, pp. 99-103",sg14_8,AUTHORED_PENDING_SPOTCHECK,
sg14_8,14,STUDY_GUIDE,sg14_8,360° Performance Reviews,360° Performance Reviews,yes,SPECIFIC_DIAGNOSIS_VERIFIED,,,,PERFORMANCE_REPORTING,Correct option; see governing_concept for the rule that makes it correct.,"Monthly performance reporting should include: comparison of planned budget vs. budget earned (schedule variance basis), comparison of budget earned vs. actual (cost variance basis), and differences between planned/actual schedule and cost performance — it does NOT include 360-degree personnel performance reviews, which are an HR concept unrelated to EVM performance reporting.",Distinguish EVM performance reporting (schedule/cost variance content) from personnel/HR performance review processes (like 360-degree reviews) — the latter is not part of the monthly EVM reporting content.,,,"CCP Certification Study Guide, 2nd Ed. — Chapter 14, Check on Learning / Solutions, pp. 99-103",sg14_8,AUTHORED_PENDING_SPOTCHECK,
sg14_8,14,STUDY_GUIDE,sg14_8,Differences between planned and actual schedule performance,Differences between planned and actual schedule performance,no,SPECIFIC_DIAGNOSIS_VERIFIED,CONCEPT_GAP,,CONTENT_INCLUSION_MISREAD,PERFORMANCE_REPORTING,"The source explicitly requires identifying, at least monthly, significant differences between planned and actual schedule performance (and cost performance) — this IS included, so it is not the correct answer to ""NOT include.""","Monthly performance reporting should include: comparison of planned budget vs. budget earned (schedule variance basis), comparison of budget earned vs. actual (cost variance basis), and differences between planned/actual schedule and cost performance — it does NOT include 360-degree personnel performance reviews, which are an HR concept unrelated to EVM performance reporting.",Distinguish EVM performance reporting (schedule/cost variance content) from personnel/HR performance review processes (like 360-degree reviews) — the latter is not part of the monthly EVM reporting content.,,,"CCP Certification Study Guide, 2nd Ed. — Chapter 14, Check on Learning / Solutions, pp. 99-103",sg14_8,AUTHORED_PENDING_SPOTCHECK,
appa_1a,14,STUDY_GUIDE,appa_1a,"64,000","64,000",yes,SPECIFIC_DIAGNOSIS_VERIFIED,,,,EVM_FORMULAS,Correct option; see governing_concept for the rule that makes it correct.,"Earned value (in hours) = % complete x budget = 0.40 x 160,000 = 64,000 earned hours.","Earned value is always % complete times the TOTAL budget, in whatever unit (hours or dollars) the budget is stated — never the actual hours spent and never a decimal-scaled slip of the correct product.",,,"CCP Certification Study Guide, 2nd Ed. — Appendix A, Part A (Sample Exam Questions) and Answers/Solutions, pp. 233-249",appa_1a,AUTHORED_PENDING_SPOTCHECK,
appa_1a,14,STUDY_GUIDE,appa_1a,"73,000","73,000",no,SPECIFIC_CALCULATION_PATH_VERIFIED,CALCULATION_ERROR,,PV_EV_AC_CONFUSION,EVM_FORMULAS,"73,000 is the actual hours spent to date (ACWP/AC), substituted for earned value; AC and EV are different quantities that happen to both be given in hours here.","Earned value (in hours) = % complete x budget = 0.40 x 160,000 = 64,000 earned hours.","Earned value is always % complete times the TOTAL budget, in whatever unit (hours or dollars) the budget is stated — never the actual hours spent and never a decimal-scaled slip of the correct product.",,"Uses ACWP=73,000 in place of EV=64,000 (wrong variable substituted).","CCP Certification Study Guide, 2nd Ed. — Appendix A, Part A (Sample Exam Questions) and Answers/Solutions, pp. 233-249",appa_1a,AUTHORED_PENDING_SPOTCHECK,
appa_1a,14,STUDY_GUIDE,appa_1a,"6,400","6,400",no,SPECIFIC_CALCULATION_PATH_VERIFIED,CALCULATION_ERROR,,EVM_FORMULAS,EVM_FORMULAS,"6,400 is the correct 64,000 reduced by a factor of 10, consistent with a decimal-point slip in applying the 40% (e.g., treating it as 4%).","Earned value (in hours) = % complete x budget = 0.40 x 160,000 = 64,000 earned hours.","Earned value is always % complete times the TOTAL budget, in whatever unit (hours or dollars) the budget is stated — never the actual hours spent and never a decimal-scaled slip of the correct product.",,"0.04 x 160,000 = 6,400 (wrong: decimal misplaced, 4% instead of 40%).","CCP Certification Study Guide, 2nd Ed. — Appendix A, Part A (Sample Exam Questions) and Answers/Solutions, pp. 233-249",appa_1a,AUTHORED_PENDING_SPOTCHECK,
appa_1a,14,STUDY_GUIDE,appa_1a,"5,900","5,900",no,AMBIGUOUS_DIAGNOSTIC_CAUSE,,,,EVM_FORMULAS,"5,900 does not reproduce from the given figures (160,000 budgeted hours, 65,000 planned, 73,000 actual, 40% complete) under earned value or any other single-step relationship checked; no confirmed calculation path was found.","Earned value (in hours) = % complete x budget = 0.40 x 160,000 = 64,000 earned hours.","Earned value is always % complete times the TOTAL budget, in whatever unit (hours or dollars) the budget is stated — never the actual hours spent and never a decimal-scaled slip of the correct product.",,,"CCP Certification Study Guide, 2nd Ed. — Appendix A, Part A (Sample Exam Questions) and Answers/Solutions, pp. 233-249",appa_1a,AUTHORED_PENDING_SPOTCHECK,"Checked simple products/differences of the given figures; none produced 5,900 exactly."
appa_1b,14,STUDY_GUIDE,appa_1b,"-9,000","-9,000",yes,SPECIFIC_DIAGNOSIS_VERIFIED,,,,EVM_FORMULAS,Correct option; see governing_concept for the rule that makes it correct.,"CV = BCWP - ACWP (earned hours - actual hours) = 64,000 - 73,000 = -9,000.","CV is earned value minus actual cost, in that order; substituting planned value (BCWS) for earned value, or reversing the subtraction, both produce a wrong and differently-signed result.",,,"CCP Certification Study Guide, 2nd Ed. — Appendix A, Part A (Sample Exam Questions) and Answers/Solutions, pp. 233-249",appa_1b,AUTHORED_PENDING_SPOTCHECK,
appa_1b,14,STUDY_GUIDE,appa_1b,"+8,000","+8,000",no,SPECIFIC_CALCULATION_PATH_VERIFIED,CALCULATION_ERROR,CALCULATION_ERROR,PV_EV_AC_CONFUSION,EVM_FORMULAS,"+8,000 equals ACWP minus BCWS (73,000-65,000), which substitutes planned hours for earned hours in the variance AND reverses the standard actual-minus-earned order — a compound formula/variable error rather than the correct EV-AC comparison.","CV = BCWP - ACWP (earned hours - actual hours) = 64,000 - 73,000 = -9,000.","CV is earned value minus actual cost, in that order; substituting planned value (BCWS) for earned value, or reversing the subtraction, both produce a wrong and differently-signed result.",,"ACWP - BCWS = 73,000 - 65,000 = +8,000 (wrong: uses planned hours instead of earned hours, and reverses the subtraction order).","CCP Certification Study Guide, 2nd Ed. — Appendix A, Part A (Sample Exam Questions) and Answers/Solutions, pp. 233-249",appa_1b,AUTHORED_PENDING_SPOTCHECK,
appa_1b,14,STUDY_GUIDE,appa_1b,"-12,000","-12,000",no,AMBIGUOUS_DIAGNOSTIC_CAUSE,,,,EVM_FORMULAS,"-12,000 does not reproduce from the given hour figures (64,000 earned, 65,000 planned, 73,000 actual) under CV, SV, or their sign-reversed forms; no confirmed calculation path was found.","CV = BCWP - ACWP (earned hours - actual hours) = 64,000 - 73,000 = -9,000.","CV is earned value minus actual cost, in that order; substituting planned value (BCWS) for earned value, or reversing the subtraction, both produce a wrong and differently-signed result.",,,"CCP Certification Study Guide, 2nd Ed. — Appendix A, Part A (Sample Exam Questions) and Answers/Solutions, pp. 233-249",appa_1b,AUTHORED_PENDING_SPOTCHECK,"Checked BCWP-ACWP, ACWP-BCWP, BCWP-BCWS, BCWS-ACWP and combinations; none equal -12,000."
appa_1b,14,STUDY_GUIDE,appa_1b,"+7,000","+7,000",no,AMBIGUOUS_DIAGNOSTIC_CAUSE,,,,EVM_FORMULAS,"+7,000 does not reproduce from the given hour figures under CV, SV, or their sign-reversed forms; no confirmed calculation path was found.","CV = BCWP - ACWP (earned hours - actual hours) = 64,000 - 73,000 = -9,000.","CV is earned value minus actual cost, in that order; substituting planned value (BCWS) for earned value, or reversing the subtraction, both produce a wrong and differently-signed result.",,,"CCP Certification Study Guide, 2nd Ed. — Appendix A, Part A (Sample Exam Questions) and Answers/Solutions, pp. 233-249",appa_1b,AUTHORED_PENDING_SPOTCHECK,"Checked the same set of combinations as option C; none equal +7,000."
appa_1c,14,STUDY_GUIDE,appa_1c,"-1,000","-1,000",yes,SPECIFIC_DIAGNOSIS_VERIFIED,,,,EVM_FORMULAS,Correct option; see governing_concept for the rule that makes it correct.,"SV = BCWP - BCWS (earned hours - planned hours) = 64,000 - 65,000 = -1,000.","SV is earned value minus planned value, in that order; substituting actual hours for planned hours, or reversing the subtraction, both produce a wrong result.",,,"CCP Certification Study Guide, 2nd Ed. — Appendix A, Part A (Sample Exam Questions) and Answers/Solutions, pp. 233-249",appa_1c,AUTHORED_PENDING_SPOTCHECK,
appa_1c,14,STUDY_GUIDE,appa_1c,"+1,000","+1,000",no,SPECIFIC_CALCULATION_PATH_VERIFIED,CALCULATION_ERROR,,SV_SIGN,EVM_FORMULAS,"+1,000 is the reversed subtraction order (BCWS-BCWP = 65,000-64,000), which has the right magnitude but flips the sign of the correct -1,000 schedule variance.","SV = BCWP - BCWS (earned hours - planned hours) = 64,000 - 65,000 = -1,000.","SV is earned value minus planned value, in that order; substituting actual hours for planned hours, or reversing the subtraction, both produce a wrong result.",,"BCWS - BCWP = 65,000 - 64,000 = +1,000 (wrong: earned and planned hours reversed).","CCP Certification Study Guide, 2nd Ed. — Appendix A, Part A (Sample Exam Questions) and Answers/Solutions, pp. 233-249",appa_1c,AUTHORED_PENDING_SPOTCHECK,
appa_1c,14,STUDY_GUIDE,appa_1c,"-9,000","-9,000",no,SPECIFIC_CALCULATION_PATH_VERIFIED,CALCULATION_ERROR,CALCULATION_ERROR,SV_SIGN,EVM_FORMULAS,"-9,000 is the correct CV value (BCWP-ACWP), substituted here for SV — this swaps the actual-hours-based cost variance for the planned-hours-based schedule variance the question asks for.","SV = BCWP - BCWS (earned hours - planned hours) = 64,000 - 65,000 = -1,000.","SV is earned value minus planned value, in that order; substituting actual hours for planned hours, or reversing the subtraction, both produce a wrong result.",,"BCWP - ACWP = 64,000 - 73,000 = -9,000 (wrong: this is the CV formula/value, not SV).","CCP Certification Study Guide, 2nd Ed. — Appendix A, Part A (Sample Exam Questions) and Answers/Solutions, pp. 233-249",appa_1c,AUTHORED_PENDING_SPOTCHECK,
appa_1c,14,STUDY_GUIDE,appa_1c,"+10,000","+10,000",no,AMBIGUOUS_DIAGNOSTIC_CAUSE,,,,EVM_FORMULAS,"+10,000 does not reproduce from the given hour figures under SV, CV, or their sign-reversed forms; no confirmed calculation path was found.","SV = BCWP - BCWS (earned hours - planned hours) = 64,000 - 65,000 = -1,000.","SV is earned value minus planned value, in that order; substituting actual hours for planned hours, or reversing the subtraction, both produce a wrong result.",,,"CCP Certification Study Guide, 2nd Ed. — Appendix A, Part A (Sample Exam Questions) and Answers/Solutions, pp. 233-249",appa_1c,AUTHORED_PENDING_SPOTCHECK,"Checked BCWP-BCWS, BCWS-BCWP, ACWP-BCWS, BCWS-ACWP; none equal +10,000."
appa_1d,14,STUDY_GUIDE,appa_1d,.88,.88,yes,SPECIFIC_DIAGNOSIS_VERIFIED,,,,EVM_FORMULAS,Correct option; see governing_concept for the rule that makes it correct.,"CPI = BCWP / ACWP (earned / actual) = 64,000 / 73,000 = 0.88.","CPI is earned divided by actual, in that order; inverting the ratio or substituting planned hours for actual hours each produce a different, wrong index.",,,"CCP Certification Study Guide, 2nd Ed. — Appendix A, Part A (Sample Exam Questions) and Answers/Solutions, pp. 233-249",appa_1d,AUTHORED_PENDING_SPOTCHECK,
appa_1d,14,STUDY_GUIDE,appa_1d,1.14,1.14,no,SPECIFIC_CALCULATION_PATH_VERIFIED,CALCULATION_ERROR,,CPI_DIRECTION,EVM_FORMULAS,"1.14 is the reciprocal of the correct CPI (ACWP/BCWP = 73,000/64,000 = 1.14), inverting which value is the numerator and which is the denominator.","CPI = BCWP / ACWP (earned / actual) = 64,000 / 73,000 = 0.88.","CPI is earned divided by actual, in that order; inverting the ratio or substituting planned hours for actual hours each produce a different, wrong index.",,"ACWP/BCWP = 73,000/64,000 = 1.14 (wrong: numerator and denominator inverted).","CCP Certification Study Guide, 2nd Ed. — Appendix A, Part A (Sample Exam Questions) and Answers/Solutions, pp. 233-249",appa_1d,AUTHORED_PENDING_SPOTCHECK,
appa_1d,14,STUDY_GUIDE,appa_1d,.98,.98,no,SPECIFIC_CALCULATION_PATH_VERIFIED,FORMULA_METHOD_SELECTION,,CPI_SPI_CONFLATION,EVM_FORMULAS,"0.98 is the correct SPI value (BCWP/BCWS = 64,000/65,000), substituted here for CPI — this swaps the actual-hours-based cost index for the planned-hours-based schedule index the question asks for.","CPI = BCWP / ACWP (earned / actual) = 64,000 / 73,000 = 0.88.","CPI is earned divided by actual, in that order; inverting the ratio or substituting planned hours for actual hours each produce a different, wrong index.",,"BCWP/BCWS = 64,000/65,000 = 0.98 (wrong: this is SPI, not CPI).","CCP Certification Study Guide, 2nd Ed. — Appendix A, Part A (Sample Exam Questions) and Answers/Solutions, pp. 233-249",appa_1d,AUTHORED_PENDING_SPOTCHECK,
appa_1d,14,STUDY_GUIDE,appa_1d,.89,.89,no,SPECIFIC_CALCULATION_PATH_VERIFIED,CALCULATION_ERROR,,EVM_FORMULAS,EVM_FORMULAS,"0.89 is close to the correct 0.88 and is consistent with using an actual-hours figure of 72,000 rather than the stated 73,000 (64,000/72,000 = 0.889, rounding to 0.89) — a plausible one-digit misreading of ACWP.","CPI = BCWP / ACWP (earned / actual) = 64,000 / 73,000 = 0.88.","CPI is earned divided by actual, in that order; inverting the ratio or substituting planned hours for actual hours each produce a different, wrong index.",,"64,000 / 72,000 = 0.889, rounds to 0.89 (wrong: consistent with misreading ACWP as 72,000 instead of the given 73,000).","CCP Certification Study Guide, 2nd Ed. — Appendix A, Part A (Sample Exam Questions) and Answers/Solutions, pp. 233-249",appa_1d,AUTHORED_PENDING_SPOTCHECK,
appa_1e,14,STUDY_GUIDE,appa_1e,.98,.98,yes,SPECIFIC_DIAGNOSIS_VERIFIED,,,,EVM_FORMULAS,Correct option; see governing_concept for the rule that makes it correct.,"SPI = BCWP / BCWS (earned / planned) = 64,000 / 65,000 = 0.98.","SPI is earned divided by planned, in that order; do not substitute actual hours for planned hours, and do not invert the ratio.",,,"CCP Certification Study Guide, 2nd Ed. — Appendix A, Part A (Sample Exam Questions) and Answers/Solutions, pp. 233-249",appa_1e,AUTHORED_PENDING_SPOTCHECK,
appa_1e,14,STUDY_GUIDE,appa_1e,1.01,1.01,no,AMBIGUOUS_DIAGNOSTIC_CAUSE,,,,EVM_FORMULAS,"1.01 does not reproduce exactly from the given hour figures under SPI, its reciprocal, or a CPI/SPI substitution; the closest checked alternative (BCWS/BCWP = 65,000/64,000 = 1.0156) rounds to 1.02, not 1.01.","SPI = BCWP / BCWS (earned / planned) = 64,000 / 65,000 = 0.98.","SPI is earned divided by planned, in that order; do not substitute actual hours for planned hours, and do not invert the ratio.",,,"CCP Certification Study Guide, 2nd Ed. — Appendix A, Part A (Sample Exam Questions) and Answers/Solutions, pp. 233-249",appa_1e,AUTHORED_PENDING_SPOTCHECK,"Checked BCWP/BCWS, BCWS/BCWP, ACWP/BCWS, BCWS/ACWP; none land exactly on 1.01."
appa_1e,14,STUDY_GUIDE,appa_1e,.89,.89,no,GENERAL_WRONG_REASON_VERIFIED,FORMULA_METHOD_SELECTION,,CPI_SPI_CONFLATION,EVM_FORMULAS,"0.89 is close to the correct CPI (0.88, from BCWP/ACWP), suggesting a possible CPI/SPI substitution using actual rather than planned hours, but 64,000/73,000=0.877 rounds to 0.88, not exactly 0.89, so this path is plausible but not a confirmed exact reproduction.","SPI = BCWP / BCWS (earned / planned) = 64,000 / 65,000 = 0.98.","SPI is earned divided by planned, in that order; do not substitute actual hours for planned hours, and do not invert the ratio.",,,"CCP Certification Study Guide, 2nd Ed. — Appendix A, Part A (Sample Exam Questions) and Answers/Solutions, pp. 233-249",appa_1e,AUTHORED_PENDING_SPOTCHECK,
appa_1e,14,STUDY_GUIDE,appa_1e,1.25,1.25,no,AMBIGUOUS_DIAGNOSTIC_CAUSE,,,,EVM_FORMULAS,1.25 does not reproduce from the given hour figures under SPI or the other checked EVM ratios; no confirmed calculation path was found.,"SPI = BCWP / BCWS (earned / planned) = 64,000 / 65,000 = 0.98.","SPI is earned divided by planned, in that order; do not substitute actual hours for planned hours, and do not invert the ratio.",,,"CCP Certification Study Guide, 2nd Ed. — Appendix A, Part A (Sample Exam Questions) and Answers/Solutions, pp. 233-249",appa_1e,AUTHORED_PENDING_SPOTCHECK,
appa_1f,14,STUDY_GUIDE,appa_1f,"181,818","181,818",yes,SPECIFIC_DIAGNOSIS_VERIFIED,,,,EAC_FORECASTING,Correct option; see governing_concept for the rule that makes it correct.,"EAC = BAC / CPI = 160,000 / 0.88 = 181,818 forecasted hours, assuming the current (below-1.0) cost efficiency continues for all remaining work.","State the forecasting assumption explicitly: BAC/CPI assumes current efficiency continues; using BAC unchanged instead assumes CPI=1.0, and AC+(BAC-EV) instead assumes remaining work reverts to the ORIGINAL budgeted rate — these are three different, named assumptions, not interchangeable formulas.",,,"CCP Certification Study Guide, 2nd Ed. — Appendix A, Part A (Sample Exam Questions) and Answers/Solutions, pp. 233-249",appa_1f,AUTHORED_PENDING_SPOTCHECK,
appa_1f,14,STUDY_GUIDE,appa_1f,"169,000","169,000",no,SPECIFIC_CALCULATION_PATH_VERIFIED,FORMULA_METHOD_SELECTION,,EAC_ASSUMPTION,EAC_FORECASTING,"169,000 = ACWP + (BAC - BCWP) = 73,000 + (160,000-64,000), the ""actual-to-date plus remaining budget at the ORIGINAL rate"" EAC method — a real, named forecasting assumption, just not the one implied by this question's premise that current efficiency continues for the remainder.","EAC = BAC / CPI = 160,000 / 0.88 = 181,818 forecasted hours, assuming the current (below-1.0) cost efficiency continues for all remaining work.","State the forecasting assumption explicitly: BAC/CPI assumes current efficiency continues; using BAC unchanged instead assumes CPI=1.0, and AC+(BAC-EV) instead assumes remaining work reverts to the ORIGINAL budgeted rate — these are three different, named assumptions, not interchangeable formulas.",,"ACWP + (BAC-BCWP) = 73,000 + 96,000 = 169,000 (uses the budgeted-rate-for-remaining-work assumption, not the current-CPI-continues assumption).","CCP Certification Study Guide, 2nd Ed. — Appendix A, Part A (Sample Exam Questions) and Answers/Solutions, pp. 233-249",appa_1f,AUTHORED_PENDING_SPOTCHECK,
appa_1f,14,STUDY_GUIDE,appa_1f,"160,000","160,000",no,SPECIFIC_CALCULATION_PATH_VERIFIED,CONCEPT_GAP,,BAC_VS_EAC,EAC_FORECASTING,"160,000 is simply the unchanged BAC, which implicitly assumes CPI=1.0 (no cost inefficiency carries forward) — but the data show CPI=0.88, so this ignores the demonstrated inefficiency entirely.","EAC = BAC / CPI = 160,000 / 0.88 = 181,818 forecasted hours, assuming the current (below-1.0) cost efficiency continues for all remaining work.","State the forecasting assumption explicitly: BAC/CPI assumes current efficiency continues; using BAC unchanged instead assumes CPI=1.0, and AC+(BAC-EV) instead assumes remaining work reverts to the ORIGINAL budgeted rate — these are three different, named assumptions, not interchangeable formulas.",,,"CCP Certification Study Guide, 2nd Ed. — Appendix A, Part A (Sample Exam Questions) and Answers/Solutions, pp. 233-249",appa_1f,AUTHORED_PENDING_SPOTCHECK,
appa_1f,14,STUDY_GUIDE,appa_1f,"183,890","183,890",no,GENERAL_WRONG_REASON_VERIFIED,CALCULATION_ERROR,,,EAC_FORECASTING,"183,890 is close to the correct 181,818 but does not reproduce exactly from BAC=160,000 and CPI=0.88 or a small rounding variant of CPI checked; no confirmed calculation path was found.","EAC = BAC / CPI = 160,000 / 0.88 = 181,818 forecasted hours, assuming the current (below-1.0) cost efficiency continues for all remaining work.","State the forecasting assumption explicitly: BAC/CPI assumes current efficiency continues; using BAC unchanged instead assumes CPI=1.0, and AC+(BAC-EV) instead assumes remaining work reverts to the ORIGINAL budgeted rate — these are three different, named assumptions, not interchangeable formulas.",,,"CCP Certification Study Guide, 2nd Ed. — Appendix A, Part A (Sample Exam Questions) and Answers/Solutions, pp. 233-249",appa_1f,AUTHORED_PENDING_SPOTCHECK,
appa_1g,14,STUDY_GUIDE,appa_1g,"Cost favorable, Schedule unfavorable","Cost favorable, Schedule unfavorable",no,SPECIFIC_DIAGNOSIS_VERIFIED,CONCEPT_GAP,,CV_SIGN,EVM_INTERPRETATION,"CV is negative (-9,000), which is unfavorable (over budget), not favorable — this option inverts the cost direction while correctly keeping schedule as unfavorable.","CV=-9,000 (unfavorable, over budget) and SV=-1,000 (unfavorable, behind schedule) — both variances are negative, so the project is unfavorable on both cost and schedule.","A negative CV or SV is always unfavorable, regardless of magnitude — read the sign of each variance independently rather than assuming one dimension must be favorable if the other is unfavorable.",,,"CCP Certification Study Guide, 2nd Ed. — Appendix A, Part A (Sample Exam Questions) and Answers/Solutions, pp. 233-249",appa_1g,AUTHORED_PENDING_SPOTCHECK,
appa_1g,14,STUDY_GUIDE,appa_1g,"Cost favorable, Schedule favorable","Cost favorable, Schedule favorable",no,SPECIFIC_DIAGNOSIS_VERIFIED,CONCEPT_GAP,CONCEPT_GAP,CV_SIGN,EVM_INTERPRETATION,"Both CV (-9,000) and SV (-1,000) are negative, i.e., unfavorable; this option inverts both directions, describing the project as favorable in both dimensions.","CV=-9,000 (unfavorable, over budget) and SV=-1,000 (unfavorable, behind schedule) — both variances are negative, so the project is unfavorable on both cost and schedule.","A negative CV or SV is always unfavorable, regardless of magnitude — read the sign of each variance independently rather than assuming one dimension must be favorable if the other is unfavorable.",,,"CCP Certification Study Guide, 2nd Ed. — Appendix A, Part A (Sample Exam Questions) and Answers/Solutions, pp. 233-249",appa_1g,AUTHORED_PENDING_SPOTCHECK,
appa_1g,14,STUDY_GUIDE,appa_1g,"Schedule unfavorable, Cost unfavorable","Schedule unfavorable, Cost unfavorable",yes,SPECIFIC_DIAGNOSIS_VERIFIED,,,,EVM_INTERPRETATION,Correct option; see governing_concept for the rule that makes it correct.,"CV=-9,000 (unfavorable, over budget) and SV=-1,000 (unfavorable, behind schedule) — both variances are negative, so the project is unfavorable on both cost and schedule.","A negative CV or SV is always unfavorable, regardless of magnitude — read the sign of each variance independently rather than assuming one dimension must be favorable if the other is unfavorable.",,,"CCP Certification Study Guide, 2nd Ed. — Appendix A, Part A (Sample Exam Questions) and Answers/Solutions, pp. 233-249",appa_1g,AUTHORED_PENDING_SPOTCHECK,
appa_1g,14,STUDY_GUIDE,appa_1g,"Schedule unfavorable, Cost favorable","Schedule unfavorable, Cost favorable",no,SPECIFIC_DIAGNOSIS_VERIFIED,CONCEPT_GAP,,CV_SIGN,EVM_INTERPRETATION,"CV is negative (-9,000), which is unfavorable (over budget), not favorable — this option keeps the correct ""schedule unfavorable"" read but inverts the cost direction.","CV=-9,000 (unfavorable, over budget) and SV=-1,000 (unfavorable, behind schedule) — both variances are negative, so the project is unfavorable on both cost and schedule.","A negative CV or SV is always unfavorable, regardless of magnitude — read the sign of each variance independently rather than assuming one dimension must be favorable if the other is unfavorable.",,,"CCP Certification Study Guide, 2nd Ed. — Appendix A, Part A (Sample Exam Questions) and Answers/Solutions, pp. 233-249",appa_1g,AUTHORED_PENDING_SPOTCHECK,
appb_6,14,STUDY_GUIDE,appb_6,BCWP / BCWS,BCWP / BCWS,no,SPECIFIC_DIAGNOSIS_VERIFIED,FORMULA_METHOD_SELECTION,,SV_SPI_FORMULA_TYPE_CONFUSION,EVM_FORMULAS,"BCWP / BCWS is the SPI formula (a ratio/index), not SV, which is a difference; this option substitutes the wrong formula type (index instead of variance).",Schedule Variance (SV) = BCWP - BCWS.,"SV is a DIFFERENCE (BCWP minus BCWS), not a ratio, and not built from ACWP — keep SV distinct from SPI (a ratio) and from CV (which uses ACWP instead of BCWS).",,,"CCP Certification Study Guide, 2nd Ed. — Appendix A, Part B (Sample Exam Questions) and Answers, pp. 239-252",appb_6,AUTHORED_PENDING_SPOTCHECK,
appb_6,14,STUDY_GUIDE,appb_6,BCWP – BCWS,BCWP – BCWS,yes,SPECIFIC_DIAGNOSIS_VERIFIED,,,,EVM_FORMULAS,Correct option; see governing_concept for the rule that makes it correct.,Schedule Variance (SV) = BCWP - BCWS.,"SV is a DIFFERENCE (BCWP minus BCWS), not a ratio, and not built from ACWP — keep SV distinct from SPI (a ratio) and from CV (which uses ACWP instead of BCWS).",,,"CCP Certification Study Guide, 2nd Ed. — Appendix A, Part B (Sample Exam Questions) and Answers, pp. 239-252",appb_6,AUTHORED_PENDING_SPOTCHECK,
appb_6,14,STUDY_GUIDE,appb_6,BCWP – ACWP,BCWP – ACWP,no,SPECIFIC_DIAGNOSIS_VERIFIED,CONCEPT_GAP,CONCEPT_GAP,SV_SIGN,EVM_FORMULAS,"BCWP - ACWP is the Cost Variance (CV) formula; it substitutes ACWP for BCWS, mixing the cost-side variable into what should be the schedule-side variance.",Schedule Variance (SV) = BCWP - BCWS.,"SV is a DIFFERENCE (BCWP minus BCWS), not a ratio, and not built from ACWP — keep SV distinct from SPI (a ratio) and from CV (which uses ACWP instead of BCWS).",,,"CCP Certification Study Guide, 2nd Ed. — Appendix A, Part B (Sample Exam Questions) and Answers, pp. 239-252",appb_6,AUTHORED_PENDING_SPOTCHECK,
appb_6,14,STUDY_GUIDE,appb_6,BCWS - BCWP,BCWS - BCWP,no,SPECIFIC_DIAGNOSIS_VERIFIED,CONCEPT_GAP,,SV_SIGN,EVM_FORMULAS,"BCWS - BCWP uses the correct variables but in reversed order, which flips the sign of the correct SV result.",Schedule Variance (SV) = BCWP - BCWS.,"SV is a DIFFERENCE (BCWP minus BCWS), not a ratio, and not built from ACWP — keep SV distinct from SPI (a ratio) and from CV (which uses ACWP instead of BCWS).",,,"CCP Certification Study Guide, 2nd Ed. — Appendix A, Part B (Sample Exam Questions) and Answers, pp. 239-252",appb_6,AUTHORED_PENDING_SPOTCHECK,
appb_7,14,STUDY_GUIDE,appb_7,BCWP / BCWS,BCWP / BCWS,yes,SPECIFIC_DIAGNOSIS_VERIFIED,,,,EVM_FORMULAS,Correct option; see governing_concept for the rule that makes it correct.,Schedule Performance Index (SPI) = BCWP / BCWS.,"SPI is earned divided by planned (BCWP/BCWS) — do not substitute ACWP for BCWS (that produces CPI instead), and do not invert the ratio.",,,"CCP Certification Study Guide, 2nd Ed. — Appendix A, Part B (Sample Exam Questions) and Answers, pp. 239-252",appb_7,AUTHORED_PENDING_SPOTCHECK,
appb_7,14,STUDY_GUIDE,appb_7,BCWP / ACWP,BCWP / ACWP,no,SPECIFIC_DIAGNOSIS_VERIFIED,CONCEPT_GAP,,CPI_SPI_CONFLATION,EVM_FORMULAS,"BCWP / ACWP is the Cost Performance Index (CPI) formula, not SPI; it substitutes ACWP for BCWS, mixing the cost-side variable into what should be the schedule-side index.",Schedule Performance Index (SPI) = BCWP / BCWS.,"SPI is earned divided by planned (BCWP/BCWS) — do not substitute ACWP for BCWS (that produces CPI instead), and do not invert the ratio.",,,"CCP Certification Study Guide, 2nd Ed. — Appendix A, Part B (Sample Exam Questions) and Answers, pp. 239-252",appb_7,AUTHORED_PENDING_SPOTCHECK,
appb_7,14,STUDY_GUIDE,appb_7,BCWS / BCWP,BCWS / BCWP,no,SPECIFIC_CALCULATION_PATH_VERIFIED,CALCULATION_ERROR,,SPI_DIRECTION,EVM_FORMULAS,BCWS / BCWP is the reciprocal of the correct SPI formula — inverting the ratio would misread a behind-schedule condition (SPI<1) as ahead of schedule.,Schedule Performance Index (SPI) = BCWP / BCWS.,"SPI is earned divided by planned (BCWP/BCWS) — do not substitute ACWP for BCWS (that produces CPI instead), and do not invert the ratio.",,BCWS/BCWP is the inverted ratio (wrong: numerator and denominator swapped).,"CCP Certification Study Guide, 2nd Ed. — Appendix A, Part B (Sample Exam Questions) and Answers, pp. 239-252",appb_7,AUTHORED_PENDING_SPOTCHECK,
appb_7,14,STUDY_GUIDE,appb_7,BCWS / ACWP,BCWS / ACWP,no,SPECIFIC_DIAGNOSIS_VERIFIED,CONCEPT_GAP,CONCEPT_GAP,SPI_DIRECTION,EVM_FORMULAS,"BCWS / ACWP uses neither of SPI's correct variables in the correct position — BCWS belongs in the denominator paired with BCWP in the numerator, not paired with ACWP.",Schedule Performance Index (SPI) = BCWP / BCWS.,"SPI is earned divided by planned (BCWP/BCWS) — do not substitute ACWP for BCWS (that produces CPI instead), and do not invert the ratio.",,,"CCP Certification Study Guide, 2nd Ed. — Appendix A, Part B (Sample Exam Questions) and Answers, pp. 239-252",appb_7,AUTHORED_PENDING_SPOTCHECK,
14-10,14,NATIVE,14-10,SAR 25.18 million,SAR 25.18 million,no,EXCLUDED_ITEM,,,,EVM_EAC_ASSUMPTION_CPI_SPI_COMPOSITE,This item is excluded from validated evidence (SECONDARY-COURSE-SUPPORTED / HIGHER-PRIORITY SOURCE SUPPORT INSUFFICIENT per the established source-hierarchy decision on the CPI x SPI composite EAC method); no misconception/mastery evidence is generated from responses to it.,"The composite EAC = AC + (BAC-EV)/(CPI x SPI) method assumes BOTH cost and schedule efficiency affect remaining work jointly; this item remains excluded from evidence per the source-hierarchy decision, independent of whether the printed key is arithmetically self-consistent.",,,,BATCHC_QA_QUARANTINE / isQuestionSuspended (14-10); V57_SOURCE_UNSUPPORTED_IDS sourceConflict (cx14_2),14-10,AUTHORED_PENDING_SPOTCHECK,"Excluded item - carries diagnostic_status=EXCLUDED_ITEM on every option per Phase 2A section 3/20; scoringEligible=false, masteryEligible=false, readinessEligible=false via getCanonicalEvidenceStatus()."
14-10,14,NATIVE,14-10,SAR 25.03 million,SAR 25.03 million,no,EXCLUDED_ITEM,,,,EVM_EAC_ASSUMPTION_CPI_SPI_COMPOSITE,This item is excluded from validated evidence (SECONDARY-COURSE-SUPPORTED / HIGHER-PRIORITY SOURCE SUPPORT INSUFFICIENT per the established source-hierarchy decision on the CPI x SPI composite EAC method); no misconception/mastery evidence is generated from responses to it.,"The composite EAC = AC + (BAC-EV)/(CPI x SPI) method assumes BOTH cost and schedule efficiency affect remaining work jointly; this item remains excluded from evidence per the source-hierarchy decision, independent of whether the printed key is arithmetically self-consistent.",,,,BATCHC_QA_QUARANTINE / isQuestionSuspended (14-10); V57_SOURCE_UNSUPPORTED_IDS sourceConflict (cx14_2),14-10,AUTHORED_PENDING_SPOTCHECK,"Excluded item - carries diagnostic_status=EXCLUDED_ITEM on every option per Phase 2A section 3/20; scoringEligible=false, masteryEligible=false, readinessEligible=false via getCanonicalEvidenceStatus()."
14-10,14,NATIVE,14-10,SAR 21.28 million,SAR 21.28 million,no,EXCLUDED_ITEM,,,,EVM_EAC_ASSUMPTION_CPI_SPI_COMPOSITE,This item is excluded from validated evidence (SECONDARY-COURSE-SUPPORTED / HIGHER-PRIORITY SOURCE SUPPORT INSUFFICIENT per the established source-hierarchy decision on the CPI x SPI composite EAC method); no misconception/mastery evidence is generated from responses to it.,"The composite EAC = AC + (BAC-EV)/(CPI x SPI) method assumes BOTH cost and schedule efficiency affect remaining work jointly; this item remains excluded from evidence per the source-hierarchy decision, independent of whether the printed key is arithmetically self-consistent.",,,,BATCHC_QA_QUARANTINE / isQuestionSuspended (14-10); V57_SOURCE_UNSUPPORTED_IDS sourceConflict (cx14_2),14-10,AUTHORED_PENDING_SPOTCHECK,"Excluded item - carries diagnostic_status=EXCLUDED_ITEM on every option per Phase 2A section 3/20; scoringEligible=false, masteryEligible=false, readinessEligible=false via getCanonicalEvidenceStatus()."
14-10,14,NATIVE,14-10,SAR 23.53 million,SAR 23.53 million,yes,EXCLUDED_ITEM,,,,EVM_EAC_ASSUMPTION_CPI_SPI_COMPOSITE,This item is excluded from validated evidence (SECONDARY-COURSE-SUPPORTED / HIGHER-PRIORITY SOURCE SUPPORT INSUFFICIENT per the established source-hierarchy decision on the CPI x SPI composite EAC method); no misconception/mastery evidence is generated from responses to it.,"The composite EAC = AC + (BAC-EV)/(CPI x SPI) method assumes BOTH cost and schedule efficiency affect remaining work jointly; this item remains excluded from evidence per the source-hierarchy decision, independent of whether the printed key is arithmetically self-consistent.",,,,BATCHC_QA_QUARANTINE / isQuestionSuspended (14-10); V57_SOURCE_UNSUPPORTED_IDS sourceConflict (cx14_2),14-10,AUTHORED_PENDING_SPOTCHECK,"Excluded item - carries diagnostic_status=EXCLUDED_ITEM on every option per Phase 2A section 3/20; scoringEligible=false, masteryEligible=false, readinessEligible=false via getCanonicalEvidenceStatus()."
cx14_2,14,NATIVE,cx14_2,EAC ≈ $14.38 million,EAC ≈ $14.38 million,yes,EXCLUDED_ITEM,,,,EVM_EAC_ASSUMPTION_CPI_SPI_COMPOSITE,This item is excluded from validated evidence (SECONDARY-COURSE-SUPPORTED / HIGHER-PRIORITY SOURCE SUPPORT INSUFFICIENT per the established source-hierarchy decision on the CPI x SPI composite EAC method); no misconception/mastery evidence is generated from responses to it.,"The composite EAC = AC + (BAC-EV)/(CPI x SPI) method assumes BOTH cost and schedule efficiency affect remaining work jointly; this item remains excluded from evidence per the source-hierarchy decision, independent of whether the printed key is arithmetically self-consistent.",,,,BATCHC_QA_QUARANTINE / isQuestionSuspended (14-10); V57_SOURCE_UNSUPPORTED_IDS sourceConflict (cx14_2),cx14_2,AUTHORED_PENDING_SPOTCHECK,"Excluded item - carries diagnostic_status=EXCLUDED_ITEM on every option per Phase 2A section 3/20; scoringEligible=false, masteryEligible=false, readinessEligible=false via getCanonicalEvidenceStatus()."
cx14_2,14,NATIVE,cx14_2,EAC = $12.50 million,EAC = $12.50 million,no,EXCLUDED_ITEM,,,,EVM_EAC_ASSUMPTION_CPI_SPI_COMPOSITE,This item is excluded from validated evidence (SECONDARY-COURSE-SUPPORTED / HIGHER-PRIORITY SOURCE SUPPORT INSUFFICIENT per the established source-hierarchy decision on the CPI x SPI composite EAC method); no misconception/mastery evidence is generated from responses to it.,"The composite EAC = AC + (BAC-EV)/(CPI x SPI) method assumes BOTH cost and schedule efficiency affect remaining work jointly; this item remains excluded from evidence per the source-hierarchy decision, independent of whether the printed key is arithmetically self-consistent.",,,,BATCHC_QA_QUARANTINE / isQuestionSuspended (14-10); V57_SOURCE_UNSUPPORTED_IDS sourceConflict (cx14_2),cx14_2,AUTHORED_PENDING_SPOTCHECK,"Excluded item - carries diagnostic_status=EXCLUDED_ITEM on every option per Phase 2A section 3/20; scoringEligible=false, masteryEligible=false, readinessEligible=false via getCanonicalEvidenceStatus()."
cx14_2,14,NATIVE,cx14_2,EAC = $11.00 million,EAC = $11.00 million,no,EXCLUDED_ITEM,,,,EVM_EAC_ASSUMPTION_CPI_SPI_COMPOSITE,This item is excluded from validated evidence (SECONDARY-COURSE-SUPPORTED / HIGHER-PRIORITY SOURCE SUPPORT INSUFFICIENT per the established source-hierarchy decision on the CPI x SPI composite EAC method); no misconception/mastery evidence is generated from responses to it.,"The composite EAC = AC + (BAC-EV)/(CPI x SPI) method assumes BOTH cost and schedule efficiency affect remaining work jointly; this item remains excluded from evidence per the source-hierarchy decision, independent of whether the printed key is arithmetically self-consistent.",,,,BATCHC_QA_QUARANTINE / isQuestionSuspended (14-10); V57_SOURCE_UNSUPPORTED_IDS sourceConflict (cx14_2),cx14_2,AUTHORED_PENDING_SPOTCHECK,"Excluded item - carries diagnostic_status=EXCLUDED_ITEM on every option per Phase 2A section 3/20; scoringEligible=false, masteryEligible=false, readinessEligible=false via getCanonicalEvidenceStatus()."
cx14_2,14,NATIVE,cx14_2,EAC = $10.00 million,EAC = $10.00 million,no,EXCLUDED_ITEM,,,,EVM_EAC_ASSUMPTION_CPI_SPI_COMPOSITE,This item is excluded from validated evidence (SECONDARY-COURSE-SUPPORTED / HIGHER-PRIORITY SOURCE SUPPORT INSUFFICIENT per the established source-hierarchy decision on the CPI x SPI composite EAC method); no misconception/mastery evidence is generated from responses to it.,"The composite EAC = AC + (BAC-EV)/(CPI x SPI) method assumes BOTH cost and schedule efficiency affect remaining work jointly; this item remains excluded from evidence per the source-hierarchy decision, independent of whether the printed key is arithmetically self-consistent.",,,,BATCHC_QA_QUARANTINE / isQuestionSuspended (14-10); V57_SOURCE_UNSUPPORTED_IDS sourceConflict (cx14_2),cx14_2,AUTHORED_PENDING_SPOTCHECK,"Excluded item - carries diagnostic_status=EXCLUDED_ITEM on every option per Phase 2A section 3/20; scoringEligible=false, masteryEligible=false, readinessEligible=false via getCanonicalEvidenceStatus()."
