"canonical_content_id","chapter","source_bank","source_record_id","runtime_ids","content_type","learner_reachable","scoring_reachable","official_study_guide","curated","mastery","blueprint_transfer","training_only","quarantine","generated_from","source_audit_required","current_audit_status","audit_ledger_row_exists","notes"
"9-1","9","QUESTIONS","9-1","9-1","MCQ_native","yes","yes","no","no","no","no","no","no","","yes","VERIFIED","yes",""
"9-2","9","QUESTIONS","9-2","9-2","MCQ_native","yes","yes","no","no","no","no","no","no","","yes","VERIFIED","yes",""
"9-3","9","QUESTIONS","9-3","9-3","MCQ_native","yes","yes","no","no","no","no","no","no","","yes","VERIFIED","yes",""
"9-4","9","QUESTIONS","9-4","9-4","MCQ_native","yes","yes","no","no","no","no","no","no","","yes","VERIFIED","yes",""
"9-5","9","QUESTIONS","9-5","9-5","MCQ_native","yes","yes","no","no","no","no","no","no","","yes","VERIFIED","yes",""
"14-1","14","QUESTIONS","14-1","14-1","MCQ_native","yes","yes","no","no","no","no","no","no","","yes","UNAUDITED","no",""
"14-2","14","QUESTIONS","14-2","14-2","MCQ_native","yes","yes","no","no","no","no","no","no","","yes","UNAUDITED","no",""
"14-3","14","QUESTIONS","14-3","14-3","MCQ_native","yes","yes","no","no","no","no","no","no","","yes","UNAUDITED","no",""
"14-4","14","QUESTIONS","14-4","14-4","MCQ_native","yes","yes","no","no","no","no","no","no","","yes","UNAUDITED","no",""
"14-5","14","QUESTIONS","14-5","14-5","MCQ_native","yes","yes","no","no","no","no","no","no","","yes","UNAUDITED","no",""
"19-1","19","QUESTIONS","19-1","19-1","MCQ_native","yes","yes","no","no","no","no","no","no","","yes","UNAUDITED","no",""
"19-2","19","QUESTIONS","19-2","19-2","MCQ_native","yes","yes","no","no","no","no","no","no","","yes","UNAUDITED","no",""
"19-3","19","QUESTIONS","19-3","19-3","MCQ_native","yes","yes","no","no","no","no","no","no","","yes","UNAUDITED","no",""
"19-4","19","QUESTIONS","19-4","19-4","MCQ_native","yes","yes","no","no","no","no","no","no","","yes","UNAUDITED","no",""
"19-5","19","QUESTIONS","19-5","19-5","MCQ_native","yes","yes","no","no","no","no","no","no","","yes","UNAUDITED","no",""
"19-6","19","QUESTIONS","19-6","19-6","MCQ_native","yes","yes","no","no","no","no","no","no","","yes","UNAUDITED","no",""
"19-7","19","QUESTIONS","19-7","19-7","MCQ_native","yes","yes","no","no","no","no","no","no","","yes","UNAUDITED","no",""
"19-8","19","QUESTIONS","19-8","19-8","MCQ_native","yes","yes","no","no","no","no","no","no","","yes","UNAUDITED","no",""
"19-9","19","QUESTIONS","19-9","19-9","MCQ_native","yes","yes","no","no","no","no","no","no","","yes","UNAUDITED","no",""
"23-1","23","QUESTIONS","23-1","23-1","MCQ_native","yes","yes","no","no","no","no","no","no","","yes","UNAUDITED","no",""
"23-2","23","QUESTIONS","23-2","23-2","MCQ_native","yes","yes","no","no","no","no","no","no","","yes","UNAUDITED","no",""
"23-3","23","QUESTIONS","23-3","23-3","MCQ_native","yes","yes","no","no","no","no","no","no","","yes","UNAUDITED","no",""
"23-4","23","QUESTIONS","23-4","23-4","MCQ_native","yes","yes","no","no","no","no","no","no","","yes","UNAUDITED","no",""
"23-5","23","QUESTIONS","23-5","23-5","MCQ_native","yes","yes","no","no","no","no","no","no","","yes","UNAUDITED","no",""
"31-1","31","QUESTIONS","31-1","31-1","MCQ_native","yes","yes","no","no","no","no","no","no","","yes","UNAUDITED","no",""
"31-2","31","QUESTIONS","31-2","31-2","MCQ_native","yes","yes","no","no","no","no","no","no","","yes","UNAUDITED","no",""
"31-3","31","QUESTIONS","31-3","31-3","MCQ_native","yes","yes","no","no","no","no","no","no","","yes","UNAUDITED","no",""
"31-4","31","QUESTIONS","31-4","31-4","MCQ_native","yes","yes","no","no","no","no","no","no","","yes","UNAUDITED","no",""
"27-1","27","QUESTIONS","27-1","27-1","MCQ_native","yes","yes","no","no","no","no","no","no","","yes","UNAUDITED","no",""
"27-2","27","QUESTIONS","27-2","27-2","MCQ_native","yes","yes","no","no","no","no","no","no","","yes","UNAUDITED","no",""
"27-3","27","QUESTIONS","27-3","27-3","MCQ_native","yes","yes","no","no","no","no","no","no","","yes","UNAUDITED","no",""
"21-1","21","QUESTIONS","21-1","21-1","MCQ_native","yes","yes","no","no","no","no","no","no","","yes","UNAUDITED","no",""
"22-1","22","QUESTIONS","22-1","22-1","MCQ_native","yes","yes","no","no","no","no","no","no","","yes","UNAUDITED","no",""
"22-2","22","QUESTIONS","22-2","22-2","MCQ_native","yes","yes","no","no","no","no","no","no","","yes","UNAUDITED","no",""
"33-1","33","QUESTIONS","33-1","33-1","MCQ_native","yes","yes","no","no","no","no","no","no","","yes","UNAUDITED","no",""
"18-1","18","QUESTIONS","18-1","18-1","MCQ_native","yes","yes","no","no","no","no","no","no","","yes","UNAUDITED","no",""
"26-1","26","QUESTIONS","26-1","26-1","MCQ_native","yes","yes","no","no","no","no","no","no","","yes","UNAUDITED","no",""
"25-1","25","QUESTIONS","25-1","25-1","MCQ_native","yes","yes","no","no","no","no","no","no","","yes","UNAUDITED","no",""
"30-1","30","QUESTIONS","30-1","30-1","MCQ_native","yes","yes","no","no","no","no","no","no","","yes","UNAUDITED","no",""
"30-2","30","QUESTIONS","30-2","30-2","MCQ_native","yes","yes","no","no","no","no","no","no","","yes","UNAUDITED","no",""
"1-1","1","QUESTIONS","1-1","1-1","MCQ_native","yes","yes","no","no","no","no","no","no","","yes","VERIFIED","yes",""
"1-2","1","QUESTIONS","1-2","1-2","MCQ_native","yes","yes","no","no","no","no","no","no","","yes","VERIFIED","yes",""
"1-3","1","QUESTIONS","1-3","1-3","MCQ_native","yes","yes","no","no","no","no","no","no","","yes","VERIFIED","yes",""
"1-4","1","QUESTIONS","1-4","1-4","MCQ_native","yes","yes","no","no","no","no","no","no","","yes","VERIFIED","yes",""
"1-5","1","QUESTIONS","1-5","1-5","MCQ_native","yes","yes","no","no","no","no","no","no","","yes","VERIFIED","yes",""
"1-6","1","QUESTIONS","1-6","1-6","MCQ_native","yes","yes","no","no","no","no","no","no","","yes","VERIFIED (citation corrected)","yes",""
"1-7","1","QUESTIONS","1-7","1-7","MCQ_native","yes","yes","no","no","no","no","no","no","","yes","VERIFIED","yes",""
"1-8","1","QUESTIONS","1-8","1-8","MCQ_native","yes","yes","no","no","no","no","no","no","","yes","VERIFIED","yes",""
"1-9","1","QUESTIONS","1-9","1-9","MCQ_native","yes","yes","no","no","no","no","no","no","","yes","VERIFIED","yes",""
"1-10","1","QUESTIONS","1-10","1-10","MCQ_native","yes","yes","no","no","no","no","no","no","","yes","VERIFIED","yes",""
"2-1","2","QUESTIONS","2-1","2-1","MCQ_native","yes","yes","no","no","no","no","no","no","","yes","VERIFIED","yes",""
"2-2","2","QUESTIONS","2-2","2-2","MCQ_native","yes","yes","no","no","no","no","no","no","","yes","VERIFIED","yes",""
"2-3","2","QUESTIONS","2-3","2-3","MCQ_native","yes","yes","no","no","no","no","no","no","","yes","VERIFIED","yes",""
"2-4","2","QUESTIONS","2-4","2-4","MCQ_native","yes","yes","no","no","no","no","no","no","","yes","VERIFIED","yes",""
"2-5","2","QUESTIONS","2-5","2-5","MCQ_native","yes","yes","no","no","no","no","no","no","","yes","VERIFIED","yes",""
"2-6","2","QUESTIONS","2-6","2-6","MCQ_native","yes","yes","no","no","no","no","no","no","","yes","VERIFIED","yes",""
"2-7","2","QUESTIONS","2-7","2-7","MCQ_native","yes","yes","no","no","no","no","no","no","","yes","VERIFIED","yes",""
"2-8","2","QUESTIONS","2-8","2-8","MCQ_native","yes","yes","no","no","no","no","no","no","","yes","VERIFIED","yes",""
"2-9","2","QUESTIONS","2-9","2-9","MCQ_native","yes","yes","no","no","no","no","no","no","","yes","VERIFIED (citation corrected)","yes",""
"2-10","2","QUESTIONS","2-10","2-10","MCQ_native","yes","yes","no","no","no","no","no","no","","yes","VERIFIED","yes",""
"3-1","3","QUESTIONS","3-1","3-1","MCQ_native","yes","yes","no","no","no","no","no","no","","yes","VERIFIED (citation corrected)","yes",""
"3-2","3","QUESTIONS","3-2","3-2","MCQ_native","yes","yes","no","no","no","no","no","no","","yes","VERIFIED","yes",""
"3-3","3","QUESTIONS","3-3","3-3","MCQ_native","yes","yes","no","no","no","no","no","no","","yes","VERIFIED","yes",""
"3-4","3","QUESTIONS","3-4","3-4","MCQ_native","yes","yes","no","no","no","no","no","no","","yes","VERIFIED","yes",""
"3-5","3","QUESTIONS","3-5","3-5","MCQ_native","yes","yes","no","no","no","no","no","no","","yes","VERIFIED","yes",""
"3-6","3","QUESTIONS","3-6","3-6","MCQ_native","yes","yes","no","no","no","no","no","no","","yes","VERIFIED (citation corrected)","yes",""
"3-7","3","QUESTIONS","3-7","3-7","MCQ_native","yes","yes","no","no","no","no","no","no","","yes","VERIFIED (citation corrected)","yes",""
"3-8","3","QUESTIONS","3-8","3-8","MCQ_native","yes","yes","no","no","no","no","no","no","","yes","VERIFIED (citation corrected)","yes",""
"3-9","3","QUESTIONS","3-9","3-9","MCQ_native","yes","yes","no","no","no","no","no","no","","yes","VERIFIED (citation corrected)","yes",""
"3-10","3","QUESTIONS","3-10","3-10","MCQ_native","yes","yes","no","no","no","no","no","no","","yes","VERIFIED","yes",""
"3-11","3","QUESTIONS","3-11","3-11","MCQ_native","yes","yes","no","no","no","no","no","no","","yes","VERIFIED","yes",""
"3-12","3","QUESTIONS","3-12","3-12","MCQ_native","yes","yes","no","no","no","no","no","no","","yes","VERIFIED (citation corrected)","yes",""
"4-1","4","QUESTIONS","4-1","4-1","MCQ_native","yes","yes","no","no","no","no","no","no","","yes","VERIFIED","yes",""
"4-2","4","QUESTIONS","4-2","4-2","MCQ_native","yes","yes","no","no","no","no","no","no","","yes","VERIFIED","yes",""
"4-3","4","QUESTIONS","4-3","4-3","MCQ_native","yes","yes","no","no","no","no","no","no","","yes","VERIFIED","yes",""
"4-4","4","QUESTIONS","4-4","4-4","MCQ_native","yes","yes","no","no","no","no","no","no","","yes","VERIFIED (citation corrected)","yes",""
"4-5","4","QUESTIONS","4-5","4-5","MCQ_native","yes","yes","no","no","no","no","no","no","","yes","VERIFIED (citation corrected)","yes",""
"4-6","4","QUESTIONS","4-6","4-6","MCQ_native","yes","yes","no","no","no","no","no","no","","yes","VERIFIED (citation corrected)","yes",""
"4-7","4","QUESTIONS","4-7","4-7","MCQ_native","yes","yes","no","no","no","no","no","no","","yes","VERIFIED","yes",""
"4-8","4","QUESTIONS","4-8","4-8","MCQ_native","yes","yes","no","no","no","no","no","no","","yes","VERIFIED","yes",""
"4-9","4","QUESTIONS","4-9","4-9","MCQ_native","yes","yes","no","no","no","no","no","no","","yes","VERIFIED (citation corrected)","yes",""
"4-10","4","QUESTIONS","4-10","4-10","MCQ_native","yes","yes","no","no","no","no","no","no","","yes","VERIFIED (citation corrected)","yes",""
"4-11","4","QUESTIONS","4-11","4-11","MCQ_native","yes","yes","no","no","no","no","no","no","","yes","VERIFIED (citation corrected)","yes",""
"4-12","4","QUESTIONS","4-12","4-12","MCQ_native","yes","yes","no","no","no","no","no","no","","yes","VERIFIED (citation corrected)","yes",""
"5-1","5","QUESTIONS","5-1","5-1","MCQ_native","yes","yes","no","no","no","no","no","no","","yes","VERIFIED","yes",""
"5-2","5","QUESTIONS","5-2","5-2","MCQ_native","yes","yes","no","no","no","no","no","no","","yes","VERIFIED","yes",""
"5-3","5","QUESTIONS","5-3","5-3","MCQ_native","yes","yes","no","no","no","no","no","no","","yes","VERIFIED","yes",""
"5-4","5","QUESTIONS","5-4","5-4","MCQ_native","yes","yes","no","no","no","no","no","no","","yes","VERIFIED","yes",""
"5-5","5","QUESTIONS","5-5","5-5","MCQ_native","yes","yes","no","no","no","no","no","no","","yes","VERIFIED","yes",""
"5-6","5","QUESTIONS","5-6","5-6","MCQ_native","yes","yes","no","no","no","no","no","no","","yes","VERIFIED","yes",""
"5-7","5","QUESTIONS","5-7","5-7","MCQ_native","yes","yes","no","no","no","no","no","no","","yes","VERIFIED","yes",""
"5-8","5","QUESTIONS","5-8","5-8","MCQ_native","yes","yes","no","no","no","no","no","no","","yes","VERIFIED","yes",""
"6-1","6","QUESTIONS","6-1","6-1","MCQ_native","yes","yes","no","no","no","no","no","no","","yes","VERIFIED","yes",""
"6-2","6","QUESTIONS","6-2","6-2","MCQ_native","yes","yes","no","no","no","no","no","no","","yes","VERIFIED","yes",""
"6-3","6","QUESTIONS","6-3","6-3","MCQ_native","yes","yes","no","no","no","no","no","no","","yes","VERIFIED (citation corrected)","yes",""
"6-4","6","QUESTIONS","6-4","6-4","MCQ_native","yes","yes","no","no","no","no","no","no","","yes","VERIFIED","yes",""
"6-5","6","QUESTIONS","6-5","6-5","MCQ_native","yes","yes","no","no","no","no","no","no","","yes","VERIFIED","yes",""
"6-6","6","QUESTIONS","6-6","6-6","MCQ_native","yes","yes","no","no","no","no","no","no","","yes","VERIFIED (citation corrected)","yes",""
"6-7","6","QUESTIONS","6-7","6-7","MCQ_native","yes","yes","no","no","no","no","no","no","","yes","VERIFIED","yes",""
"6-8","6","QUESTIONS","6-8","6-8","MCQ_native","yes","yes","no","no","no","no","no","no","","yes","VERIFIED","yes",""
"7-1","7","QUESTIONS","7-1","7-1","MCQ_native","yes","yes","no","no","no","no","no","no","","yes","VERIFIED","yes",""
"7-2","7","QUESTIONS","7-2","7-2","MCQ_native","yes","yes","no","no","no","no","no","no","","yes","VERIFIED","yes",""
"7-3","7","QUESTIONS","7-3","7-3","MCQ_native","yes","yes","no","no","no","no","no","no","","yes","VERIFIED","yes",""
"7-4","7","QUESTIONS","7-4","7-4","MCQ_native","yes","yes","no","no","no","no","no","no","","yes","VERIFIED","yes",""
"7-5","7","QUESTIONS","7-5","7-5","MCQ_native","yes","yes","no","no","no","no","no","no","","yes","VERIFIED","yes",""
"7-6","7","QUESTIONS","7-6","7-6","MCQ_native","yes","yes","no","no","no","no","no","no","","yes","VERIFIED","yes",""
"7-7","7","QUESTIONS","7-7","7-7","MCQ_native","yes","yes","no","no","no","no","no","no","","yes","VERIFIED","yes",""
"7-8","7","QUESTIONS","7-8","7-8","MCQ_native","yes","yes","no","no","no","no","no","no","","yes","VERIFIED","yes",""
"7-9","7","QUESTIONS","7-9","7-9","MCQ_native","yes","yes","no","no","no","no","no","no","","yes","VERIFIED","yes",""
"7-10","7","QUESTIONS","7-10","7-10","MCQ_native","yes","yes","no","no","no","no","no","no","","yes","VERIFIED","yes",""
"8-1","8","QUESTIONS","8-1","8-1","MCQ_native","yes","yes","no","no","no","no","no","no","","yes","VERIFIED","yes",""
"8-2","8","QUESTIONS","8-2","8-2","MCQ_native","yes","yes","no","no","no","no","no","no","","yes","VERIFIED","yes",""
"8-3","8","QUESTIONS","8-3","8-3","MCQ_native","yes","yes","no","no","no","no","no","no","","yes","VERIFIED","yes",""
"8-4","8","QUESTIONS","8-4","8-4","MCQ_native","yes","yes","no","no","no","no","no","no","","yes","VERIFIED","yes",""
"8-5","8","QUESTIONS","8-5","8-5","MCQ_native","yes","yes","no","no","no","no","no","no","","yes","VERIFIED","yes",""
"8-6","8","QUESTIONS","8-6","8-6","MCQ_native","yes","yes","no","no","no","no","no","no","","yes","VERIFIED","yes",""
"8-7","8","QUESTIONS","8-7","8-7","MCQ_native","yes","yes","no","no","no","no","no","no","","yes","VERIFIED","yes",""
"10-1","10","QUESTIONS","10-1","10-1","MCQ_native","yes","yes","no","no","no","no","no","no","","yes","VERIFIED","yes",""
"10-2","10","QUESTIONS","10-2","10-2","MCQ_native","yes","yes","no","no","no","no","no","no","","yes","VERIFIED","yes",""
"10-3","10","QUESTIONS","10-3","10-3","MCQ_native","yes","yes","no","no","no","no","no","no","","yes","VERIFIED","yes",""
"10-4","10","QUESTIONS","10-4","10-4","MCQ_native","yes","yes","no","no","no","no","no","no","","yes","VERIFIED","yes",""
"10-5","10","QUESTIONS","10-5","10-5","MCQ_native","yes","yes","no","no","no","no","no","no","","yes","VERIFIED","yes",""
"10-6","10","QUESTIONS","10-6","10-6","MCQ_native","yes","yes","no","no","no","no","no","no","","yes","VERIFIED","yes",""
"10-7","10","QUESTIONS","10-7","10-7","MCQ_native","yes","yes","no","no","no","no","no","no","","yes","VERIFIED","yes",""
"10-8","10","QUESTIONS","10-8","10-8","MCQ_native","yes","yes","no","no","no","no","no","no","","yes","VERIFIED","yes",""
"11-1","11","QUESTIONS","11-1","11-1","MCQ_native","yes","yes","no","no","no","no","no","no","","yes","VERIFIED","yes",""
"11-2","11","QUESTIONS","11-2","11-2","MCQ_native","yes","yes","no","no","no","no","no","no","","yes","VERIFIED","yes",""
"11-3","11","QUESTIONS","11-3","11-3","MCQ_native","yes","yes","no","no","no","no","no","no","","yes","VERIFIED","yes",""
"11-4","11","QUESTIONS","11-4","11-4","MCQ_native","yes","yes","no","no","no","no","no","no","","yes","VERIFIED","yes",""
"11-5","11","QUESTIONS","11-5","11-5","MCQ_native","yes","yes","no","no","no","no","no","no","","yes","VERIFIED","yes",""
"11-6","11","QUESTIONS","11-6","11-6","MCQ_native","yes","yes","no","no","no","no","no","no","","yes","VERIFIED","yes",""
"11-7","11","QUESTIONS","11-7","11-7","MCQ_native","yes","yes","no","no","no","no","no","no","","yes","VERIFIED","yes",""
"11-8","11","QUESTIONS","11-8","11-8","MCQ_native","yes","yes","no","no","no","no","no","no","","yes","VERIFIED","yes",""
"11-9","11","QUESTIONS","11-9","11-9","MCQ_native","yes","yes","no","no","no","no","no","no","","yes","VERIFIED","yes",""
"11-10","11","QUESTIONS","11-10","11-10","MCQ_native","yes","yes","no","no","no","no","no","no","","yes","VERIFIED","yes",""
"12-1","12","QUESTIONS","12-1","12-1","MCQ_native","yes","yes","no","no","no","no","no","no","","yes","VERIFIED","yes",""
"12-2","12","QUESTIONS","12-2","12-2","MCQ_native","yes","yes","no","no","no","no","no","no","","yes","VERIFIED","yes",""
"12-3","12","QUESTIONS","12-3","12-3","MCQ_native","yes","yes","no","no","no","no","no","no","","yes","VERIFIED","yes",""
"12-4","12","QUESTIONS","12-4","12-4","MCQ_native","yes","yes","no","no","no","no","no","no","","yes","VERIFIED","yes",""
"12-5","12","QUESTIONS","12-5","12-5","MCQ_native","yes","yes","no","no","no","no","no","no","","yes","VERIFIED","yes",""
"12-6","12","QUESTIONS","12-6","12-6","MCQ_native","yes","yes","no","no","no","no","no","no","","yes","VERIFIED","yes",""
"13-1","13","QUESTIONS","13-1","13-1","MCQ_native","yes","yes","no","no","no","no","no","no","","yes","UNAUDITED","no",""
"13-2","13","QUESTIONS","13-2","13-2","MCQ_native","yes","yes","no","no","no","no","no","no","","yes","UNAUDITED","no",""
"13-3","13","QUESTIONS","13-3","13-3","MCQ_native","yes","yes","no","no","no","no","no","no","","yes","UNAUDITED","no",""
"13-4","13","QUESTIONS","13-4","13-4","MCQ_native","yes","yes","no","no","no","no","no","no","","yes","UNAUDITED","no",""
"13-5","13","QUESTIONS","13-5","13-5","MCQ_native","yes","yes","no","no","no","no","no","no","","yes","UNAUDITED","no",""
"13-6","13","QUESTIONS","13-6","13-6","MCQ_native","yes","yes","no","no","no","no","no","no","","yes","UNAUDITED","no",""
"13-7","13","QUESTIONS","13-7","13-7","MCQ_native","yes","yes","no","no","no","no","no","no","","yes","UNAUDITED","no",""
"13-8","13","QUESTIONS","13-8","13-8","MCQ_native","yes","yes","no","no","no","no","no","no","","yes","UNAUDITED","no",""
"13-9","13","QUESTIONS","13-9","13-9","MCQ_native","yes","yes","no","no","no","no","no","no","","yes","UNAUDITED","no",""
"13-10","13","QUESTIONS","13-10","13-10","MCQ_native","yes","yes","no","no","no","no","no","no","","yes","UNAUDITED","no",""
"15-1","15","QUESTIONS","15-1","15-1","MCQ_native","yes","yes","no","no","no","no","no","no","","yes","UNAUDITED","no",""
"15-2","15","QUESTIONS","15-2","15-2","MCQ_native","yes","yes","no","no","no","no","no","no","","yes","UNAUDITED","no",""
"15-3","15","QUESTIONS","15-3","15-3","MCQ_native","yes","yes","no","no","no","no","no","no","","yes","UNAUDITED","no",""
"15-4","15","QUESTIONS","15-4","15-4","MCQ_native","yes","yes","no","no","no","no","no","no","","yes","UNAUDITED","no",""
"15-5","15","QUESTIONS","15-5","15-5","MCQ_native","yes","yes","no","no","no","no","no","no","","yes","UNAUDITED","no",""
"15-6","15","QUESTIONS","15-6","15-6","MCQ_native","yes","yes","no","no","no","no","no","no","","yes","UNAUDITED","no",""
"16-1","16","QUESTIONS","16-1","16-1","MCQ_native","yes","yes","no","no","no","no","no","no","","yes","UNAUDITED","no",""
"16-2","16","QUESTIONS","16-2","16-2","MCQ_native","yes","yes","no","no","no","no","no","no","","yes","UNAUDITED","no",""
"16-3","16","QUESTIONS","16-3","16-3","MCQ_native","yes","yes","no","no","no","no","no","no","","yes","UNAUDITED","no",""
"16-4","16","QUESTIONS","16-4","16-4","MCQ_native","yes","yes","no","no","no","no","no","no","","yes","UNAUDITED","no",""
"16-5","16","QUESTIONS","16-5","16-5","MCQ_native","yes","yes","no","no","no","no","no","no","","yes","UNAUDITED","no",""
"17-1","17","QUESTIONS","17-1","17-1","MCQ_native","yes","yes","no","no","no","no","no","no","","yes","UNAUDITED","no",""
"17-2","17","QUESTIONS","17-2","17-2","MCQ_native","yes","yes","no","no","no","no","no","no","","yes","UNAUDITED","no",""
"17-3","17","QUESTIONS","17-3","17-3","MCQ_native","yes","yes","no","no","no","no","no","no","","yes","UNAUDITED","no",""
"17-4","17","QUESTIONS","17-4","17-4","MCQ_native","yes","yes","no","no","no","no","no","no","","yes","UNAUDITED","no",""
"17-5","17","QUESTIONS","17-5","17-5","MCQ_native","yes","yes","no","no","no","no","no","no","","yes","UNAUDITED","no",""
"20-1","20","QUESTIONS","20-1","20-1","MCQ_native","yes","yes","no","no","no","no","no","no","","yes","UNAUDITED","no",""
"20-2","20","QUESTIONS","20-2","20-2","MCQ_native","yes","yes","no","no","no","no","no","no","","yes","UNAUDITED","no",""
"20-3","20","QUESTIONS","20-3","20-3","MCQ_native","yes","yes","no","no","no","no","no","no","","yes","UNAUDITED","no",""
"20-4","20","QUESTIONS","20-4","20-4","MCQ_native","yes","yes","no","no","no","no","no","no","","yes","UNAUDITED","no",""
"20-5","20","QUESTIONS","20-5","20-5","MCQ_native","yes","yes","no","no","no","no","no","no","","yes","UNAUDITED","no",""
"20-6","20","QUESTIONS","20-6","20-6","MCQ_native","yes","yes","no","no","no","no","no","no","","yes","UNAUDITED","no",""
"20-7","20","QUESTIONS","20-7","20-7","MCQ_native","yes","yes","no","no","no","no","no","no","","yes","UNAUDITED","no",""
"20-8","20","QUESTIONS","20-8","20-8","MCQ_native","yes","yes","no","no","no","no","no","no","","yes","UNAUDITED","no",""
"20-9","20","QUESTIONS","20-9","20-9","MCQ_native","yes","yes","no","no","no","no","no","no","","yes","UNAUDITED","no",""
"20-10","20","QUESTIONS","20-10","20-10","MCQ_native","yes","yes","no","no","no","no","no","no","","yes","UNAUDITED","no",""
"24-1","24","QUESTIONS","24-1","24-1","MCQ_native","yes","yes","no","no","no","no","no","no","","yes","UNAUDITED","no",""
"24-2","24","QUESTIONS","24-2","24-2","MCQ_native","yes","yes","no","no","no","no","no","no","","yes","UNAUDITED","no",""
"24-3","24","QUESTIONS","24-3","24-3","MCQ_native","yes","yes","no","no","no","no","no","no","","yes","UNAUDITED","no",""
"24-4","24","QUESTIONS","24-4","24-4","MCQ_native","yes","yes","no","no","no","no","no","no","","yes","UNAUDITED","no",""
"24-5","24","QUESTIONS","24-5","24-5","MCQ_native","yes","yes","no","no","no","no","no","no","","yes","UNAUDITED","no",""
"28-1","28","QUESTIONS","28-1","28-1","MCQ_native","yes","yes","no","no","no","no","no","no","","yes","UNAUDITED","no",""
"28-2","28","QUESTIONS","28-2","28-2","MCQ_native","yes","yes","no","no","no","no","no","no","","yes","UNAUDITED","no",""
"28-3","28","QUESTIONS","28-3","28-3","MCQ_native","yes","yes","no","no","no","no","no","no","","yes","UNAUDITED","no",""
"28-4","28","QUESTIONS","28-4","28-4","MCQ_native","yes","yes","no","no","no","no","no","no","","yes","UNAUDITED","no",""
"28-5","28","QUESTIONS","28-5","28-5","MCQ_native","yes","yes","no","no","no","no","no","no","","yes","UNAUDITED","no",""
"28-6","28","QUESTIONS","28-6","28-6","MCQ_native","yes","yes","no","no","no","no","no","no","","yes","UNAUDITED","no",""
"28-7","28","QUESTIONS","28-7","28-7","MCQ_native","yes","yes","no","no","no","no","no","no","","yes","UNAUDITED","no",""
"29-1","29","QUESTIONS","29-1","29-1","MCQ_native","yes","yes","no","no","no","no","no","no","","yes","UNAUDITED","no",""
"29-2","29","QUESTIONS","29-2","29-2","MCQ_native","yes","yes","no","no","no","no","no","no","","yes","UNAUDITED","no",""
"29-3","29","QUESTIONS","29-3","29-3","MCQ_native","yes","yes","no","no","no","no","no","no","","yes","UNAUDITED","no",""
"29-4","29","QUESTIONS","29-4","29-4","MCQ_native","yes","yes","no","no","no","no","no","no","","yes","UNAUDITED","no",""
"29-5","29","QUESTIONS","29-5","29-5","MCQ_native","yes","yes","no","no","no","no","no","no","","yes","UNAUDITED","no",""
"29-6","29","QUESTIONS","29-6","29-6","MCQ_native","yes","yes","no","no","no","no","no","no","","yes","UNAUDITED","no",""
"29-7","29","QUESTIONS","29-7","29-7","MCQ_native","yes","yes","no","no","no","no","no","no","","yes","UNAUDITED","no",""
"29-8","29","QUESTIONS","29-8","29-8","MCQ_native","yes","yes","no","no","no","no","no","no","","yes","UNAUDITED","no",""
"29-9","29","QUESTIONS","29-9","29-9","MCQ_native","yes","yes","no","no","no","no","no","no","","yes","UNAUDITED","no",""
"32-1","32","QUESTIONS","32-1","32-1","MCQ_native","yes","yes","no","no","no","no","no","no","","yes","UNAUDITED","no",""
"32-2","32","QUESTIONS","32-2","32-2","MCQ_native","yes","yes","no","no","no","no","no","no","","yes","UNAUDITED","no",""
"32-3","32","QUESTIONS","32-3","32-3","MCQ_native","yes","yes","no","no","no","no","no","no","","yes","UNAUDITED","no",""
"32-4","32","QUESTIONS","32-4","32-4","MCQ_native","yes","yes","no","no","no","no","no","no","","yes","UNAUDITED","no",""
"32-5","32","QUESTIONS","32-5","32-5","MCQ_native","yes","yes","no","no","no","no","no","no","","yes","UNAUDITED","no",""
"34-1","34","QUESTIONS","34-1","34-1","MCQ_native","yes","yes","no","no","no","no","no","no","","yes","UNAUDITED","no",""
"34-2","34","QUESTIONS","34-2","34-2","MCQ_native","yes","yes","no","no","no","no","no","no","","yes","UNAUDITED","no",""
"34-3","34","QUESTIONS","34-3","34-3","MCQ_native","yes","yes","no","no","no","no","no","no","","yes","UNAUDITED","no",""
"34-4","34","QUESTIONS","34-4","34-4","MCQ_native","yes","yes","no","no","no","no","no","no","","yes","UNAUDITED","no",""
"34-5","34","QUESTIONS","34-5","34-5","MCQ_native","yes","yes","no","no","no","no","no","no","","yes","UNAUDITED","no",""
"23-6","23","QUESTIONS","23-6","23-6","MCQ_native","yes","yes","no","no","no","no","no","no","","yes","UNAUDITED","no",""
"19-10","19","QUESTIONS","19-10","19-10","MCQ_native","yes","yes","no","no","no","no","no","no","","yes","UNAUDITED","no",""
"3-13","3","QUESTIONS","3-13","3-13","MCQ_native","yes","yes","no","no","no","no","no","no","","yes","VERIFIED","yes",""
"23-7","23","QUESTIONS","23-7","23-7","MCQ_native","yes","yes","no","no","no","no","no","no","","yes","UNAUDITED","no",""
"10-9","10","QUESTIONS","10-9","10-9","MCQ_native","yes","yes","no","no","no","no","no","no","","yes","VERIFIED","yes",""
"28-8","28","QUESTIONS","28-8","28-8","MCQ_native","yes","yes","no","no","no","no","no","no","","yes","UNAUDITED","no",""
"18-2","18","QUESTIONS","18-2","18-2","MCQ_native","yes","yes","no","no","no","no","no","no","","yes","UNAUDITED","no",""
"31-5","31","QUESTIONS","31-5","31-5","MCQ_native","yes","yes","no","no","no","no","no","no","","yes","UNAUDITED","no",""
"22-3","22","QUESTIONS","22-3","22-3","MCQ_native","yes","yes","no","no","no","no","no","no","","yes","UNAUDITED","no",""
"25-2","25","QUESTIONS","25-2","25-2","MCQ_native","yes","yes","no","no","no","no","no","no","","yes","UNAUDITED","no",""
"27-4","27","QUESTIONS","27-4","27-4","MCQ_native","yes","yes","no","no","no","no","no","no","","yes","UNAUDITED","no",""
"3-14","3","QUESTIONS","3-14","3-14","MCQ_native","yes","yes","no","no","no","no","no","no","","yes","VERIFIED","yes",""
"12-7","12","QUESTIONS","12-7","12-7","MCQ_native","yes","yes","no","no","no","no","no","no","","yes","VERIFIED","yes",""
"12-8","12","QUESTIONS","12-8","12-8","MCQ_native","yes","yes","no","no","no","no","no","no","","yes","VERIFIED","yes",""
"9-6","9","QUESTIONS","9-6","9-6","MCQ_native","yes","yes","no","no","no","no","no","no","","yes","VERIFIED","yes",""
"27-5","27","QUESTIONS","27-5","27-5","MCQ_native","yes","yes","no","no","no","no","no","no","","yes","UNAUDITED","no",""
"9-7","9","QUESTIONS","9-7","9-7","MCQ_native","yes","yes","no","no","no","no","no","no","","yes","VERIFIED","yes",""
"9-8","9","QUESTIONS","9-8","9-8","MCQ_native","yes","yes","no","no","no","no","no","no","","yes","VERIFIED","yes",""
"9-9","9","QUESTIONS","9-9","9-9","MCQ_native","yes","yes","no","no","no","no","no","no","","yes","VERIFIED","yes",""
"23-8","23","QUESTIONS","23-8","23-8","MCQ_native","yes","yes","no","no","no","no","no","no","","yes","UNAUDITED","no",""
"9-10","9","QUESTIONS","9-10","9-10","MCQ_native","yes","yes","no","no","no","no","no","no","","yes","VERIFIED","yes",""
"28-9","28","QUESTIONS","28-9","28-9","MCQ_native","yes","yes","no","no","no","no","no","no","","yes","UNAUDITED","no",""
"9-11","9","QUESTIONS","9-11","9-11","MCQ_native","yes","yes","no","no","no","no","no","no","","yes","VERIFIED","yes",""
"26-2","26","QUESTIONS","26-2","26-2","MCQ_native","yes","yes","no","no","no","no","no","no","","yes","UNAUDITED","no",""
"32-6","32","QUESTIONS","32-6","32-6","MCQ_native","yes","yes","no","no","no","no","no","no","","yes","UNAUDITED","no",""
"29-10","29","QUESTIONS","29-10","29-10","MCQ_native","yes","yes","no","no","no","no","no","no","","yes","UNAUDITED","no",""
"13-11","13","QUESTIONS","13-11","13-11","MCQ_native","yes","yes","no","no","no","no","no","no","","yes","UNAUDITED","no",""
"14-6","14","QUESTIONS","14-6","14-6","MCQ_native","yes","yes","no","no","no","no","no","no","","yes","UNAUDITED","no",""
"15-7","15","QUESTIONS","15-7","15-7","MCQ_native","yes","yes","no","no","no","no","no","no","","yes","UNAUDITED","no",""
"9-12","9","QUESTIONS","9-12","9-12","MCQ_native","yes","yes","no","no","no","no","no","no","","yes","VERIFIED","yes",""
"14-7","14","QUESTIONS","14-7","14-7","MCQ_native","yes","yes","no","no","no","no","no","no","","yes","UNAUDITED","no",""
"9-13","9","QUESTIONS","9-13","9-13","MCQ_native","yes","yes","no","no","no","no","no","no","","yes","VERIFIED","yes",""
"13-12","13","QUESTIONS","13-12","13-12","MCQ_native","yes","yes","no","no","no","no","no","no","","yes","UNAUDITED","no",""
"27-6","27","QUESTIONS","27-6","27-6","MCQ_native","yes","yes","no","no","no","no","no","no","","yes","UNAUDITED","no",""
"31-6","31","QUESTIONS","31-6","31-6","MCQ_native","yes","yes","no","no","no","no","no","no","","yes","UNAUDITED","no",""
"14-8","14","QUESTIONS","14-8","14-8","MCQ_native","yes","yes","no","no","no","no","no","no","","yes","UNAUDITED","no",""
"14-9","14","QUESTIONS","14-9","14-9","MCQ_native","yes","yes","no","no","no","no","no","no","","yes","UNAUDITED","no",""
"23-9","23","QUESTIONS","23-9","23-9","MCQ_native","yes","yes","no","no","no","no","no","no","","yes","UNAUDITED","no",""
"14-10","14","QUESTIONS","14-10","14-10","MCQ_native","yes","yes","no","no","no","no","no","no","","yes","UNAUDITED","no",""
"32-7","32","QUESTIONS","32-7","32-7","MCQ_native","yes","yes","no","no","no","no","no","no","","yes","UNAUDITED","no",""
"16-6","16","QUESTIONS","16-6","16-6","MCQ_native","yes","yes","no","no","no","no","no","no","","yes","UNAUDITED","no",""
"13-13","13","QUESTIONS","13-13","13-13","MCQ_native","yes","yes","no","no","no","no","no","no","","yes","UNAUDITED","no",""
"18-3","18","QUESTIONS","18-3","18-3","MCQ_native","yes","yes","no","no","no","no","no","no","","yes","UNAUDITED","no",""
"14-11","14","QUESTIONS","14-11","14-11","MCQ_native","yes","yes","no","no","no","no","no","no","","yes","UNAUDITED","no",""
"14-12","14","QUESTIONS","14-12","14-12","MCQ_native","yes","yes","no","no","no","no","no","no","","yes","UNAUDITED","no",""
"2-11","2","QUESTIONS","2-11","2-11","MCQ_native","yes","yes","no","no","no","no","no","no","","yes","VERIFIED (source override live-wired)","yes",""
"18-4","18","QUESTIONS","18-4","18-4","MCQ_native","yes","yes","no","no","no","no","no","no","","yes","UNAUDITED","no",""
"14-13","14","QUESTIONS","14-13","14-13","MCQ_native","yes","yes","no","no","no","no","no","no","","yes","UNAUDITED","no",""
"14-14","14","QUESTIONS","14-14","14-14","MCQ_native","yes","yes","no","no","no","no","no","no","","yes","UNAUDITED","no",""
"31-7","31","QUESTIONS","31-7","31-7","MCQ_native","yes","yes","no","no","no","no","no","no","","yes","UNAUDITED","no",""
"7-11","7","QUESTIONS","7-11","7-11","MCQ_native","yes","yes","no","no","no","no","no","no","","yes","VERIFIED","yes",""
"14-15","14","QUESTIONS","14-15","14-15","MCQ_native","yes","yes","no","no","no","no","no","no","","yes","UNAUDITED","no",""
"13-14","13","QUESTIONS","13-14","13-14","MCQ_native","yes","yes","no","no","no","no","no","no","","yes","UNAUDITED","no",""
"13-15","13","QUESTIONS","13-15","13-15","MCQ_native","yes","yes","no","no","no","no","no","no","","yes","UNAUDITED","no",""
"18-5","18","QUESTIONS","18-5","18-5","MCQ_native","yes","yes","no","no","no","no","no","no","","yes","UNAUDITED","no",""
"29-11","29","QUESTIONS","29-11","29-11","MCQ_native","yes","yes","no","no","no","no","no","no","","yes","UNAUDITED","no",""
"31-8","31","QUESTIONS","31-8","31-8","MCQ_native","yes","yes","no","no","no","no","no","no","","yes","UNAUDITED","no",""
"14-16","14","QUESTIONS","14-16","14-16","MCQ_native","yes","yes","no","no","no","no","no","no","","yes","UNAUDITED","no",""
"18-6","18","QUESTIONS","18-6","18-6","MCQ_native","yes","yes","no","no","no","no","no","no","","yes","UNAUDITED","no",""
"25-3","25","QUESTIONS","25-3","25-3","MCQ_native","yes","yes","no","no","no","no","no","no","","yes","UNAUDITED","no",""
"9-14","9","QUESTIONS","9-14","9-14","MCQ_native","yes","yes","no","no","no","no","no","no","","yes","VERIFIED","yes",""
"12-9","12","QUESTIONS","12-9","12-9","MCQ_native","yes","yes","no","no","no","no","no","no","","yes","VERIFIED","yes",""
"14-17","14","QUESTIONS","14-17","14-17","MCQ_native","yes","yes","no","no","no","no","no","no","","yes","UNAUDITED","no",""
"32-8","32","QUESTIONS","32-8","32-8","MCQ_native","yes","yes","no","no","no","no","no","no","","yes","UNAUDITED","no",""
"27-7","27","QUESTIONS","27-7","27-7","MCQ_native","yes","yes","no","no","no","no","no","no","","yes","UNAUDITED","no",""
"9-15","9","QUESTIONS","9-15","9-15","MCQ_native","yes","yes","no","no","no","no","no","no","","yes","VERIFIED","yes",""
"19-11","19","QUESTIONS","19-11","19-11","MCQ_native","yes","yes","no","no","no","no","no","no","","yes","UNAUDITED","no",""
"20-11","20","QUESTIONS","20-11","20-11","MCQ_native","yes","yes","no","no","no","no","no","no","","yes","UNAUDITED","no",""
"18-7","18","QUESTIONS","18-7","18-7","MCQ_native","yes","yes","no","no","no","no","no","no","","yes","UNAUDITED","no",""
"27-8","27","QUESTIONS","27-8","27-8","MCQ_native","yes","yes","no","no","no","no","no","no","","yes","UNAUDITED","no",""
"15-8","15","QUESTIONS","15-8","15-8","MCQ_native","yes","yes","no","no","no","no","no","no","","yes","UNAUDITED","no",""
"9-16","9","QUESTIONS","9-16","9-16","MCQ_native","yes","yes","no","no","no","no","no","no","","yes","VERIFIED","yes",""
"18-8","18","QUESTIONS","18-8","18-8","MCQ_native","yes","yes","no","no","no","no","no","no","","yes","UNAUDITED","no",""
"9-17","9","QUESTIONS","9-17","9-17","MCQ_native","yes","yes","no","no","no","no","no","no","","yes","VERIFIED","yes",""
"14-18","14","QUESTIONS","14-18","14-18","MCQ_native","yes","yes","no","no","no","no","no","no","","yes","UNAUDITED","no",""
"14-19","14","QUESTIONS","14-19","14-19","MCQ_native","yes","yes","no","no","no","no","no","no","","yes","UNAUDITED","no",""
"14-20","14","QUESTIONS","14-20","14-20","MCQ_native","yes","yes","no","no","no","no","no","no","","yes","UNAUDITED","no",""
"32-9","32","QUESTIONS","32-9","32-9","MCQ_native","yes","yes","no","no","no","no","no","no","","yes","UNAUDITED","no",""
"23-10","23","QUESTIONS","23-10","23-10","MCQ_native","yes","yes","no","no","no","no","no","no","","yes","UNAUDITED","no",""
"14-21","14","QUESTIONS","14-21","14-21","MCQ_native","yes","yes","no","no","no","no","no","no","","yes","UNAUDITED","no",""
"17-6","17","QUESTIONS","17-6","17-6","MCQ_native","yes","yes","no","no","no","no","no","no","","yes","UNAUDITED","no",""
"7-12","7","QUESTIONS","7-12","7-12","MCQ_native","yes","yes","no","no","no","no","no","no","","yes","VERIFIED","yes",""
"31-9","31","QUESTIONS","31-9","31-9","MCQ_native","yes","yes","no","no","no","no","no","no","","yes","UNAUDITED","no",""
"27-9","27","QUESTIONS","27-9","27-9","MCQ_native","yes","yes","no","no","no","no","no","no","","yes","UNAUDITED","no",""
"20-12","20","QUESTIONS","20-12","20-12","MCQ_native","yes","yes","no","no","no","no","no","no","","yes","UNAUDITED","no",""
"14-22","14","QUESTIONS","14-22","14-22","MCQ_native","yes","yes","no","no","no","no","no","no","","yes","UNAUDITED","no",""
"18-9","18","QUESTIONS","18-9","18-9","MCQ_native","yes","yes","no","no","no","no","no","no","","yes","UNAUDITED","no",""
"14-23","14","QUESTIONS","14-23","14-23","MCQ_native","yes","yes","no","no","no","no","no","no","","yes","UNAUDITED","no",""
"27-10","27","QUESTIONS","27-10","27-10","MCQ_native","yes","yes","no","no","no","no","no","no","","yes","UNAUDITED","no",""
"13-16","13","QUESTIONS","13-16","13-16","MCQ_native","yes","yes","no","no","no","no","no","no","","yes","UNAUDITED","no",""
"14-24","14","QUESTIONS","14-24","14-24","MCQ_native","yes","yes","no","no","no","no","no","no","","yes","UNAUDITED","no",""
"31-10","31","QUESTIONS","31-10","31-10","MCQ_native","yes","yes","no","no","no","no","no","no","","yes","UNAUDITED","no",""
"18-10","18","QUESTIONS","18-10","18-10","MCQ_native","yes","yes","no","no","no","no","no","no","","yes","UNAUDITED","no",""
"33-2","33","QUESTIONS","33-2","33-2","MCQ_native","yes","yes","no","no","no","no","no","no","","yes","UNAUDITED","no",""
"31-11","31","QUESTIONS","31-11","31-11","MCQ_native","yes","yes","no","no","no","no","no","no","","yes","UNAUDITED","no",""
"13-17","13","QUESTIONS","13-17","13-17","MCQ_native","yes","yes","no","no","no","no","no","no","","yes","UNAUDITED","no",""
"14-25","14","QUESTIONS","14-25","14-25","MCQ_native","yes","yes","no","no","no","no","no","no","","yes","UNAUDITED","no",""
"14-26","14","QUESTIONS","14-26","14-26","MCQ_native","yes","yes","no","no","no","no","no","no","","yes","UNAUDITED","no",""
"29-12","29","QUESTIONS","29-12","29-12","MCQ_native","yes","yes","no","no","no","no","no","no","","yes","UNAUDITED","no",""
"14-27","14","QUESTIONS","14-27","14-27","MCQ_native","yes","yes","no","no","no","no","no","no","","yes","UNAUDITED","no",""
"28-10","28","QUESTIONS","28-10","28-10","MCQ_native","yes","yes","no","no","no","no","no","no","","yes","UNAUDITED","no",""
"32-10","32","QUESTIONS","32-10","32-10","MCQ_native","yes","yes","no","no","no","no","no","no","","yes","UNAUDITED","no",""
"13-18","13","QUESTIONS","13-18","13-18","MCQ_native","yes","yes","no","no","no","no","no","no","","yes","UNAUDITED","no",""
"20-13","20","QUESTIONS","20-13","20-13","MCQ_native","yes","yes","no","no","no","no","no","no","","yes","UNAUDITED","no",""
"14-28","14","QUESTIONS","14-28","14-28","MCQ_native","yes","yes","no","no","no","no","no","no","","yes","UNAUDITED","no",""
"28-11","28","QUESTIONS","28-11","28-11","MCQ_native","yes","yes","no","no","no","no","no","no","","yes","UNAUDITED","no",""
"14-29","14","QUESTIONS","14-29","14-29","MCQ_native","yes","yes","no","no","no","no","no","no","","yes","UNAUDITED","no",""
"20-14","20","QUESTIONS","20-14","20-14","MCQ_native","yes","yes","no","no","no","no","no","no","","yes","UNAUDITED","no",""
"28-12","28","QUESTIONS","28-12","28-12","MCQ_native","yes","yes","no","no","no","no","no","no","","yes","UNAUDITED","no",""
"13-19","13","QUESTIONS","13-19","13-19","MCQ_native","yes","yes","no","no","no","no","no","no","","yes","UNAUDITED","no",""
"9-18","9","QUESTIONS","9-18","9-18","MCQ_native","yes","yes","no","no","no","no","no","no","","yes","VERIFIED","yes",""
"14-30","14","QUESTIONS","14-30","14-30","MCQ_native","yes","yes","no","no","no","no","no","no","","yes","UNAUDITED","no",""
"14-31","14","QUESTIONS","14-31","14-31","MCQ_native","yes","yes","no","no","no","no","no","no","","yes","UNAUDITED","no",""
"9-19","9","QUESTIONS","9-19","9-19","MCQ_native","yes","yes","no","no","no","no","no","no","","yes","VERIFIED","yes",""
"14-32","14","QUESTIONS","14-32","14-32","MCQ_native","yes","yes","no","no","no","no","no","no","","yes","UNAUDITED","no",""
"14-33","14","QUESTIONS","14-33","14-33","MCQ_native","yes","yes","no","no","no","no","no","no","","yes","UNAUDITED","no",""
"14-34","14","QUESTIONS","14-34","14-34","MCQ_native","yes","yes","no","no","no","no","no","no","","yes","UNAUDITED","no",""
"29-13","29","QUESTIONS","29-13","29-13","MCQ_native","yes","yes","no","no","no","no","no","no","","yes","UNAUDITED","no",""
"14-35","14","QUESTIONS","14-35","14-35","MCQ_native","yes","yes","no","no","no","no","no","no","","yes","UNAUDITED","no",""
"32-11","32","QUESTIONS","32-11","32-11","MCQ_native","yes","yes","no","no","no","no","no","no","","yes","UNAUDITED","no",""
"14-36","14","QUESTIONS","14-36","14-36","MCQ_native","yes","yes","no","no","no","no","no","no","","yes","UNAUDITED","no",""
"20-15","20","QUESTIONS","20-15","20-15","MCQ_native","yes","yes","no","no","no","no","no","no","","yes","UNAUDITED","no",""
"1-11","1","QUESTIONS","1-11","1-11","MCQ_native","yes","yes","no","no","no","no","no","no","","yes","VERIFIED","yes",""
"1-12","1","QUESTIONS","1-12","1-12","MCQ_native","yes","yes","no","no","no","no","no","no","","yes","VERIFIED","yes",""
"1-13","1","QUESTIONS","1-13","1-13","MCQ_native","yes","yes","no","no","no","no","no","no","","yes","VERIFIED","yes",""
"1-14","1","QUESTIONS","1-14","1-14","MCQ_native","yes","yes","no","no","no","no","no","no","","yes","VERIFIED","yes",""
"1-15","1","QUESTIONS","1-15","1-15","MCQ_native","yes","yes","no","no","no","no","no","no","","yes","VERIFIED","yes",""
"3-15","3","QUESTIONS","3-15","3-15","MCQ_native","yes","yes","no","no","no","no","no","no","","yes","VERIFIED","yes",""
"3-16","3","QUESTIONS","3-16","3-16","MCQ_native","yes","yes","no","no","no","no","no","no","","yes","VERIFIED","yes",""
"3-17","3","QUESTIONS","3-17","3-17","MCQ_native","yes","yes","no","no","no","no","no","no","","yes","VERIFIED","yes",""
"3-18","3","QUESTIONS","3-18","3-18","MCQ_native","yes","yes","no","no","no","no","no","no","","yes","VERIFIED","yes",""
"3-19","3","QUESTIONS","3-19","3-19","MCQ_native","yes","yes","no","no","no","no","no","no","","yes","VERIFIED","yes",""
"4-13","4","QUESTIONS","4-13","4-13","MCQ_native","yes","yes","no","no","no","no","no","no","","yes","VERIFIED","yes",""
"4-14","4","QUESTIONS","4-14","4-14","MCQ_native","yes","yes","no","no","no","no","no","no","","yes","VERIFIED","yes",""
"4-15","4","QUESTIONS","4-15","4-15","MCQ_native","yes","yes","no","no","no","no","no","no","","yes","VERIFIED","yes",""
"4-16","4","QUESTIONS","4-16","4-16","MCQ_native","yes","yes","no","no","no","no","no","no","","yes","VERIFIED","yes",""
"4-17","4","QUESTIONS","4-17","4-17","MCQ_native","yes","yes","no","no","no","no","no","no","","yes","VERIFIED","yes",""
"5-9","5","QUESTIONS","5-9","5-9","MCQ_native","yes","yes","no","no","no","no","no","no","","yes","VERIFIED","yes",""
"5-10","5","QUESTIONS","5-10","5-10","MCQ_native","yes","yes","no","no","no","no","no","no","","yes","VERIFIED","yes",""
"5-11","5","QUESTIONS","5-11","5-11","MCQ_native","yes","yes","no","no","no","no","no","no","","yes","VERIFIED","yes",""
"5-12","5","QUESTIONS","5-12","5-12","MCQ_native","yes","yes","no","no","no","no","no","no","","yes","VERIFIED","yes",""
"5-13","5","QUESTIONS","5-13","5-13","MCQ_native","yes","yes","no","no","no","no","no","no","","yes","VERIFIED","yes",""
"6-9","6","QUESTIONS","6-9","6-9","MCQ_native","yes","yes","no","no","no","no","no","no","","yes","VERIFIED","yes",""
"6-10","6","QUESTIONS","6-10","6-10","MCQ_native","yes","yes","no","no","no","no","no","no","","yes","VERIFIED","yes",""
"6-11","6","QUESTIONS","6-11","6-11","MCQ_native","yes","yes","no","no","no","no","no","no","","yes","VERIFIED","yes",""
"6-12","6","QUESTIONS","6-12","6-12","MCQ_native","yes","yes","no","no","no","no","no","no","","yes","VERIFIED","yes",""
"6-13","6","QUESTIONS","6-13","6-13","MCQ_native","yes","yes","no","no","no","no","no","no","","yes","VERIFIED","yes",""
"7-13","7","QUESTIONS","7-13","7-13","MCQ_native","yes","yes","no","no","no","no","no","no","","yes","VERIFIED","yes",""
"7-14","7","QUESTIONS","7-14","7-14","MCQ_native","yes","yes","no","no","no","no","no","no","","yes","VERIFIED","yes",""
"7-15","7","QUESTIONS","7-15","7-15","MCQ_native","yes","yes","no","no","no","no","no","no","","yes","VERIFIED","yes",""
"7-16","7","QUESTIONS","7-16","7-16","MCQ_native","yes","yes","no","no","no","no","no","no","","yes","VERIFIED","yes",""
"7-17","7","QUESTIONS","7-17","7-17","MCQ_native","yes","yes","no","no","no","no","no","no","","yes","VERIFIED","yes",""
"8-8","8","QUESTIONS","8-8","8-8","MCQ_native","yes","yes","no","no","no","no","no","no","","yes","VERIFIED","yes",""
"8-9","8","QUESTIONS","8-9","8-9","MCQ_native","yes","yes","no","no","no","no","no","no","","yes","VERIFIED","yes",""
"8-10","8","QUESTIONS","8-10","8-10","MCQ_native","yes","yes","no","no","no","no","no","no","","yes","VERIFIED","yes",""
"8-11","8","QUESTIONS","8-11","8-11","MCQ_native","yes","yes","no","no","no","no","no","no","","yes","VERIFIED","yes",""
"8-12","8","QUESTIONS","8-12","8-12","MCQ_native","yes","yes","no","no","no","no","no","no","","yes","VERIFIED","yes",""
"9-20","9","QUESTIONS","9-20","9-20","MCQ_native","yes","yes","no","no","no","no","no","no","","yes","VERIFIED","yes",""
"9-22","9","QUESTIONS","9-22","9-22","MCQ_native","yes","yes","no","no","no","no","no","no","","yes","VERIFIED","yes",""
"9-23","9","QUESTIONS","9-23","9-23","MCQ_native","yes","yes","no","no","no","no","no","no","","yes","VERIFIED","yes",""
"9-24","9","QUESTIONS","9-24","9-24","MCQ_native","yes","yes","no","no","no","no","no","no","","yes","VERIFIED","yes",""
"10-11","10","QUESTIONS","10-11","10-11","MCQ_native","yes","yes","no","no","no","no","no","no","","yes","VERIFIED","yes",""
"10-12","10","QUESTIONS","10-12","10-12","MCQ_native","yes","yes","no","no","no","no","no","no","","yes","VERIFIED","yes",""
"10-13","10","QUESTIONS","10-13","10-13","MCQ_native","yes","yes","no","no","no","no","no","no","","yes","VERIFIED","yes",""
"10-14","10","QUESTIONS","10-14","10-14","MCQ_native","yes","yes","no","no","no","no","no","no","","yes","VERIFIED","yes",""
"11-11","11","QUESTIONS","11-11","11-11","MCQ_native","yes","yes","no","no","no","no","no","no","","yes","VERIFIED","yes",""
"11-12","11","QUESTIONS","11-12","11-12","MCQ_native","yes","yes","no","no","no","no","no","no","","yes","VERIFIED","yes",""
"11-13","11","QUESTIONS","11-13","11-13","MCQ_native","yes","yes","no","no","no","no","no","no","","yes","VERIFIED","yes",""
"11-14","11","QUESTIONS","11-14","11-14","MCQ_native","yes","yes","no","no","no","no","no","no","","yes","VERIFIED","yes",""
"11-15","11","QUESTIONS","11-15","11-15","MCQ_native","yes","yes","no","no","no","no","no","no","","yes","VERIFIED","yes",""
"12-10","12","QUESTIONS","12-10","12-10","MCQ_native","yes","yes","no","no","no","no","no","no","","yes","VERIFIED","yes",""
"12-11","12","QUESTIONS","12-11","12-11","MCQ_native","yes","yes","no","no","no","no","no","no","","yes","VERIFIED","yes",""
"12-12","12","QUESTIONS","12-12","12-12","MCQ_native","yes","yes","no","no","no","no","no","no","","yes","VERIFIED","yes",""
"12-13","12","QUESTIONS","12-13","12-13","MCQ_native","yes","yes","no","no","no","no","no","no","","yes","VERIFIED","yes",""
"12-14","12","QUESTIONS","12-14","12-14","MCQ_native","yes","yes","no","no","no","no","no","no","","yes","VERIFIED","yes",""
"13-20","13","QUESTIONS","13-20","13-20","MCQ_native","yes","yes","no","no","no","no","no","no","","yes","UNAUDITED","no",""
"13-21","13","QUESTIONS","13-21","13-21","MCQ_native","yes","yes","no","no","no","no","no","no","","yes","UNAUDITED","no",""
"13-22","13","QUESTIONS","13-22","13-22","MCQ_native","yes","yes","no","no","no","no","no","no","","yes","UNAUDITED","no",""
"13-23","13","QUESTIONS","13-23","13-23","MCQ_native","yes","yes","no","no","no","no","no","no","","yes","UNAUDITED","no",""
"13-24","13","QUESTIONS","13-24","13-24","MCQ_native","yes","yes","no","no","no","no","no","no","","yes","UNAUDITED","no",""
"14-37","14","QUESTIONS","14-37","14-37","MCQ_native","yes","yes","no","no","no","no","no","no","","yes","UNAUDITED","no",""
"14-38","14","QUESTIONS","14-38","14-38","MCQ_native","yes","yes","no","no","no","no","no","no","","yes","UNAUDITED","no",""
"14-39","14","QUESTIONS","14-39","14-39","MCQ_native","yes","yes","no","no","no","no","no","no","","yes","UNAUDITED","no",""
"14-40","14","QUESTIONS","14-40","14-40","MCQ_native","yes","yes","no","no","no","no","no","no","","yes","UNAUDITED","no",""
"14-41","14","QUESTIONS","14-41","14-41","MCQ_native","yes","yes","no","no","no","no","no","no","","yes","UNAUDITED","no",""
"15-9","15","QUESTIONS","15-9","15-9","MCQ_native","yes","yes","no","no","no","no","no","no","","yes","UNAUDITED","no",""
"15-10","15","QUESTIONS","15-10","15-10","MCQ_native","yes","yes","no","no","no","no","no","no","","yes","UNAUDITED","no",""
"15-11","15","QUESTIONS","15-11","15-11","MCQ_native","yes","yes","no","no","no","no","no","no","","yes","UNAUDITED","no",""
"15-12","15","QUESTIONS","15-12","15-12","MCQ_native","yes","yes","no","no","no","no","no","no","","yes","UNAUDITED","no",""
"15-13","15","QUESTIONS","15-13","15-13","MCQ_native","yes","yes","no","no","no","no","no","no","","yes","UNAUDITED","no",""
"16-7","16","QUESTIONS","16-7","16-7","MCQ_native","yes","yes","no","no","no","no","no","no","","yes","UNAUDITED","no",""
"16-8","16","QUESTIONS","16-8","16-8","MCQ_native","yes","yes","no","no","no","no","no","no","","yes","UNAUDITED","no",""
"16-9","16","QUESTIONS","16-9","16-9","MCQ_native","yes","yes","no","no","no","no","no","no","","yes","UNAUDITED","no",""
"16-10","16","QUESTIONS","16-10","16-10","MCQ_native","yes","yes","no","no","no","no","no","no","","yes","UNAUDITED","no",""
"16-11","16","QUESTIONS","16-11","16-11","MCQ_native","yes","yes","no","no","no","no","no","no","","yes","UNAUDITED","no",""
"17-7","17","QUESTIONS","17-7","17-7","MCQ_native","yes","yes","no","no","no","no","no","no","","yes","UNAUDITED","no",""
"17-8","17","QUESTIONS","17-8","17-8","MCQ_native","yes","yes","no","no","no","no","no","no","","yes","UNAUDITED","no",""
"17-9","17","QUESTIONS","17-9","17-9","MCQ_native","yes","yes","no","no","no","no","no","no","","yes","UNAUDITED","no",""
"17-10","17","QUESTIONS","17-10","17-10","MCQ_native","yes","yes","no","no","no","no","no","no","","yes","UNAUDITED","no",""
"17-11","17","QUESTIONS","17-11","17-11","MCQ_native","yes","yes","no","no","no","no","no","no","","yes","UNAUDITED","no",""
"18-11","18","QUESTIONS","18-11","18-11","MCQ_native","yes","yes","no","no","no","no","no","no","","yes","UNAUDITED","no",""
"18-12","18","QUESTIONS","18-12","18-12","MCQ_native","yes","yes","no","no","no","no","no","no","","yes","UNAUDITED","no",""
"18-13","18","QUESTIONS","18-13","18-13","MCQ_native","yes","yes","no","no","no","no","no","no","","yes","UNAUDITED","no",""
"18-14","18","QUESTIONS","18-14","18-14","MCQ_native","yes","yes","no","no","no","no","no","no","","yes","UNAUDITED","no",""
"18-15","18","QUESTIONS","18-15","18-15","MCQ_native","yes","yes","no","no","no","no","no","no","","yes","UNAUDITED","no",""
"19-12","19","QUESTIONS","19-12","19-12","MCQ_native","yes","yes","no","no","no","no","no","no","","yes","UNAUDITED","no",""
"19-13","19","QUESTIONS","19-13","19-13","MCQ_native","yes","yes","no","no","no","no","no","no","","yes","UNAUDITED","no",""
"19-14","19","QUESTIONS","19-14","19-14","MCQ_native","yes","yes","no","no","no","no","no","no","","yes","UNAUDITED","no",""
"19-15","19","QUESTIONS","19-15","19-15","MCQ_native","yes","yes","no","no","no","no","no","no","","yes","UNAUDITED","no",""
"19-16","19","QUESTIONS","19-16","19-16","MCQ_native","yes","yes","no","no","no","no","no","no","","yes","UNAUDITED","no",""
"20-16","20","QUESTIONS","20-16","20-16","MCQ_native","yes","yes","no","no","no","no","no","no","","yes","UNAUDITED","no",""
"20-17","20","QUESTIONS","20-17","20-17","MCQ_native","yes","yes","no","no","no","no","no","no","","yes","UNAUDITED","no",""
"20-18","20","QUESTIONS","20-18","20-18","MCQ_native","yes","yes","no","no","no","no","no","no","","yes","UNAUDITED","no",""
"20-19","20","QUESTIONS","20-19","20-19","MCQ_native","yes","yes","no","no","no","no","no","no","","yes","UNAUDITED","no",""
"20-20","20","QUESTIONS","20-20","20-20","MCQ_native","yes","yes","no","no","no","no","no","no","","yes","UNAUDITED","no",""
"21-2","21","QUESTIONS","21-2","21-2","MCQ_native","yes","yes","no","no","no","no","no","no","","yes","UNAUDITED","no",""
"21-3","21","QUESTIONS","21-3","21-3","MCQ_native","yes","yes","no","no","no","no","no","no","","yes","UNAUDITED","no",""
"21-4","21","QUESTIONS","21-4","21-4","MCQ_native","yes","yes","no","no","no","no","no","no","","yes","UNAUDITED","no",""
"21-5","21","QUESTIONS","21-5","21-5","MCQ_native","yes","yes","no","no","no","no","no","no","","yes","UNAUDITED","no",""
"21-6","21","QUESTIONS","21-6","21-6","MCQ_native","yes","yes","no","no","no","no","no","no","","yes","UNAUDITED","no",""
"22-4","22","QUESTIONS","22-4","22-4","MCQ_native","yes","yes","no","no","no","no","no","no","","yes","UNAUDITED","no",""
"22-5","22","QUESTIONS","22-5","22-5","MCQ_native","yes","yes","no","no","no","no","no","no","","yes","UNAUDITED","no",""
"22-6","22","QUESTIONS","22-6","22-6","MCQ_native","yes","yes","no","no","no","no","no","no","","yes","UNAUDITED","no",""
"22-7","22","QUESTIONS","22-7","22-7","MCQ_native","yes","yes","no","no","no","no","no","no","","yes","UNAUDITED","no",""
"22-8","22","QUESTIONS","22-8","22-8","MCQ_native","yes","yes","no","no","no","no","no","no","","yes","UNAUDITED","no",""
"23-11","23","QUESTIONS","23-11","23-11","MCQ_native","yes","yes","no","no","no","no","no","no","","yes","UNAUDITED","no",""
"23-12","23","QUESTIONS","23-12","23-12","MCQ_native","yes","yes","no","no","no","no","no","no","","yes","UNAUDITED","no",""
"23-13","23","QUESTIONS","23-13","23-13","MCQ_native","yes","yes","no","no","no","no","no","no","","yes","UNAUDITED","no",""
"23-14","23","QUESTIONS","23-14","23-14","MCQ_native","yes","yes","no","no","no","no","no","no","","yes","UNAUDITED","no",""
"23-15","23","QUESTIONS","23-15","23-15","MCQ_native","yes","yes","no","no","no","no","no","no","","yes","UNAUDITED","no",""
"24-6","24","QUESTIONS","24-6","24-6","MCQ_native","yes","yes","no","no","no","no","no","no","","yes","UNAUDITED","no",""
"24-7","24","QUESTIONS","24-7","24-7","MCQ_native","yes","yes","no","no","no","no","no","no","","yes","UNAUDITED","no",""
"24-8","24","QUESTIONS","24-8","24-8","MCQ_native","yes","yes","no","no","no","no","no","no","","yes","UNAUDITED","no",""
"24-9","24","QUESTIONS","24-9","24-9","MCQ_native","yes","yes","no","no","no","no","no","no","","yes","UNAUDITED","no",""
"24-10","24","QUESTIONS","24-10","24-10","MCQ_native","yes","yes","no","no","no","no","no","no","","yes","UNAUDITED","no",""
"25-4","25","QUESTIONS","25-4","25-4","MCQ_native","yes","yes","no","no","no","no","no","no","","yes","UNAUDITED","no",""
"25-5","25","QUESTIONS","25-5","25-5","MCQ_native","yes","yes","no","no","no","no","no","no","","yes","UNAUDITED","no",""
"25-6","25","QUESTIONS","25-6","25-6","MCQ_native","yes","yes","no","no","no","no","no","no","","yes","UNAUDITED","no",""
"25-7","25","QUESTIONS","25-7","25-7","MCQ_native","yes","yes","no","no","no","no","no","no","","yes","UNAUDITED","no",""
"25-8","25","QUESTIONS","25-8","25-8","MCQ_native","yes","yes","no","no","no","no","no","no","","yes","UNAUDITED","no",""
"26-3","26","QUESTIONS","26-3","26-3","MCQ_native","yes","yes","no","no","no","no","no","no","","yes","UNAUDITED","no",""
"26-4","26","QUESTIONS","26-4","26-4","MCQ_native","yes","yes","no","no","no","no","no","no","","yes","UNAUDITED","no",""
"26-5","26","QUESTIONS","26-5","26-5","MCQ_native","yes","yes","no","no","no","no","no","no","","yes","UNAUDITED","no",""
"26-6","26","QUESTIONS","26-6","26-6","MCQ_native","yes","yes","no","no","no","no","no","no","","yes","UNAUDITED","no",""
"26-7","26","QUESTIONS","26-7","26-7","MCQ_native","yes","yes","no","no","no","no","no","no","","yes","UNAUDITED","no",""
"27-11","27","QUESTIONS","27-11","27-11","MCQ_native","yes","yes","no","no","no","no","no","no","","yes","UNAUDITED","no",""
"27-12","27","QUESTIONS","27-12","27-12","MCQ_native","yes","yes","no","no","no","no","no","no","","yes","UNAUDITED","no",""
"27-13","27","QUESTIONS","27-13","27-13","MCQ_native","yes","yes","no","no","no","no","no","no","","yes","UNAUDITED","no",""
"27-14","27","QUESTIONS","27-14","27-14","MCQ_native","yes","yes","no","no","no","no","no","no","","yes","UNAUDITED","no",""
"27-15","27","QUESTIONS","27-15","27-15","MCQ_native","yes","yes","no","no","no","no","no","no","","yes","UNAUDITED","no",""
"28-13","28","QUESTIONS","28-13","28-13","MCQ_native","yes","yes","no","no","no","no","no","no","","yes","UNAUDITED","no",""
"28-14","28","QUESTIONS","28-14","28-14","MCQ_native","yes","yes","no","no","no","no","no","no","","yes","UNAUDITED","no",""
"28-15","28","QUESTIONS","28-15","28-15","MCQ_native","yes","yes","no","no","no","no","no","no","","yes","UNAUDITED","no",""
"28-16","28","QUESTIONS","28-16","28-16","MCQ_native","yes","yes","no","no","no","no","no","no","","yes","UNAUDITED","no",""
"28-17","28","QUESTIONS","28-17","28-17","MCQ_native","yes","yes","no","no","no","no","no","no","","yes","UNAUDITED","no",""
"29-14","29","QUESTIONS","29-14","29-14","MCQ_native","yes","yes","no","no","no","no","no","no","","yes","UNAUDITED","no",""
"29-15","29","QUESTIONS","29-15","29-15","MCQ_native","yes","yes","no","no","no","no","no","no","","yes","UNAUDITED","no",""
"29-16","29","QUESTIONS","29-16","29-16","MCQ_native","yes","yes","no","no","no","no","no","no","","yes","UNAUDITED","no",""
"29-17","29","QUESTIONS","29-17","29-17","MCQ_native","yes","yes","no","no","no","no","no","no","","yes","UNAUDITED","no",""
"29-18","29","QUESTIONS","29-18","29-18","MCQ_native","yes","yes","no","no","no","no","no","no","","yes","UNAUDITED","no",""
"30-3","30","QUESTIONS","30-3","30-3","MCQ_native","yes","yes","no","no","no","no","no","no","","yes","UNAUDITED","no",""
"30-4","30","QUESTIONS","30-4","30-4","MCQ_native","yes","yes","no","no","no","no","no","no","","yes","UNAUDITED","no",""
"30-5","30","QUESTIONS","30-5","30-5","MCQ_native","yes","yes","no","no","no","no","no","no","","yes","UNAUDITED","no",""
"30-6","30","QUESTIONS","30-6","30-6","MCQ_native","yes","yes","no","no","no","no","no","no","","yes","UNAUDITED","no",""
"30-7","30","QUESTIONS","30-7","30-7","MCQ_native","yes","yes","no","no","no","no","no","no","","yes","UNAUDITED","no",""
"31-12","31","QUESTIONS","31-12","31-12","MCQ_native","yes","yes","no","no","no","no","no","no","","yes","UNAUDITED","no",""
"31-13","31","QUESTIONS","31-13","31-13","MCQ_native","yes","yes","no","no","no","no","no","no","","yes","UNAUDITED","no",""
"31-14","31","QUESTIONS","31-14","31-14","MCQ_native","yes","yes","no","no","no","no","no","no","","yes","UNAUDITED","no",""
"31-15","31","QUESTIONS","31-15","31-15","MCQ_native","yes","yes","no","no","no","no","no","no","","yes","UNAUDITED","no",""
"31-16","31","QUESTIONS","31-16","31-16","MCQ_native","yes","yes","no","no","no","no","no","no","","yes","UNAUDITED","no",""
"32-12","32","QUESTIONS","32-12","32-12","MCQ_native","yes","yes","no","no","no","no","no","no","","yes","UNAUDITED","no",""
"32-13","32","QUESTIONS","32-13","32-13","MCQ_native","yes","yes","no","no","no","no","no","no","","yes","UNAUDITED","no",""
"32-14","32","QUESTIONS","32-14","32-14","MCQ_native","yes","yes","no","no","no","no","no","no","","yes","UNAUDITED","no",""
"32-15","32","QUESTIONS","32-15","32-15","MCQ_native","yes","yes","no","no","no","no","no","no","","yes","UNAUDITED","no",""
"32-16","32","QUESTIONS","32-16","32-16","MCQ_native","yes","yes","no","no","no","no","no","no","","yes","UNAUDITED","no",""
"33-3","33","QUESTIONS","33-3","33-3","MCQ_native","yes","yes","no","no","no","no","no","no","","yes","UNAUDITED","no",""
"33-4","33","QUESTIONS","33-4","33-4","MCQ_native","yes","yes","no","no","no","no","no","no","","yes","UNAUDITED","no",""
"33-5","33","QUESTIONS","33-5","33-5","MCQ_native","yes","yes","no","no","no","no","no","no","","yes","UNAUDITED","no",""
"33-6","33","QUESTIONS","33-6","33-6","MCQ_native","yes","yes","no","no","no","no","no","no","","yes","UNAUDITED","no",""
"33-7","33","QUESTIONS","33-7","33-7","MCQ_native","yes","yes","no","no","no","no","no","no","","yes","UNAUDITED","no",""
"34-6","34","QUESTIONS","34-6","34-6","MCQ_native","yes","yes","no","no","no","no","no","no","","yes","UNAUDITED","no",""
"34-7","34","QUESTIONS","34-7","34-7","MCQ_native","yes","yes","no","no","no","no","no","no","","yes","UNAUDITED","no",""
"34-8","34","QUESTIONS","34-8","34-8","MCQ_native","yes","yes","no","no","no","no","no","no","","yes","UNAUDITED","no",""
"34-9","34","QUESTIONS","34-9","34-9","MCQ_native","yes","yes","no","no","no","no","no","no","","yes","UNAUDITED","no",""
"34-10","34","QUESTIONS","34-10","34-10","MCQ_native","yes","yes","no","no","no","no","no","no","","yes","UNAUDITED","no",""
"1-16","1","QUESTIONS","1-16","1-16","MCQ_native","yes","yes","no","no","no","no","no","no","","yes","VERIFIED","yes",""
"1-17","1","QUESTIONS","1-17","1-17","MCQ_native","yes","no","no","no","no","no","no","yes","","yes","CORRECTION REQUIRED (premise not source-defensible)","yes",""
"1-18","1","QUESTIONS","1-18","1-18","MCQ_native","yes","yes","no","no","no","no","no","no","","yes","VERIFIED","yes",""
"1-19","1","QUESTIONS","1-19","1-19","MCQ_native","yes","yes","no","no","no","no","no","no","","yes","VERIFIED","yes",""
"1-20","1","QUESTIONS","1-20","1-20","MCQ_native","yes","yes","no","no","no","no","no","no","","yes","VERIFIED (wording corrected, answer unchanged)","yes",""
"2-12","2","QUESTIONS","2-12","2-12","MCQ_native","yes","yes","no","no","no","no","no","no","","yes","VERIFIED (source override live-wired)","yes",""
"2-13","2","QUESTIONS","2-13","2-13","MCQ_native","yes","yes","no","no","no","no","no","no","","yes","VERIFIED (source override live-wired)","yes",""
"2-14","2","QUESTIONS","2-14","2-14","MCQ_native","yes","yes","no","no","no","no","no","no","","yes","VERIFIED","yes",""
"2-15","2","QUESTIONS","2-15","2-15","MCQ_native","yes","yes","no","no","no","no","no","no","","yes","VERIFIED","yes",""
"2-16","2","QUESTIONS","2-16","2-16","MCQ_native","yes","yes","no","no","no","no","no","no","","yes","VERIFIED","yes",""
"2-17","2","QUESTIONS","2-17","2-17","MCQ_native","yes","yes","no","no","no","no","no","no","","yes","VERIFIED","yes",""
"2-18","2","QUESTIONS","2-18","2-18","MCQ_native","yes","yes","no","no","no","no","no","no","","yes","VERIFIED","yes",""
"2-19","2","QUESTIONS","2-19","2-19","MCQ_native","yes","yes","no","no","no","no","no","no","","yes","VERIFIED","yes",""
"2-20","2","QUESTIONS","2-20","2-20","MCQ_native","yes","yes","no","no","no","no","no","no","","yes","VERIFIED","yes",""
"3-20","3","QUESTIONS","3-20","3-20","MCQ_native","yes","yes","no","no","no","no","no","no","","yes","VERIFIED","yes",""
"3-21","3","QUESTIONS","3-21","3-21","MCQ_native","yes","yes","no","no","no","no","no","no","","yes","VERIFIED","yes",""
"3-22","3","QUESTIONS","3-22","3-22","MCQ_native","yes","yes","no","no","no","no","no","no","","yes","VERIFIED","yes",""
"4-18","4","QUESTIONS","4-18","4-18","MCQ_native","yes","yes","no","no","no","no","no","no","","yes","VERIFIED","yes",""
"4-19","4","QUESTIONS","4-19","4-19","MCQ_native","yes","yes","no","no","no","no","no","no","","yes","VERIFIED","yes",""
"4-20","4","QUESTIONS","4-20","4-20","MCQ_native","yes","yes","no","no","no","no","no","no","","yes","VERIFIED","yes",""
"4-21","4","QUESTIONS","4-21","4-21","MCQ_native","yes","yes","no","no","no","no","no","no","","yes","VERIFIED","yes",""
"4-22","4","QUESTIONS","4-22","4-22","MCQ_native","yes","yes","no","no","no","no","no","no","","yes","VERIFIED","yes",""
"4-23","4","QUESTIONS","4-23","4-23","MCQ_native","yes","yes","no","no","no","no","no","no","","yes","VERIFIED","yes",""
"4-24","4","QUESTIONS","4-24","4-24","MCQ_native","yes","yes","no","no","no","no","no","no","","yes","VERIFIED","yes",""
"4-25","4","QUESTIONS","4-25","4-25","MCQ_native","yes","yes","no","no","no","no","no","no","","yes","VERIFIED","yes",""
"4-26","4","QUESTIONS","4-26","4-26","MCQ_native","yes","yes","no","no","no","no","no","no","","yes","VERIFIED","yes",""
"4-27","4","QUESTIONS","4-27","4-27","MCQ_native","yes","yes","no","no","no","no","no","no","","yes","VERIFIED","yes",""
"4-28","4","QUESTIONS","4-28","4-28","MCQ_native","yes","yes","no","no","no","no","no","no","","yes","VERIFIED","yes",""
"4-29","4","QUESTIONS","4-29","4-29","MCQ_native","yes","yes","no","no","no","no","no","no","","yes","VERIFIED","yes",""
"4-30","4","QUESTIONS","4-30","4-30","MCQ_native","yes","yes","no","no","no","no","no","no","","yes","VERIFIED","yes",""
"4-31","4","QUESTIONS","4-31","4-31","MCQ_native","yes","yes","no","no","no","no","no","no","","yes","VERIFIED","yes",""
"4-32","4","QUESTIONS","4-32","4-32","MCQ_native","yes","yes","no","no","no","no","no","no","","yes","VERIFIED","yes",""
"4-33","4","QUESTIONS","4-33","4-33","MCQ_native","yes","yes","no","no","no","no","no","no","","yes","VERIFIED","yes",""
"4-34","4","QUESTIONS","4-34","4-34","MCQ_native","yes","yes","no","no","no","no","no","no","","yes","VERIFIED","yes",""
"6-14","6","QUESTIONS","6-14","6-14","MCQ_native","yes","yes","no","no","no","no","no","no","","yes","VERIFIED","yes",""
"6-15","6","QUESTIONS","6-15","6-15","MCQ_native","yes","yes","no","no","no","no","no","no","","yes","VERIFIED","yes",""
"6-16","6","QUESTIONS","6-16","6-16","MCQ_native","yes","yes","no","no","no","no","no","no","","yes","VERIFIED","yes",""
"6-17","6","QUESTIONS","6-17","6-17","MCQ_native","yes","yes","no","no","no","no","no","no","","yes","VERIFIED","yes",""
"6-18","6","QUESTIONS","6-18","6-18","MCQ_native","yes","yes","no","no","no","no","no","no","","yes","VERIFIED","yes",""
"6-19","6","QUESTIONS","6-19","6-19","MCQ_native","yes","no","no","no","no","no","no","yes","","yes","D - TECHNICALLY VALID, OUTSIDE SUPPORTED CCP SOURCE SCOPE","yes",""
"6-20","6","QUESTIONS","6-20","6-20","MCQ_native","yes","no","no","no","no","no","no","yes","","yes","D - TECHNICALLY VALID, OUTSIDE SUPPORTED CCP SOURCE SCOPE","yes",""
"6-21","6","QUESTIONS","6-21","6-21","MCQ_native","yes","no","no","no","no","no","no","yes","","yes","D - TECHNICALLY VALID, OUTSIDE SUPPORTED CCP SOURCE SCOPE","yes",""
"6-22","6","QUESTIONS","6-22","6-22","MCQ_native","yes","no","no","no","no","no","no","yes","","yes","D - TECHNICALLY VALID, OUTSIDE SUPPORTED CCP SOURCE SCOPE","yes",""
"6-23","6","QUESTIONS","6-23","6-23","MCQ_native","yes","no","no","no","no","no","no","yes","","yes","D - TECHNICALLY VALID, OUTSIDE SUPPORTED CCP SOURCE SCOPE","yes",""
"6-24","6","QUESTIONS","6-24","6-24","MCQ_native","yes","no","no","no","no","no","no","yes","","yes","D - TECHNICALLY VALID, OUTSIDE SUPPORTED CCP SOURCE SCOPE","yes",""
"7-18","7","QUESTIONS","7-18","7-18","MCQ_native","yes","yes","no","no","no","no","no","no","","yes","VERIFIED","yes",""
"7-19","7","QUESTIONS","7-19","7-19","MCQ_native","yes","yes","no","no","no","no","no","no","","yes","VERIFIED","yes",""
"7-20","7","QUESTIONS","7-20","7-20","MCQ_native","yes","yes","no","no","no","no","no","no","","yes","VERIFIED","yes",""
"7-21","7","QUESTIONS","7-21","7-21","MCQ_native","yes","yes","no","no","no","no","no","no","","yes","VERIFIED","yes",""
"7-22","7","QUESTIONS","7-22","7-22","MCQ_native","yes","yes","no","no","no","no","no","no","","yes","VERIFIED","yes",""
"7-23","7","QUESTIONS","7-23","7-23","MCQ_native","yes","yes","no","no","no","no","no","no","","yes","VERIFIED","yes",""
"7-24","7","QUESTIONS","7-24","7-24","MCQ_native","yes","yes","no","no","no","no","no","no","","yes","VERIFIED","yes",""
"7-25","7","QUESTIONS","7-25","7-25","MCQ_native","yes","yes","no","no","no","no","no","no","","yes","VERIFIED","yes",""
"7-26","7","QUESTIONS","7-26","7-26","MCQ_native","yes","yes","no","no","no","no","no","no","","yes","VERIFIED","yes",""
"7-27","7","QUESTIONS","7-27","7-27","MCQ_native","yes","yes","no","no","no","no","no","no","","yes","VERIFIED","yes",""
"8-13","8","QUESTIONS","8-13","8-13","MCQ_native","yes","yes","no","no","no","no","no","no","","yes","VERIFIED","yes",""
"8-14","8","QUESTIONS","8-14","8-14","MCQ_native","yes","yes","no","no","no","no","no","no","","yes","VERIFIED","yes",""
"8-15","8","QUESTIONS","8-15","8-15","MCQ_native","yes","yes","no","no","no","no","no","no","","yes","VERIFIED","yes",""
"8-16","8","QUESTIONS","8-16","8-16","MCQ_native","yes","yes","no","no","no","no","no","no","","yes","VERIFIED","yes",""
"8-17","8","QUESTIONS","8-17","8-17","MCQ_native","yes","yes","no","no","no","no","no","no","","yes","VERIFIED","yes",""
"9-25","9","QUESTIONS","9-25","9-25","MCQ_native","yes","yes","no","no","no","no","no","no","","yes","VERIFIED","yes",""
"9-26","9","QUESTIONS","9-26","9-26","MCQ_native","yes","yes","no","no","no","no","no","no","","yes","VERIFIED","yes",""
"9-27","9","QUESTIONS","9-27","9-27","MCQ_native","yes","yes","no","no","no","no","no","no","","yes","VERIFIED","yes",""
"9-28","9","QUESTIONS","9-28","9-28","MCQ_native","yes","yes","no","no","no","no","no","no","","yes","VERIFIED","yes",""
"9-29","9","QUESTIONS","9-29","9-29","MCQ_native","yes","yes","no","no","no","no","no","no","","yes","VERIFIED","yes",""
"9-30","9","QUESTIONS","9-30","9-30","MCQ_native","yes","yes","no","no","no","no","no","no","","yes","VERIFIED","yes",""
"9-31","9","QUESTIONS","9-31","9-31","MCQ_native","yes","yes","no","no","no","no","no","no","","yes","VERIFIED","yes",""
"9-32","9","QUESTIONS","9-32","9-32","MCQ_native","yes","yes","no","no","no","no","no","no","","yes","VERIFIED","yes",""
"9-33","9","QUESTIONS","9-33","9-33","MCQ_native","yes","yes","no","no","no","no","no","no","","yes","VERIFIED","yes",""
"9-34","9","QUESTIONS","9-34","9-34","MCQ_native","yes","yes","no","no","no","no","no","no","","yes","VERIFIED","yes",""
"9-35","9","QUESTIONS","9-35","9-35","MCQ_native","yes","yes","no","no","no","no","no","no","","yes","VERIFIED","yes",""
"9-36","9","QUESTIONS","9-36","9-36","MCQ_native","yes","yes","no","no","no","no","no","no","","yes","VERIFIED","yes",""
"9-37","9","QUESTIONS","9-37","9-37","MCQ_native","yes","yes","no","no","no","no","no","no","","yes","VERIFIED","yes",""
"10-15","10","QUESTIONS","10-15","10-15","MCQ_native","yes","yes","no","no","no","no","no","no","","yes","VERIFIED","yes",""
"10-16","10","QUESTIONS","10-16","10-16","MCQ_native","yes","yes","no","no","no","no","no","no","","yes","VERIFIED","yes",""
"10-17","10","QUESTIONS","10-17","10-17","MCQ_native","yes","yes","no","no","no","no","no","no","","yes","VERIFIED","yes",""
"10-18","10","QUESTIONS","10-18","10-18","MCQ_native","yes","yes","no","no","no","no","no","no","","yes","VERIFIED","yes",""
"10-19","10","QUESTIONS","10-19","10-19","MCQ_native","yes","yes","no","no","no","no","no","no","","yes","VERIFIED","yes",""
"10-20","10","QUESTIONS","10-20","10-20","MCQ_native","yes","yes","no","no","no","no","no","no","","yes","VERIFIED","yes",""
"10-21","10","QUESTIONS","10-21","10-21","MCQ_native","yes","yes","no","no","no","no","no","no","","yes","VERIFIED","yes",""
"10-22","10","QUESTIONS","10-22","10-22","MCQ_native","yes","yes","no","no","no","no","no","no","","yes","VERIFIED","yes",""
"10-23","10","QUESTIONS","10-23","10-23","MCQ_native","yes","yes","no","no","no","no","no","no","","yes","VERIFIED","yes",""
"10-24","10","QUESTIONS","10-24","10-24","MCQ_native","yes","yes","no","no","no","no","no","no","","yes","VERIFIED","yes",""
"10-25","10","QUESTIONS","10-25","10-25","MCQ_native","yes","yes","no","no","no","no","no","no","","yes","VERIFIED","yes",""
"10-26","10","QUESTIONS","10-26","10-26","MCQ_native","yes","yes","no","no","no","no","no","no","","yes","VERIFIED","yes",""
"10-27","10","QUESTIONS","10-27","10-27","MCQ_native","yes","yes","no","no","no","no","no","no","","yes","VERIFIED","yes",""
"10-28","10","QUESTIONS","10-28","10-28","MCQ_native","yes","yes","no","no","no","no","no","no","","yes","VERIFIED","yes",""
"10-29","10","QUESTIONS","10-29","10-29","MCQ_native","yes","yes","no","no","no","no","no","no","","yes","VERIFIED","yes",""
"10-30","10","QUESTIONS","10-30","10-30","MCQ_native","yes","yes","no","no","no","no","no","no","","yes","VERIFIED","yes",""
"11-16","11","QUESTIONS","11-16","11-16","MCQ_native","yes","yes","no","no","no","no","no","no","","yes","VERIFIED","yes",""
"11-17","11","QUESTIONS","11-17","11-17","MCQ_native","yes","yes","no","no","no","no","no","no","","yes","VERIFIED","yes",""
"11-18","11","QUESTIONS","11-18","11-18","MCQ_native","yes","yes","no","no","no","no","no","no","","yes","VERIFIED","yes",""
"11-19","11","QUESTIONS","11-19","11-19","MCQ_native","yes","yes","no","no","no","no","no","no","","yes","VERIFIED","yes",""
"11-20","11","QUESTIONS","11-20","11-20","MCQ_native","yes","yes","no","no","no","no","no","no","","yes","VERIFIED","yes",""
"11-21","11","QUESTIONS","11-21","11-21","MCQ_native","yes","yes","no","no","no","no","no","no","","yes","VERIFIED","yes",""
"11-22","11","QUESTIONS","11-22","11-22","MCQ_native","yes","yes","no","no","no","no","no","no","","yes","VERIFIED","yes",""
"11-23","11","QUESTIONS","11-23","11-23","MCQ_native","yes","yes","no","no","no","no","no","no","","yes","VERIFIED","yes",""
"11-24","11","QUESTIONS","11-24","11-24","MCQ_native","yes","yes","no","no","no","no","no","no","","yes","VERIFIED","yes",""
"11-25","11","QUESTIONS","11-25","11-25","MCQ_native","yes","yes","no","no","no","no","no","no","","yes","VERIFIED","yes",""
"11-26","11","QUESTIONS","11-26","11-26","MCQ_native","yes","yes","no","no","no","no","no","no","","yes","VERIFIED","yes",""
"11-27","11","QUESTIONS","11-27","11-27","MCQ_native","yes","yes","no","no","no","no","no","no","","yes","VERIFIED","yes",""
"11-28","11","QUESTIONS","11-28","11-28","MCQ_native","yes","yes","no","no","no","no","no","no","","yes","VERIFIED","yes",""
"11-29","11","QUESTIONS","11-29","11-29","MCQ_native","yes","yes","no","no","no","no","no","no","","yes","VERIFIED","yes",""
"13-25","13","QUESTIONS","13-25","13-25","MCQ_native","yes","yes","no","no","no","no","no","no","","yes","UNAUDITED","no",""
"13-26","13","QUESTIONS","13-26","13-26","MCQ_native","yes","yes","no","no","no","no","no","no","","yes","UNAUDITED","no",""
"13-27","13","QUESTIONS","13-27","13-27","MCQ_native","yes","yes","no","no","no","no","no","no","","yes","UNAUDITED","no",""
"13-28","13","QUESTIONS","13-28","13-28","MCQ_native","yes","yes","no","no","no","no","no","no","","yes","UNAUDITED","no",""
"13-29","13","QUESTIONS","13-29","13-29","MCQ_native","yes","yes","no","no","no","no","no","no","","yes","UNAUDITED","no",""
"13-30","13","QUESTIONS","13-30","13-30","MCQ_native","yes","yes","no","no","no","no","no","no","","yes","UNAUDITED","no",""
"13-31","13","QUESTIONS","13-31","13-31","MCQ_native","yes","yes","no","no","no","no","no","no","","yes","UNAUDITED","no",""
"13-32","13","QUESTIONS","13-32","13-32","MCQ_native","yes","yes","no","no","no","no","no","no","","yes","UNAUDITED","no",""
"13-33","13","QUESTIONS","13-33","13-33","MCQ_native","yes","yes","no","no","no","no","no","no","","yes","UNAUDITED","no",""
"13-34","13","QUESTIONS","13-34","13-34","MCQ_native","yes","yes","no","no","no","no","no","no","","yes","UNAUDITED","no",""
"13-35","13","QUESTIONS","13-35","13-35","MCQ_native","yes","yes","no","no","no","no","no","no","","yes","UNAUDITED","no",""
"13-36","13","QUESTIONS","13-36","13-36","MCQ_native","yes","yes","no","no","no","no","no","no","","yes","UNAUDITED","no",""
"14-42","14","QUESTIONS","14-42","14-42","MCQ_native","yes","yes","no","no","no","no","no","no","","yes","UNAUDITED","no",""
"14-43","14","QUESTIONS","14-43","14-43","MCQ_native","yes","yes","no","no","no","no","no","no","","yes","UNAUDITED","no",""
"14-44","14","QUESTIONS","14-44","14-44","MCQ_native","yes","yes","no","no","no","no","no","no","","yes","UNAUDITED","no",""
"14-45","14","QUESTIONS","14-45","14-45","MCQ_native","yes","yes","no","no","no","no","no","no","","yes","UNAUDITED","no",""
"15-14","15","QUESTIONS","15-14","15-14","MCQ_native","yes","yes","no","no","no","no","no","no","","yes","UNAUDITED","no",""
"15-15","15","QUESTIONS","15-15","15-15","MCQ_native","yes","yes","no","no","no","no","no","no","","yes","UNAUDITED","no",""
"15-16","15","QUESTIONS","15-16","15-16","MCQ_native","yes","yes","no","no","no","no","no","no","","yes","UNAUDITED","no",""
"15-17","15","QUESTIONS","15-17","15-17","MCQ_native","yes","yes","no","no","no","no","no","no","","yes","UNAUDITED","no",""
"15-18","15","QUESTIONS","15-18","15-18","MCQ_native","yes","yes","no","no","no","no","no","no","","yes","UNAUDITED","no",""
"17-12","17","QUESTIONS","17-12","17-12","MCQ_native","yes","yes","no","no","no","no","no","no","","yes","UNAUDITED","no",""
"19-17","19","QUESTIONS","19-17","19-17","MCQ_native","yes","yes","no","no","no","no","no","no","","yes","UNAUDITED","no",""
"19-18","19","QUESTIONS","19-18","19-18","MCQ_native","yes","yes","no","no","no","no","no","no","","yes","UNAUDITED","no",""
"19-19","19","QUESTIONS","19-19","19-19","MCQ_native","yes","yes","no","no","no","no","no","no","","yes","UNAUDITED","no",""
"19-20","19","QUESTIONS","19-20","19-20","MCQ_native","yes","yes","no","no","no","no","no","no","","yes","UNAUDITED","no",""
"19-21","19","QUESTIONS","19-21","19-21","MCQ_native","yes","yes","no","no","no","no","no","no","","yes","UNAUDITED","no",""
"19-22","19","QUESTIONS","19-22","19-22","MCQ_native","yes","yes","no","no","no","no","no","no","","yes","UNAUDITED","no",""
"19-23","19","QUESTIONS","19-23","19-23","MCQ_native","yes","yes","no","no","no","no","no","no","","yes","UNAUDITED","no",""
"19-24","19","QUESTIONS","19-24","19-24","MCQ_native","yes","yes","no","no","no","no","no","no","","yes","UNAUDITED","no",""
"19-25","19","QUESTIONS","19-25","19-25","MCQ_native","yes","yes","no","no","no","no","no","no","","yes","UNAUDITED","no",""
"19-26","19","QUESTIONS","19-26","19-26","MCQ_native","yes","yes","no","no","no","no","no","no","","yes","UNAUDITED","no",""
"19-27","19","QUESTIONS","19-27","19-27","MCQ_native","yes","yes","no","no","no","no","no","no","","yes","UNAUDITED","no",""
"19-28","19","QUESTIONS","19-28","19-28","MCQ_native","yes","yes","no","no","no","no","no","no","","yes","UNAUDITED","no",""
"21-7","21","QUESTIONS","21-7","21-7","MCQ_native","yes","yes","no","no","no","no","no","no","","yes","UNAUDITED","no",""
"21-8","21","QUESTIONS","21-8","21-8","MCQ_native","yes","yes","no","no","no","no","no","no","","yes","UNAUDITED","no",""
"21-9","21","QUESTIONS","21-9","21-9","MCQ_native","yes","yes","no","no","no","no","no","no","","yes","UNAUDITED","no",""
"22-9","22","QUESTIONS","22-9","22-9","MCQ_native","yes","yes","no","no","no","no","no","no","","yes","UNAUDITED","no",""
"22-10","22","QUESTIONS","22-10","22-10","MCQ_native","yes","yes","no","no","no","no","no","no","","yes","UNAUDITED","no",""
"22-11","22","QUESTIONS","22-11","22-11","MCQ_native","yes","yes","no","no","no","no","no","no","","yes","UNAUDITED","no",""
"23-16","23","QUESTIONS","23-16","23-16","MCQ_native","yes","yes","no","no","no","no","no","no","","yes","UNAUDITED","no",""
"23-17","23","QUESTIONS","23-17","23-17","MCQ_native","yes","yes","no","no","no","no","no","no","","yes","UNAUDITED","no",""
"23-18","23","QUESTIONS","23-18","23-18","MCQ_native","yes","yes","no","no","no","no","no","no","","yes","UNAUDITED","no",""
"23-19","23","QUESTIONS","23-19","23-19","MCQ_native","yes","yes","no","no","no","no","no","no","","yes","UNAUDITED","no",""
"24-11","24","QUESTIONS","24-11","24-11","MCQ_native","yes","yes","no","no","no","no","no","no","","yes","UNAUDITED","no",""
"24-12","24","QUESTIONS","24-12","24-12","MCQ_native","yes","yes","no","no","no","no","no","no","","yes","UNAUDITED","no",""
"26-8","26","QUESTIONS","26-8","26-8","MCQ_native","yes","yes","no","no","no","no","no","no","","yes","UNAUDITED","no",""
"26-9","26","QUESTIONS","26-9","26-9","MCQ_native","yes","yes","no","no","no","no","no","no","","yes","UNAUDITED","no",""
"27-16","27","QUESTIONS","27-16","27-16","MCQ_native","yes","yes","no","no","no","no","no","no","","yes","UNAUDITED","no",""
"27-17","27","QUESTIONS","27-17","27-17","MCQ_native","yes","yes","no","no","no","no","no","no","","yes","UNAUDITED","no",""
"27-18","27","QUESTIONS","27-18","27-18","MCQ_native","yes","yes","no","no","no","no","no","no","","yes","UNAUDITED","no",""
"27-19","27","QUESTIONS","27-19","27-19","MCQ_native","yes","yes","no","no","no","no","no","no","","yes","UNAUDITED","no",""
"27-20","27","QUESTIONS","27-20","27-20","MCQ_native","yes","yes","no","no","no","no","no","no","","yes","UNAUDITED","no",""
"27-21","27","QUESTIONS","27-21","27-21","MCQ_native","yes","yes","no","no","no","no","no","no","","yes","UNAUDITED","no",""
"27-22","27","QUESTIONS","27-22","27-22","MCQ_native","yes","yes","no","no","no","no","no","no","","yes","UNAUDITED","no",""
"27-23","27","QUESTIONS","27-23","27-23","MCQ_native","yes","yes","no","no","no","no","no","no","","yes","UNAUDITED","no",""
"27-24","27","QUESTIONS","27-24","27-24","MCQ_native","yes","yes","no","no","no","no","no","no","","yes","UNAUDITED","no",""
"27-25","27","QUESTIONS","27-25","27-25","MCQ_native","yes","yes","no","no","no","no","no","no","","yes","UNAUDITED","no",""
"27-26","27","QUESTIONS","27-26","27-26","MCQ_native","yes","yes","no","no","no","no","no","no","","yes","UNAUDITED","no",""
"28-18","28","QUESTIONS","28-18","28-18","MCQ_native","yes","yes","no","no","no","no","no","no","","yes","UNAUDITED","no",""
"28-19","28","QUESTIONS","28-19","28-19","MCQ_native","yes","yes","no","no","no","no","no","no","","yes","UNAUDITED","no",""
"28-20","28","QUESTIONS","28-20","28-20","MCQ_native","yes","yes","no","no","no","no","no","no","","yes","UNAUDITED","no",""
"28-21","28","QUESTIONS","28-21","28-21","MCQ_native","yes","yes","no","no","no","no","no","no","","yes","UNAUDITED","no",""
"29-19","29","QUESTIONS","29-19","29-19","MCQ_native","yes","yes","no","no","no","no","no","no","","yes","UNAUDITED","no",""
"29-20","29","QUESTIONS","29-20","29-20","MCQ_native","yes","yes","no","no","no","no","no","no","","yes","UNAUDITED","no",""
"29-21","29","QUESTIONS","29-21","29-21","MCQ_native","yes","yes","no","no","no","no","no","no","","yes","UNAUDITED","no",""
"29-22","29","QUESTIONS","29-22","29-22","MCQ_native","yes","yes","no","no","no","no","no","no","","yes","UNAUDITED","no",""
"29-23","29","QUESTIONS","29-23","29-23","MCQ_native","yes","yes","no","no","no","no","no","no","","yes","UNAUDITED","no",""
"29-24","29","QUESTIONS","29-24","29-24","MCQ_native","yes","yes","no","no","no","no","no","no","","yes","UNAUDITED","no",""
"29-25","29","QUESTIONS","29-25","29-25","MCQ_native","yes","yes","no","no","no","no","no","no","","yes","UNAUDITED","no",""
"29-26","29","QUESTIONS","29-26","29-26","MCQ_native","yes","no","no","no","no","no","no","yes","","yes","UNAUDITED","no",""
"29-27","29","QUESTIONS","29-27","29-27","MCQ_native","yes","no","no","no","no","no","no","yes","","yes","UNAUDITED","no",""
"29-28","29","QUESTIONS","29-28","29-28","MCQ_native","yes","no","no","no","no","no","no","yes","","yes","UNAUDITED","no",""
"29-29","29","QUESTIONS","29-29","29-29","MCQ_native","yes","yes","no","no","no","no","no","no","","yes","UNAUDITED","no",""
"29-30","29","QUESTIONS","29-30","29-30","MCQ_native","yes","yes","no","no","no","no","no","no","","yes","UNAUDITED","no",""
"29-31","29","QUESTIONS","29-31","29-31","MCQ_native","yes","yes","no","no","no","no","no","no","","yes","UNAUDITED","no",""
"29-32","29","QUESTIONS","29-32","29-32","MCQ_native","yes","yes","no","no","no","no","no","no","","yes","UNAUDITED","no",""
"30-8","30","QUESTIONS","30-8","30-8","MCQ_native","yes","yes","no","no","no","no","no","no","","yes","UNAUDITED","no",""
"30-9","30","QUESTIONS","30-9","30-9","MCQ_native","yes","yes","no","no","no","no","no","no","","yes","UNAUDITED","no",""
"30-10","30","QUESTIONS","30-10","30-10","MCQ_native","yes","yes","no","no","no","no","no","no","","yes","UNAUDITED","no",""
"30-11","30","QUESTIONS","30-11","30-11","MCQ_native","yes","yes","no","no","no","no","no","no","","yes","UNAUDITED","no",""
"30-12","30","QUESTIONS","30-12","30-12","MCQ_native","yes","yes","no","no","no","no","no","no","","yes","UNAUDITED","no",""
"30-13","30","QUESTIONS","30-13","30-13","MCQ_native","yes","yes","no","no","no","no","no","no","","yes","UNAUDITED","no",""
"30-14","30","QUESTIONS","30-14","30-14","MCQ_native","yes","yes","no","no","no","no","no","no","","yes","UNAUDITED","no",""
"31-17","31","QUESTIONS","31-17","31-17","MCQ_native","yes","yes","no","no","no","no","no","no","","yes","UNAUDITED","no",""
"31-18","31","QUESTIONS","31-18","31-18","MCQ_native","yes","yes","no","no","no","no","no","no","","yes","UNAUDITED","no",""
"31-19","31","QUESTIONS","31-19","31-19","MCQ_native","yes","yes","no","no","no","no","no","no","","yes","UNAUDITED","no",""
"32-17","32","QUESTIONS","32-17","32-17","MCQ_native","yes","yes","no","no","no","no","no","no","","yes","UNAUDITED","no",""
"32-18","32","QUESTIONS","32-18","32-18","MCQ_native","yes","yes","no","no","no","no","no","no","","yes","UNAUDITED","no",""
"32-19","32","QUESTIONS","32-19","32-19","MCQ_native","yes","yes","no","no","no","no","no","no","","yes","UNAUDITED","no",""
"34-12","34","QUESTIONS","34-12","34-12","MCQ_native","yes","yes","no","no","no","no","no","no","","yes","UNAUDITED","no",""
"34-13","34","QUESTIONS","34-13","34-13","MCQ_native","yes","yes","no","no","no","no","no","no","","yes","UNAUDITED","no",""
"34-14","34","QUESTIONS","34-14","34-14","MCQ_native","yes","yes","no","no","no","no","no","no","","yes","UNAUDITED","no",""
"34-15","34","QUESTIONS","34-15","34-15","MCQ_native","yes","yes","no","no","no","no","no","no","","yes","UNAUDITED","no",""
"34-16","34","QUESTIONS","34-16","34-16","MCQ_native","yes","yes","no","no","no","no","no","no","","yes","UNAUDITED","no",""
"34-17","34","QUESTIONS","34-17","34-17","MCQ_native","yes","yes","no","no","no","no","no","no","","yes","UNAUDITED","no",""
"34-18","34","QUESTIONS","34-18","34-18","MCQ_native","yes","yes","no","no","no","no","no","no","","yes","UNAUDITED","no",""
"34-19","34","QUESTIONS","34-19","34-19","MCQ_native","yes","yes","no","no","no","no","no","no","","yes","UNAUDITED","no",""
"34-20","34","QUESTIONS","34-20","34-20","MCQ_native","yes","yes","no","no","no","no","no","no","","yes","UNAUDITED","no",""
"34-21","34","QUESTIONS","34-21","34-21","MCQ_native","yes","yes","no","no","no","no","no","no","","yes","UNAUDITED","no",""
"29-33","29","QUESTIONS","29-33","29-33","MCQ_native","yes","yes","no","no","no","no","no","no","","yes","UNAUDITED","no",""
"29-34","29","QUESTIONS","29-34","29-34","MCQ_native","yes","yes","no","no","no","no","no","no","","yes","UNAUDITED","no",""
"29-35","29","QUESTIONS","29-35","29-35","MCQ_native","yes","yes","no","no","no","no","no","no","","yes","UNAUDITED","no",""
"29-36","29","QUESTIONS","29-36","29-36","MCQ_native","yes","yes","no","no","no","no","no","no","","yes","UNAUDITED","no",""
"29-37","29","QUESTIONS","29-37","29-37","MCQ_native","yes","yes","no","no","no","no","no","no","","yes","UNAUDITED","no",""
"29-38","29","QUESTIONS","29-38","29-38","MCQ_native","yes","yes","no","no","no","no","no","no","","yes","UNAUDITED","no",""
"2.A-f1","33","V522_TASK_RESERVE_ITEMS","2.A-f1","2.A-f1;BP522-2_A-1","MCQ_native_task_reserve","yes","yes","no","no","no","no","no","no","builds 1 runtime QUESTIONS object (BP522-2_A-1)","yes","UNAUDITED","no","Spec+runtime are 1 content unit, 2 representations - see representation map"
"2.A-f2","33","V522_TASK_RESERVE_ITEMS","2.A-f2","2.A-f2;BP522-2_A-2","MCQ_native_task_reserve","yes","yes","no","no","no","no","no","no","builds 1 runtime QUESTIONS object (BP522-2_A-2)","yes","UNAUDITED","no","Spec+runtime are 1 content unit, 2 representations - see representation map"
"2.A-f3","33","V522_TASK_RESERVE_ITEMS","2.A-f3","2.A-f3;BP522-2_A-3","MCQ_native_task_reserve","yes","yes","no","no","no","no","no","no","builds 1 runtime QUESTIONS object (BP522-2_A-3)","yes","UNAUDITED","no","Spec+runtime are 1 content unit, 2 representations - see representation map"
"2.B-f1","18","V522_TASK_RESERVE_ITEMS","2.B-f1","2.B-f1;BP522-2_B-1","MCQ_native_task_reserve","yes","yes","no","no","no","no","no","no","builds 1 runtime QUESTIONS object (BP522-2_B-1)","yes","UNAUDITED","no","Spec+runtime are 1 content unit, 2 representations - see representation map"
"2.B-f2","18","V522_TASK_RESERVE_ITEMS","2.B-f2","2.B-f2;BP522-2_B-2","MCQ_native_task_reserve","yes","yes","no","no","no","no","no","no","builds 1 runtime QUESTIONS object (BP522-2_B-2)","yes","UNAUDITED","no","Spec+runtime are 1 content unit, 2 representations - see representation map"
"2.B-f3","18","V522_TASK_RESERVE_ITEMS","2.B-f3","2.B-f3;BP522-2_B-3","MCQ_native_task_reserve","yes","yes","no","no","no","no","no","no","builds 1 runtime QUESTIONS object (BP522-2_B-3)","yes","UNAUDITED","no","Spec+runtime are 1 content unit, 2 representations - see representation map"
"2.C-f1","1","V522_TASK_RESERVE_ITEMS","2.C-f1","2.C-f1;BP522-2_C-1","MCQ_native_task_reserve","yes","yes","no","no","no","no","no","no","builds 1 runtime QUESTIONS object (BP522-2_C-1)","yes","VERIFIED (citation-scope corrected)","yes","Spec+runtime are 1 content unit, 2 representations - see representation map"
"2.C-f2","1","V522_TASK_RESERVE_ITEMS","2.C-f2","2.C-f2;BP522-2_C-2","MCQ_native_task_reserve","yes","yes","no","no","no","no","no","no","builds 1 runtime QUESTIONS object (BP522-2_C-2)","yes","VERIFIED (citation-scope corrected)","yes","Spec+runtime are 1 content unit, 2 representations - see representation map"
"2.C-f3","1","V522_TASK_RESERVE_ITEMS","2.C-f3","2.C-f3;BP522-2_C-3","MCQ_native_task_reserve","yes","yes","no","no","no","no","no","no","builds 1 runtime QUESTIONS object (BP522-2_C-3)","yes","VERIFIED (citation-scope corrected)","yes","Spec+runtime are 1 content unit, 2 representations - see representation map"
"2.D-f1","23","V522_TASK_RESERVE_ITEMS","2.D-f1","2.D-f1;BP522-2_D-1","MCQ_native_task_reserve","yes","yes","no","no","no","no","no","no","builds 1 runtime QUESTIONS object (BP522-2_D-1)","yes","UNAUDITED","no","Spec+runtime are 1 content unit, 2 representations - see representation map"
"2.D-f2","23","V522_TASK_RESERVE_ITEMS","2.D-f2","2.D-f2;BP522-2_D-2","MCQ_native_task_reserve","yes","yes","no","no","no","no","no","no","builds 1 runtime QUESTIONS object (BP522-2_D-2)","yes","UNAUDITED","no","Spec+runtime are 1 content unit, 2 representations - see representation map"
"2.D-f3","23","V522_TASK_RESERVE_ITEMS","2.D-f3","2.D-f3;BP522-2_D-3","MCQ_native_task_reserve","yes","yes","no","no","no","no","no","no","builds 1 runtime QUESTIONS object (BP522-2_D-3)","yes","UNAUDITED","no","Spec+runtime are 1 content unit, 2 representations - see representation map"
"2.E-f1","18","V522_TASK_RESERVE_ITEMS","2.E-f1","2.E-f1;BP522-2_E-1","MCQ_native_task_reserve","yes","yes","no","no","no","no","no","no","builds 1 runtime QUESTIONS object (BP522-2_E-1)","yes","UNAUDITED","no","Spec+runtime are 1 content unit, 2 representations - see representation map"
"2.E-f2","18","V522_TASK_RESERVE_ITEMS","2.E-f2","2.E-f2;BP522-2_E-2","MCQ_native_task_reserve","yes","yes","no","no","no","no","no","no","builds 1 runtime QUESTIONS object (BP522-2_E-2)","yes","UNAUDITED","no","Spec+runtime are 1 content unit, 2 representations - see representation map"
"2.E-f3","18","V522_TASK_RESERVE_ITEMS","2.E-f3","2.E-f3;BP522-2_E-3","MCQ_native_task_reserve","yes","yes","no","no","no","no","no","no","builds 1 runtime QUESTIONS object (BP522-2_E-3)","yes","UNAUDITED","no","Spec+runtime are 1 content unit, 2 representations - see representation map"
"2.F-f1","18","V522_TASK_RESERVE_ITEMS","2.F-f1","2.F-f1;BP522-2_F-1","MCQ_native_task_reserve","yes","yes","no","no","no","no","no","no","builds 1 runtime QUESTIONS object (BP522-2_F-1)","yes","UNAUDITED","no","Spec+runtime are 1 content unit, 2 representations - see representation map"
"2.F-f2","18","V522_TASK_RESERVE_ITEMS","2.F-f2","2.F-f2;BP522-2_F-2","MCQ_native_task_reserve","yes","yes","no","no","no","no","no","no","builds 1 runtime QUESTIONS object (BP522-2_F-2)","yes","UNAUDITED","no","Spec+runtime are 1 content unit, 2 representations - see representation map"
"2.F-f3","18","V522_TASK_RESERVE_ITEMS","2.F-f3","2.F-f3;BP522-2_F-3","MCQ_native_task_reserve","yes","yes","no","no","no","no","no","no","builds 1 runtime QUESTIONS object (BP522-2_F-3)","yes","UNAUDITED","no","Spec+runtime are 1 content unit, 2 representations - see representation map"
"2.G-f1","14","V522_TASK_RESERVE_ITEMS","2.G-f1","2.G-f1;BP522-2_G-1","MCQ_native_task_reserve","yes","yes","no","no","no","no","no","no","builds 1 runtime QUESTIONS object (BP522-2_G-1)","yes","UNAUDITED","no","Spec+runtime are 1 content unit, 2 representations - see representation map"
"2.G-f2","14","V522_TASK_RESERVE_ITEMS","2.G-f2","2.G-f2;BP522-2_G-2","MCQ_native_task_reserve","yes","yes","no","no","no","no","no","no","builds 1 runtime QUESTIONS object (BP522-2_G-2)","yes","UNAUDITED","no","Spec+runtime are 1 content unit, 2 representations - see representation map"
"2.G-f3","14","V522_TASK_RESERVE_ITEMS","2.G-f3","2.G-f3;BP522-2_G-3","MCQ_native_task_reserve","yes","yes","no","no","no","no","no","no","builds 1 runtime QUESTIONS object (BP522-2_G-3)","yes","UNAUDITED","no","Spec+runtime are 1 content unit, 2 representations - see representation map"
"2.H-f1","23","V522_TASK_RESERVE_ITEMS","2.H-f1","2.H-f1;BP522-2_H-1","MCQ_native_task_reserve","yes","yes","no","no","no","no","no","no","builds 1 runtime QUESTIONS object (BP522-2_H-1)","yes","UNAUDITED","no","Spec+runtime are 1 content unit, 2 representations - see representation map"
"2.H-f2","23","V522_TASK_RESERVE_ITEMS","2.H-f2","2.H-f2;BP522-2_H-2","MCQ_native_task_reserve","yes","yes","no","no","no","no","no","no","builds 1 runtime QUESTIONS object (BP522-2_H-2)","yes","UNAUDITED","no","Spec+runtime are 1 content unit, 2 representations - see representation map"
"2.H-f3","23","V522_TASK_RESERVE_ITEMS","2.H-f3","2.H-f3;BP522-2_H-3","MCQ_native_task_reserve","yes","yes","no","no","no","no","no","no","builds 1 runtime QUESTIONS object (BP522-2_H-3)","yes","UNAUDITED","no","Spec+runtime are 1 content unit, 2 representations - see representation map"
"2.I-f1","12","V522_TASK_RESERVE_ITEMS","2.I-f1","2.I-f1;BP522-2_I-1","MCQ_native_task_reserve","yes","yes","no","no","no","no","no","no","builds 1 runtime QUESTIONS object (BP522-2_I-1)","yes","VERIFIED","yes","Spec+runtime are 1 content unit, 2 representations - see representation map"
"2.I-f2","12","V522_TASK_RESERVE_ITEMS","2.I-f2","2.I-f2;BP522-2_I-2","MCQ_native_task_reserve","yes","yes","no","no","no","no","no","no","builds 1 runtime QUESTIONS object (BP522-2_I-2)","yes","VERIFIED","yes","Spec+runtime are 1 content unit, 2 representations - see representation map"
"2.I-f3","12","V522_TASK_RESERVE_ITEMS","2.I-f3","2.I-f3;BP522-2_I-3","MCQ_native_task_reserve","yes","yes","no","no","no","no","no","no","builds 1 runtime QUESTIONS object (BP522-2_I-3)","yes","VERIFIED","yes","Spec+runtime are 1 content unit, 2 representations - see representation map"
"2.J-f1","13","V522_TASK_RESERVE_ITEMS","2.J-f1","2.J-f1;BP522-2_J-1","MCQ_native_task_reserve","yes","yes","no","no","no","no","no","no","builds 1 runtime QUESTIONS object (BP522-2_J-1)","yes","UNAUDITED","no","Spec+runtime are 1 content unit, 2 representations - see representation map"
"2.J-f2","13","V522_TASK_RESERVE_ITEMS","2.J-f2","2.J-f2;BP522-2_J-2","MCQ_native_task_reserve","yes","yes","no","no","no","no","no","no","builds 1 runtime QUESTIONS object (BP522-2_J-2)","yes","UNAUDITED","no","Spec+runtime are 1 content unit, 2 representations - see representation map"
"2.J-f3","13","V522_TASK_RESERVE_ITEMS","2.J-f3","2.J-f3;BP522-2_J-3","MCQ_native_task_reserve","yes","yes","no","no","no","no","no","no","builds 1 runtime QUESTIONS object (BP522-2_J-3)","yes","UNAUDITED","no","Spec+runtime are 1 content unit, 2 representations - see representation map"
"2.K-f1","16","V522_TASK_RESERVE_ITEMS","2.K-f1","2.K-f1;BP522-2_K-1","MCQ_native_task_reserve","yes","yes","no","no","no","no","no","no","builds 1 runtime QUESTIONS object (BP522-2_K-1)","yes","UNAUDITED","no","Spec+runtime are 1 content unit, 2 representations - see representation map"
"2.K-f2","16","V522_TASK_RESERVE_ITEMS","2.K-f2","2.K-f2;BP522-2_K-2","MCQ_native_task_reserve","yes","yes","no","no","no","no","no","no","builds 1 runtime QUESTIONS object (BP522-2_K-2)","yes","UNAUDITED","no","Spec+runtime are 1 content unit, 2 representations - see representation map"
"2.K-f3","16","V522_TASK_RESERVE_ITEMS","2.K-f3","2.K-f3;BP522-2_K-3","MCQ_native_task_reserve","yes","yes","no","no","no","no","no","no","builds 1 runtime QUESTIONS object (BP522-2_K-3)","yes","UNAUDITED","no","Spec+runtime are 1 content unit, 2 representations - see representation map"
"2.L-f1","25","V522_TASK_RESERVE_ITEMS","2.L-f1","2.L-f1;BP522-2_L-1","MCQ_native_task_reserve","yes","yes","no","no","no","no","no","no","builds 1 runtime QUESTIONS object (BP522-2_L-1)","yes","UNAUDITED","no","Spec+runtime are 1 content unit, 2 representations - see representation map"
"2.L-f2","25","V522_TASK_RESERVE_ITEMS","2.L-f2","2.L-f2;BP522-2_L-2","MCQ_native_task_reserve","yes","yes","no","no","no","no","no","no","builds 1 runtime QUESTIONS object (BP522-2_L-2)","yes","UNAUDITED","no","Spec+runtime are 1 content unit, 2 representations - see representation map"
"2.L-f3","25","V522_TASK_RESERVE_ITEMS","2.L-f3","2.L-f3;BP522-2_L-3","MCQ_native_task_reserve","yes","yes","no","no","no","no","no","no","builds 1 runtime QUESTIONS object (BP522-2_L-3)","yes","UNAUDITED","no","Spec+runtime are 1 content unit, 2 representations - see representation map"
"2.M-f1","26","V522_TASK_RESERVE_ITEMS","2.M-f1","2.M-f1;BP522-2_M-1","MCQ_native_task_reserve","yes","yes","no","no","no","no","no","no","builds 1 runtime QUESTIONS object (BP522-2_M-1)","yes","UNAUDITED","no","Spec+runtime are 1 content unit, 2 representations - see representation map"
"2.M-f2","26","V522_TASK_RESERVE_ITEMS","2.M-f2","2.M-f2;BP522-2_M-2","MCQ_native_task_reserve","yes","yes","no","no","no","no","no","no","builds 1 runtime QUESTIONS object (BP522-2_M-2)","yes","UNAUDITED","no","Spec+runtime are 1 content unit, 2 representations - see representation map"
"2.M-f3","26","V522_TASK_RESERVE_ITEMS","2.M-f3","2.M-f3;BP522-2_M-3","MCQ_native_task_reserve","yes","yes","no","no","no","no","no","no","builds 1 runtime QUESTIONS object (BP522-2_M-3)","yes","UNAUDITED","no","Spec+runtime are 1 content unit, 2 representations - see representation map"
"2.N-f1","13","V522_TASK_RESERVE_ITEMS","2.N-f1","2.N-f1;BP522-2_N-1","MCQ_native_task_reserve","yes","yes","no","no","no","no","no","no","builds 1 runtime QUESTIONS object (BP522-2_N-1)","yes","UNAUDITED","no","Spec+runtime are 1 content unit, 2 representations - see representation map"
"2.N-f2","13","V522_TASK_RESERVE_ITEMS","2.N-f2","2.N-f2;BP522-2_N-2","MCQ_native_task_reserve","yes","yes","no","no","no","no","no","no","builds 1 runtime QUESTIONS object (BP522-2_N-2)","yes","UNAUDITED","no","Spec+runtime are 1 content unit, 2 representations - see representation map"
"2.N-f3","13","V522_TASK_RESERVE_ITEMS","2.N-f3","2.N-f3;BP522-2_N-3","MCQ_native_task_reserve","yes","yes","no","no","no","no","no","no","builds 1 runtime QUESTIONS object (BP522-2_N-3)","yes","UNAUDITED","no","Spec+runtime are 1 content unit, 2 representations - see representation map"
"2.O-f1","23","V522_TASK_RESERVE_ITEMS","2.O-f1","2.O-f1;BP522-2_O-1","MCQ_native_task_reserve","yes","yes","no","no","no","no","no","no","builds 1 runtime QUESTIONS object (BP522-2_O-1)","yes","UNAUDITED","no","Spec+runtime are 1 content unit, 2 representations - see representation map"
"2.O-f2","23","V522_TASK_RESERVE_ITEMS","2.O-f2","2.O-f2;BP522-2_O-2","MCQ_native_task_reserve","yes","yes","no","no","no","no","no","no","builds 1 runtime QUESTIONS object (BP522-2_O-2)","yes","UNAUDITED","no","Spec+runtime are 1 content unit, 2 representations - see representation map"
"2.O-f3","23","V522_TASK_RESERVE_ITEMS","2.O-f3","2.O-f3;BP522-2_O-3","MCQ_native_task_reserve","yes","yes","no","no","no","no","no","no","builds 1 runtime QUESTIONS object (BP522-2_O-3)","yes","UNAUDITED","no","Spec+runtime are 1 content unit, 2 representations - see representation map"
"2.P-f1","12","V522_TASK_RESERVE_ITEMS","2.P-f1","2.P-f1;BP522-2_P-1","MCQ_native_task_reserve","yes","yes","no","no","no","no","no","no","builds 1 runtime QUESTIONS object (BP522-2_P-1)","yes","VERIFIED","yes","Spec+runtime are 1 content unit, 2 representations - see representation map"
"2.P-f2","12","V522_TASK_RESERVE_ITEMS","2.P-f2","2.P-f2;BP522-2_P-2","MCQ_native_task_reserve","yes","yes","no","no","no","no","no","no","builds 1 runtime QUESTIONS object (BP522-2_P-2)","yes","VERIFIED","yes","Spec+runtime are 1 content unit, 2 representations - see representation map"
"2.P-f3","12","V522_TASK_RESERVE_ITEMS","2.P-f3","2.P-f3;BP522-2_P-3","MCQ_native_task_reserve","yes","yes","no","no","no","no","no","no","builds 1 runtime QUESTIONS object (BP522-2_P-3)","yes","VERIFIED","yes","Spec+runtime are 1 content unit, 2 representations - see representation map"
"2.Q-f1","15","V522_TASK_RESERVE_ITEMS","2.Q-f1","2.Q-f1;BP522-2_Q-1","MCQ_native_task_reserve","yes","yes","no","no","no","no","no","no","builds 1 runtime QUESTIONS object (BP522-2_Q-1)","yes","UNAUDITED","no","Spec+runtime are 1 content unit, 2 representations - see representation map"
"2.Q-f2","15","V522_TASK_RESERVE_ITEMS","2.Q-f2","2.Q-f2;BP522-2_Q-2","MCQ_native_task_reserve","yes","yes","no","no","no","no","no","no","builds 1 runtime QUESTIONS object (BP522-2_Q-2)","yes","UNAUDITED","no","Spec+runtime are 1 content unit, 2 representations - see representation map"
"2.Q-f3","15","V522_TASK_RESERVE_ITEMS","2.Q-f3","2.Q-f3;BP522-2_Q-3","MCQ_native_task_reserve","yes","yes","no","no","no","no","no","no","builds 1 runtime QUESTIONS object (BP522-2_Q-3)","yes","UNAUDITED","no","Spec+runtime are 1 content unit, 2 representations - see representation map"
"2.R-f1","18","V522_TASK_RESERVE_ITEMS","2.R-f1","2.R-f1;BP522-2_R-1","MCQ_native_task_reserve","yes","yes","no","no","no","no","no","no","builds 1 runtime QUESTIONS object (BP522-2_R-1)","yes","UNAUDITED","no","Spec+runtime are 1 content unit, 2 representations - see representation map"
"2.R-f2","18","V522_TASK_RESERVE_ITEMS","2.R-f2","2.R-f2;BP522-2_R-2","MCQ_native_task_reserve","yes","yes","no","no","no","no","no","no","builds 1 runtime QUESTIONS object (BP522-2_R-2)","yes","UNAUDITED","no","Spec+runtime are 1 content unit, 2 representations - see representation map"
"2.R-f3","18","V522_TASK_RESERVE_ITEMS","2.R-f3","2.R-f3;BP522-2_R-3","MCQ_native_task_reserve","yes","yes","no","no","no","no","no","no","builds 1 runtime QUESTIONS object (BP522-2_R-3)","yes","UNAUDITED","no","Spec+runtime are 1 content unit, 2 representations - see representation map"
"3.A-f1","18","V522_TASK_RESERVE_ITEMS","3.A-f1","3.A-f1;BP522-3_A-1","MCQ_native_task_reserve","yes","yes","no","no","no","no","no","no","builds 1 runtime QUESTIONS object (BP522-3_A-1)","yes","UNAUDITED","no","Spec+runtime are 1 content unit, 2 representations - see representation map"
"3.A-f2","18","V522_TASK_RESERVE_ITEMS","3.A-f2","3.A-f2;BP522-3_A-2","MCQ_native_task_reserve","yes","yes","no","no","no","no","no","no","builds 1 runtime QUESTIONS object (BP522-3_A-2)","yes","UNAUDITED","no","Spec+runtime are 1 content unit, 2 representations - see representation map"
"3.A-f3","18","V522_TASK_RESERVE_ITEMS","3.A-f3","3.A-f3;BP522-3_A-3","MCQ_native_task_reserve","yes","yes","no","no","no","no","no","no","builds 1 runtime QUESTIONS object (BP522-3_A-3)","yes","UNAUDITED","no","Spec+runtime are 1 content unit, 2 representations - see representation map"
"3.B-f1","18","V522_TASK_RESERVE_ITEMS","3.B-f1","3.B-f1;BP522-3_B-1","MCQ_native_task_reserve","yes","yes","no","no","no","no","no","no","builds 1 runtime QUESTIONS object (BP522-3_B-1)","yes","UNAUDITED","no","Spec+runtime are 1 content unit, 2 representations - see representation map"
"3.B-f2","18","V522_TASK_RESERVE_ITEMS","3.B-f2","3.B-f2;BP522-3_B-2","MCQ_native_task_reserve","yes","yes","no","no","no","no","no","no","builds 1 runtime QUESTIONS object (BP522-3_B-2)","yes","UNAUDITED","no","Spec+runtime are 1 content unit, 2 representations - see representation map"
"3.B-f3","18","V522_TASK_RESERVE_ITEMS","3.B-f3","3.B-f3;BP522-3_B-3","MCQ_native_task_reserve","yes","yes","no","no","no","no","no","no","builds 1 runtime QUESTIONS object (BP522-3_B-3)","yes","UNAUDITED","no","Spec+runtime are 1 content unit, 2 representations - see representation map"
"3.C-f1","14","V522_TASK_RESERVE_ITEMS","3.C-f1","3.C-f1;BP522-3_C-1","MCQ_native_task_reserve","yes","yes","no","no","no","no","no","no","builds 1 runtime QUESTIONS object (BP522-3_C-1)","yes","UNAUDITED","no","Spec+runtime are 1 content unit, 2 representations - see representation map"
"3.C-f2","14","V522_TASK_RESERVE_ITEMS","3.C-f2","3.C-f2;BP522-3_C-2","MCQ_native_task_reserve","yes","yes","no","no","no","no","no","no","builds 1 runtime QUESTIONS object (BP522-3_C-2)","yes","UNAUDITED","no","Spec+runtime are 1 content unit, 2 representations - see representation map"
"3.C-f3","14","V522_TASK_RESERVE_ITEMS","3.C-f3","3.C-f3;BP522-3_C-3","MCQ_native_task_reserve","yes","yes","no","no","no","no","no","no","builds 1 runtime QUESTIONS object (BP522-3_C-3)","yes","UNAUDITED","no","Spec+runtime are 1 content unit, 2 representations - see representation map"
"3.D-f1","14","V522_TASK_RESERVE_ITEMS","3.D-f1","3.D-f1;BP522-3_D-1","MCQ_native_task_reserve","yes","yes","no","no","no","no","no","no","builds 1 runtime QUESTIONS object (BP522-3_D-1)","yes","UNAUDITED","no","Spec+runtime are 1 content unit, 2 representations - see representation map"
"3.D-f2","14","V522_TASK_RESERVE_ITEMS","3.D-f2","3.D-f2;BP522-3_D-2","MCQ_native_task_reserve","yes","yes","no","no","no","no","no","no","builds 1 runtime QUESTIONS object (BP522-3_D-2)","yes","UNAUDITED","no","Spec+runtime are 1 content unit, 2 representations - see representation map"
"3.D-f3","14","V522_TASK_RESERVE_ITEMS","3.D-f3","3.D-f3;BP522-3_D-3","MCQ_native_task_reserve","yes","yes","no","no","no","no","no","no","builds 1 runtime QUESTIONS object (BP522-3_D-3)","yes","UNAUDITED","no","Spec+runtime are 1 content unit, 2 representations - see representation map"
"3.E-f1","13","V522_TASK_RESERVE_ITEMS","3.E-f1","3.E-f1;BP522-3_E-1","MCQ_native_task_reserve","yes","yes","no","no","no","no","no","no","builds 1 runtime QUESTIONS object (BP522-3_E-1)","yes","UNAUDITED","no","Spec+runtime are 1 content unit, 2 representations - see representation map"
"3.E-f2","13","V522_TASK_RESERVE_ITEMS","3.E-f2","3.E-f2;BP522-3_E-2","MCQ_native_task_reserve","yes","yes","no","no","no","no","no","no","builds 1 runtime QUESTIONS object (BP522-3_E-2)","yes","UNAUDITED","no","Spec+runtime are 1 content unit, 2 representations - see representation map"
"3.E-f3","13","V522_TASK_RESERVE_ITEMS","3.E-f3","3.E-f3;BP522-3_E-3","MCQ_native_task_reserve","yes","yes","no","no","no","no","no","no","builds 1 runtime QUESTIONS object (BP522-3_E-3)","yes","UNAUDITED","no","Spec+runtime are 1 content unit, 2 representations - see representation map"
"3.F-f1","19","V522_TASK_RESERVE_ITEMS","3.F-f1","3.F-f1;BP522-3_F-1","MCQ_native_task_reserve","yes","yes","no","no","no","no","no","no","builds 1 runtime QUESTIONS object (BP522-3_F-1)","yes","UNAUDITED","no","Spec+runtime are 1 content unit, 2 representations - see representation map"
"3.F-f2","19","V522_TASK_RESERVE_ITEMS","3.F-f2","3.F-f2;BP522-3_F-2","MCQ_native_task_reserve","yes","yes","no","no","no","no","no","no","builds 1 runtime QUESTIONS object (BP522-3_F-2)","yes","UNAUDITED","no","Spec+runtime are 1 content unit, 2 representations - see representation map"
"3.F-f3","19","V522_TASK_RESERVE_ITEMS","3.F-f3","3.F-f3;BP522-3_F-3","MCQ_native_task_reserve","yes","yes","no","no","no","no","no","no","builds 1 runtime QUESTIONS object (BP522-3_F-3)","yes","UNAUDITED","no","Spec+runtime are 1 content unit, 2 representations - see representation map"
"3.G-f1","27","V522_TASK_RESERVE_ITEMS","3.G-f1","3.G-f1;BP522-3_G-1","MCQ_native_task_reserve","yes","yes","no","no","no","no","no","no","builds 1 runtime QUESTIONS object (BP522-3_G-1)","yes","UNAUDITED","no","Spec+runtime are 1 content unit, 2 representations - see representation map"
"3.G-f2","27","V522_TASK_RESERVE_ITEMS","3.G-f2","3.G-f2;BP522-3_G-2","MCQ_native_task_reserve","yes","yes","no","no","no","no","no","no","builds 1 runtime QUESTIONS object (BP522-3_G-2)","yes","UNAUDITED","no","Spec+runtime are 1 content unit, 2 representations - see representation map"
"3.G-f3","27","V522_TASK_RESERVE_ITEMS","3.G-f3","3.G-f3;BP522-3_G-3","MCQ_native_task_reserve","yes","yes","no","no","no","no","no","no","builds 1 runtime QUESTIONS object (BP522-3_G-3)","yes","UNAUDITED","no","Spec+runtime are 1 content unit, 2 representations - see representation map"
"3.H-f1","18","V522_TASK_RESERVE_ITEMS","3.H-f1","3.H-f1;BP522-3_H-1","MCQ_native_task_reserve","yes","yes","no","no","no","no","no","no","builds 1 runtime QUESTIONS object (BP522-3_H-1)","yes","UNAUDITED","no","Spec+runtime are 1 content unit, 2 representations - see representation map"
"3.H-f2","18","V522_TASK_RESERVE_ITEMS","3.H-f2","3.H-f2;BP522-3_H-2","MCQ_native_task_reserve","yes","yes","no","no","no","no","no","no","builds 1 runtime QUESTIONS object (BP522-3_H-2)","yes","UNAUDITED","no","Spec+runtime are 1 content unit, 2 representations - see representation map"
"3.H-f3","18","V522_TASK_RESERVE_ITEMS","3.H-f3","3.H-f3;BP522-3_H-3","MCQ_native_task_reserve","yes","yes","no","no","no","no","no","no","builds 1 runtime QUESTIONS object (BP522-3_H-3)","yes","UNAUDITED","no","Spec+runtime are 1 content unit, 2 representations - see representation map"
"1.H-f1","14","V522_TASK_RESERVE_ITEMS","1.H-f1","1.H-f1;BP522-1_H-1","MCQ_native_task_reserve","yes","yes","no","no","no","no","no","no","builds 1 runtime QUESTIONS object (BP522-1_H-1)","yes","UNAUDITED","no","Spec+runtime are 1 content unit, 2 representations - see representation map"
"1.I-f1","14","V522_TASK_RESERVE_ITEMS","1.I-f1","1.I-f1;BP522-1_I-1","MCQ_native_task_reserve","yes","yes","no","no","no","no","no","no","builds 1 runtime QUESTIONS object (BP522-1_I-1)","yes","UNAUDITED","no","Spec+runtime are 1 content unit, 2 representations - see representation map"
"1.J-f1","25","V522_TASK_RESERVE_ITEMS","1.J-f1","1.J-f1;BP522-1_J-1","MCQ_native_task_reserve","yes","yes","no","no","no","no","no","no","builds 1 runtime QUESTIONS object (BP522-1_J-1)","yes","UNAUDITED","no","Spec+runtime are 1 content unit, 2 representations - see representation map"
"1.R-f1","14","V522_TASK_RESERVE_ITEMS","1.R-f1","1.R-f1;BP522-1_R-1","MCQ_native_task_reserve","yes","yes","no","no","no","no","no","no","builds 1 runtime QUESTIONS object (BP522-1_R-1)","yes","UNAUDITED","no","Spec+runtime are 1 content unit, 2 representations - see representation map"
"1.U-f1","14","V522_TASK_RESERVE_ITEMS","1.U-f1","1.U-f1;BP522-1_U-1","MCQ_native_task_reserve","yes","yes","no","no","no","no","no","no","builds 1 runtime QUESTIONS object (BP522-1_U-1)","yes","UNAUDITED","no","Spec+runtime are 1 content unit, 2 representations - see representation map"
"1.W-f1","25","V522_TASK_RESERVE_ITEMS","1.W-f1","1.W-f1;BP522-1_W-1","MCQ_native_task_reserve","yes","yes","no","no","no","no","no","no","builds 1 runtime QUESTIONS object (BP522-1_W-1)","yes","UNAUDITED","no","Spec+runtime are 1 content unit, 2 representations - see representation map"
"4.K-f1","19","V522_TASK_RESERVE_ITEMS","4.K-f1","4.K-f1;BP522-4_K-1","MCQ_native_task_reserve","yes","yes","no","no","no","no","no","no","builds 1 runtime QUESTIONS object (BP522-4_K-1)","yes","UNAUDITED","no","Spec+runtime are 1 content unit, 2 representations - see representation map"
"4.L-f1","28","V522_TASK_RESERVE_ITEMS","4.L-f1","4.L-f1;BP522-4_L-1","MCQ_native_task_reserve","yes","yes","no","no","no","no","no","no","builds 1 runtime QUESTIONS object (BP522-4_L-1)","yes","UNAUDITED","no","Spec+runtime are 1 content unit, 2 representations - see representation map"
"5.A-f1","13","V522_TASK_RESERVE_ITEMS","5.A-f1","5.A-f1;BP522-5_A-1","MCQ_native_task_reserve","yes","yes","no","no","no","no","no","no","builds 1 runtime QUESTIONS object (BP522-5_A-1)","yes","UNAUDITED","no","Spec+runtime are 1 content unit, 2 representations - see representation map"
"5.C-f1","13","V522_TASK_RESERVE_ITEMS","5.C-f1","5.C-f1;BP522-5_C-1","MCQ_native_task_reserve","yes","yes","no","no","no","no","no","no","builds 1 runtime QUESTIONS object (BP522-5_C-1)","yes","UNAUDITED","no","Spec+runtime are 1 content unit, 2 representations - see representation map"
"6.A-f1","31","V522_TASK_RESERVE_ITEMS","6.A-f1","6.A-f1;BP522-6_A-1","MCQ_native_task_reserve","yes","yes","no","no","no","no","no","no","builds 1 runtime QUESTIONS object (BP522-6_A-1)","yes","UNAUDITED","no","Spec+runtime are 1 content unit, 2 representations - see representation map"
"1.A","9","V524_DIRECT_TASK_ITEMS","1.A","1.A;BP524-1_A-1","MCQ_native_direct_task","yes","yes","no","no","no","no","no","no","builds 1 runtime QUESTIONS object (BP524-1_A-1)","yes","VERIFIED","yes","Spec+runtime are 1 content unit, 2 representations - see representation map"
"1.B","9","V524_DIRECT_TASK_ITEMS","1.B","1.B;BP524-1_B-1","MCQ_native_direct_task","yes","yes","no","no","no","no","no","no","builds 1 runtime QUESTIONS object (BP524-1_B-1)","yes","VERIFIED","yes","Spec+runtime are 1 content unit, 2 representations - see representation map"
"1.C","9","V524_DIRECT_TASK_ITEMS","1.C","1.C;BP524-1_C-1","MCQ_native_direct_task","yes","yes","no","no","no","no","no","no","builds 1 runtime QUESTIONS object (BP524-1_C-1)","yes","VERIFIED","yes","Spec+runtime are 1 content unit, 2 representations - see representation map"
"1.D","9","V524_DIRECT_TASK_ITEMS","1.D","1.D;BP524-1_D-1","MCQ_native_direct_task","yes","yes","no","no","no","no","no","no","builds 1 runtime QUESTIONS object (BP524-1_D-1)","yes","VERIFIED","yes","Spec+runtime are 1 content unit, 2 representations - see representation map"
"1.E","9","V524_DIRECT_TASK_ITEMS","1.E","1.E;BP524-1_E-1","MCQ_native_direct_task","yes","yes","no","no","no","no","no","no","builds 1 runtime QUESTIONS object (BP524-1_E-1)","yes","VERIFIED","yes","Spec+runtime are 1 content unit, 2 representations - see representation map"
"1.F","9","V524_DIRECT_TASK_ITEMS","1.F","1.F;BP524-1_F-1","MCQ_native_direct_task","yes","yes","no","no","no","no","no","no","builds 1 runtime QUESTIONS object (BP524-1_F-1)","yes","VERIFIED","yes","Spec+runtime are 1 content unit, 2 representations - see representation map"
"1.G","9","V524_DIRECT_TASK_ITEMS","1.G","1.G;BP524-1_G-1","MCQ_native_direct_task","yes","yes","no","no","no","no","no","no","builds 1 runtime QUESTIONS object (BP524-1_G-1)","yes","VERIFIED","yes","Spec+runtime are 1 content unit, 2 representations - see representation map"
"1.K","14","V524_DIRECT_TASK_ITEMS","1.K","1.K;BP524-1_K-1","MCQ_native_direct_task","yes","yes","no","no","no","no","no","no","builds 1 runtime QUESTIONS object (BP524-1_K-1)","yes","UNAUDITED","no","Spec+runtime are 1 content unit, 2 representations - see representation map"
"1.L","27","V524_DIRECT_TASK_ITEMS","1.L","1.L;BP524-1_L-1","MCQ_native_direct_task","yes","yes","no","no","no","no","no","no","builds 1 runtime QUESTIONS object (BP524-1_L-1)","yes","UNAUDITED","no","Spec+runtime are 1 content unit, 2 representations - see representation map"
"1.M","24","V524_DIRECT_TASK_ITEMS","1.M","1.M;BP524-1_M-1","MCQ_native_direct_task","yes","yes","no","no","no","no","no","no","builds 1 runtime QUESTIONS object (BP524-1_M-1)","yes","UNAUDITED","no","Spec+runtime are 1 content unit, 2 representations - see representation map"
"1.N","12","V524_DIRECT_TASK_ITEMS","1.N","1.N;BP524-1_N-1","MCQ_native_direct_task","yes","yes","no","no","no","no","no","no","builds 1 runtime QUESTIONS object (BP524-1_N-1)","yes","VERIFIED","yes","Spec+runtime are 1 content unit, 2 representations - see representation map"
"1.O","12","V524_DIRECT_TASK_ITEMS","1.O","1.O;BP524-1_O-1","MCQ_native_direct_task","yes","yes","no","no","no","no","no","no","builds 1 runtime QUESTIONS object (BP524-1_O-1)","yes","VERIFIED","yes","Spec+runtime are 1 content unit, 2 representations - see representation map"
"1.P","33","V524_DIRECT_TASK_ITEMS","1.P","1.P;BP524-1_P-1","MCQ_native_direct_task","yes","yes","no","no","no","no","no","no","builds 1 runtime QUESTIONS object (BP524-1_P-1)","yes","UNAUDITED","no","Spec+runtime are 1 content unit, 2 representations - see representation map"
"1.Q","1","V524_DIRECT_TASK_ITEMS","1.Q","1.Q;BP524-1_Q-1","MCQ_native_direct_task","yes","yes","no","no","no","no","no","no","builds 1 runtime QUESTIONS object (BP524-1_Q-1)","yes","VERIFIED","yes","Spec+runtime are 1 content unit, 2 representations - see representation map"
"1.S","23","V524_DIRECT_TASK_ITEMS","1.S","1.S;BP524-1_S-1","MCQ_native_direct_task","yes","yes","no","no","no","no","no","no","builds 1 runtime QUESTIONS object (BP524-1_S-1)","yes","UNAUDITED","no","Spec+runtime are 1 content unit, 2 representations - see representation map"
"1.T","23","V524_DIRECT_TASK_ITEMS","1.T","1.T;BP524-1_T-1","MCQ_native_direct_task","yes","yes","no","no","no","no","no","no","builds 1 runtime QUESTIONS object (BP524-1_T-1)","yes","UNAUDITED","no","Spec+runtime are 1 content unit, 2 representations - see representation map"
"1.V","9","V524_DIRECT_TASK_ITEMS","1.V","1.V;BP524-1_V-1","MCQ_native_direct_task","yes","yes","no","no","no","no","no","no","builds 1 runtime QUESTIONS object (BP524-1_V-1)","yes","VERIFIED","yes","Spec+runtime are 1 content unit, 2 representations - see representation map"
"1.X","15","V524_DIRECT_TASK_ITEMS","1.X","1.X;BP524-1_X-1","MCQ_native_direct_task","yes","yes","no","no","no","no","no","no","builds 1 runtime QUESTIONS object (BP524-1_X-1)","yes","UNAUDITED","no","Spec+runtime are 1 content unit, 2 representations - see representation map"
"1.Y","14","V524_DIRECT_TASK_ITEMS","1.Y","1.Y;BP524-1_Y-1","MCQ_native_direct_task","yes","yes","no","no","no","no","no","no","builds 1 runtime QUESTIONS object (BP524-1_Y-1)","yes","UNAUDITED","no","Spec+runtime are 1 content unit, 2 representations - see representation map"
"1.Z","14","V524_DIRECT_TASK_ITEMS","1.Z","1.Z;BP524-1_Z-1","MCQ_native_direct_task","yes","yes","no","no","no","no","no","no","builds 1 runtime QUESTIONS object (BP524-1_Z-1)","yes","UNAUDITED","no","Spec+runtime are 1 content unit, 2 representations - see representation map"
"1.AA","9","V524_DIRECT_TASK_ITEMS","1.AA","1.AA;BP524-1_AA-1","MCQ_native_direct_task","yes","yes","no","no","no","no","no","no","builds 1 runtime QUESTIONS object (BP524-1_AA-1)","yes","VERIFIED","yes","Spec+runtime are 1 content unit, 2 representations - see representation map"
"4.A","14","V524_DIRECT_TASK_ITEMS","4.A","4.A;BP524-4_A-1","MCQ_native_direct_task","yes","yes","no","no","no","no","no","no","builds 1 runtime QUESTIONS object (BP524-4_A-1)","yes","UNAUDITED","no","Spec+runtime are 1 content unit, 2 representations - see representation map"
"4.B","14","V524_DIRECT_TASK_ITEMS","4.B","4.B;BP524-4_B-1","MCQ_native_direct_task","yes","yes","no","no","no","no","no","no","builds 1 runtime QUESTIONS object (BP524-4_B-1)","yes","UNAUDITED","no","Spec+runtime are 1 content unit, 2 representations - see representation map"
"4.C","14","V524_DIRECT_TASK_ITEMS","4.C","4.C;BP524-4_C-1","MCQ_native_direct_task","yes","yes","no","no","no","no","no","no","builds 1 runtime QUESTIONS object (BP524-4_C-1)","yes","UNAUDITED","no","Spec+runtime are 1 content unit, 2 representations - see representation map"
"4.D","14","V524_DIRECT_TASK_ITEMS","4.D","4.D;BP524-4_D-1","MCQ_native_direct_task","yes","yes","no","no","no","no","no","no","builds 1 runtime QUESTIONS object (BP524-4_D-1)","yes","UNAUDITED","no","Spec+runtime are 1 content unit, 2 representations - see representation map"
"4.E","15","V524_DIRECT_TASK_ITEMS","4.E","4.E;BP524-4_E-1","MCQ_native_direct_task","yes","yes","no","no","no","no","no","no","builds 1 runtime QUESTIONS object (BP524-4_E-1)","yes","UNAUDITED","no","Spec+runtime are 1 content unit, 2 representations - see representation map"
"4.F","14","V524_DIRECT_TASK_ITEMS","4.F","4.F;BP524-4_F-1","MCQ_native_direct_task","yes","yes","no","no","no","no","no","no","builds 1 runtime QUESTIONS object (BP524-4_F-1)","yes","UNAUDITED","no","Spec+runtime are 1 content unit, 2 representations - see representation map"
"4.G","14","V524_DIRECT_TASK_ITEMS","4.G","4.G;BP524-4_G-1","MCQ_native_direct_task","yes","yes","no","no","no","no","no","no","builds 1 runtime QUESTIONS object (BP524-4_G-1)","yes","UNAUDITED","no","Spec+runtime are 1 content unit, 2 representations - see representation map"
"4.H","14","V524_DIRECT_TASK_ITEMS","4.H","4.H;BP524-4_H-1","MCQ_native_direct_task","yes","yes","no","no","no","no","no","no","builds 1 runtime QUESTIONS object (BP524-4_H-1)","yes","UNAUDITED","no","Spec+runtime are 1 content unit, 2 representations - see representation map"
"4.I","14","V524_DIRECT_TASK_ITEMS","4.I","4.I;BP524-4_I-1","MCQ_native_direct_task","yes","yes","no","no","no","no","no","no","builds 1 runtime QUESTIONS object (BP524-4_I-1)","yes","UNAUDITED","no","Spec+runtime are 1 content unit, 2 representations - see representation map"
"4.J","14","V524_DIRECT_TASK_ITEMS","4.J","4.J;BP524-4_J-1","MCQ_native_direct_task","yes","yes","no","no","no","no","no","no","builds 1 runtime QUESTIONS object (BP524-4_J-1)","yes","UNAUDITED","no","Spec+runtime are 1 content unit, 2 representations - see representation map"
"4.M","15","V524_DIRECT_TASK_ITEMS","4.M","4.M;BP524-4_M-1","MCQ_native_direct_task","yes","yes","no","no","no","no","no","no","builds 1 runtime QUESTIONS object (BP524-4_M-1)","yes","UNAUDITED","no","Spec+runtime are 1 content unit, 2 representations - see representation map"
"5.B","13","V524_DIRECT_TASK_ITEMS","5.B","5.B;BP524-5_B-1","MCQ_native_direct_task","yes","yes","no","no","no","no","no","no","builds 1 runtime QUESTIONS object (BP524-5_B-1)","yes","UNAUDITED","no","Spec+runtime are 1 content unit, 2 representations - see representation map"
"5.D","13","V524_DIRECT_TASK_ITEMS","5.D","5.D;BP524-5_D-1","MCQ_native_direct_task","yes","yes","no","no","no","no","no","no","builds 1 runtime QUESTIONS object (BP524-5_D-1)","yes","UNAUDITED","no","Spec+runtime are 1 content unit, 2 representations - see representation map"
"6.B","31","V524_DIRECT_TASK_ITEMS","6.B","6.B;BP524-6_B-1","MCQ_native_direct_task","yes","yes","no","no","no","no","no","no","builds 1 runtime QUESTIONS object (BP524-6_B-1)","yes","UNAUDITED","no","Spec+runtime are 1 content unit, 2 representations - see representation map"
"6.C","31","V524_DIRECT_TASK_ITEMS","6.C","6.C;BP524-6_C-1","MCQ_native_direct_task","yes","yes","no","no","no","no","no","no","builds 1 runtime QUESTIONS object (BP524-6_C-1)","yes","UNAUDITED","no","Spec+runtime are 1 content unit, 2 representations - see representation map"
"6.D","32","V524_DIRECT_TASK_ITEMS","6.D","6.D;BP524-6_D-1","MCQ_native_direct_task","yes","yes","no","no","no","no","no","no","builds 1 runtime QUESTIONS object (BP524-6_D-1)","yes","UNAUDITED","no","Spec+runtime are 1 content unit, 2 representations - see representation map"
"6.E","32","V524_DIRECT_TASK_ITEMS","6.E","6.E;BP524-6_E-1","MCQ_native_direct_task","yes","yes","no","no","no","no","no","no","builds 1 runtime QUESTIONS object (BP524-6_E-1)","yes","UNAUDITED","no","Spec+runtime are 1 content unit, 2 representations - see representation map"
"6.F","32","V524_DIRECT_TASK_ITEMS","6.F","6.F;BP524-6_F-1","MCQ_native_direct_task","yes","yes","no","no","no","no","no","no","builds 1 runtime QUESTIONS object (BP524-6_F-1)","yes","UNAUDITED","no","Spec+runtime are 1 content unit, 2 representations - see representation map"
"sg1_1","1","EXAM_STUDY_GUIDE_BANK","sg1_1","sg1_1","MCQ_official_study_guide","yes","yes","yes","no","no","no","no","no","","yes","VERIFIED","yes",""
"sg1_2","1","EXAM_STUDY_GUIDE_BANK","sg1_2","sg1_2","MCQ_official_study_guide","yes","yes","yes","no","no","no","no","no","","yes","VERIFIED","yes",""
"sg1_3","1","EXAM_STUDY_GUIDE_BANK","sg1_3","sg1_3","MCQ_official_study_guide","yes","yes","yes","no","no","no","no","no","","yes","VERIFIED","yes",""
"sg1_4","1","EXAM_STUDY_GUIDE_BANK","sg1_4","sg1_4","MCQ_official_study_guide","yes","yes","yes","no","no","no","no","no","","yes","VERIFIED","yes",""
"sg1_5","1","EXAM_STUDY_GUIDE_BANK","sg1_5","sg1_5","MCQ_official_study_guide","yes","yes","yes","no","no","no","no","no","","yes","VERIFIED","yes",""
"sg1_6","1","EXAM_STUDY_GUIDE_BANK","sg1_6","sg1_6","MCQ_official_study_guide","yes","yes","yes","no","no","no","no","no","","yes","VERIFIED","yes",""
"sg1_7","1","EXAM_STUDY_GUIDE_BANK","sg1_7","sg1_7","MCQ_official_study_guide","yes","yes","yes","no","no","no","no","no","","yes","VERIFIED","yes",""
"sg1_8","1","EXAM_STUDY_GUIDE_BANK","sg1_8","sg1_8","MCQ_official_study_guide","yes","yes","yes","no","no","no","no","no","","yes","VERIFIED","yes",""
"sg1_9","1","EXAM_STUDY_GUIDE_BANK","sg1_9","sg1_9","MCQ_official_study_guide","yes","yes","yes","no","no","no","no","no","","yes","VERIFIED","yes",""
"sg1_10","1","EXAM_STUDY_GUIDE_BANK","sg1_10","sg1_10","MCQ_official_study_guide","yes","yes","yes","no","no","no","no","no","","yes","VERIFIED","yes",""
"appb_8","1","EXAM_STUDY_GUIDE_BANK","appb_8","appb_8","MCQ_official_study_guide","yes","yes","yes","no","no","no","no","no","","yes","VERIFIED","yes",""
"sg2_1","2","EXAM_STUDY_GUIDE_BANK","sg2_1","sg2_1","MCQ_official_study_guide","yes","yes","yes","no","no","no","no","no","","yes","VERIFIED","yes",""
"sg2_2","2","EXAM_STUDY_GUIDE_BANK","sg2_2","sg2_2","MCQ_official_study_guide","yes","yes","yes","no","no","no","no","no","","yes","VERIFIED","yes",""
"sg2_3","2","EXAM_STUDY_GUIDE_BANK","sg2_3","sg2_3","MCQ_official_study_guide","yes","yes","yes","no","no","no","no","no","","yes","VERIFIED","yes",""
"sg2_4","2","EXAM_STUDY_GUIDE_BANK","sg2_4","sg2_4","MCQ_official_study_guide","yes","yes","yes","no","no","no","no","no","","yes","VERIFIED","yes",""
"sg2_5","2","EXAM_STUDY_GUIDE_BANK","sg2_5","sg2_5","MCQ_official_study_guide","yes","yes","yes","no","no","no","no","no","","yes","VERIFIED","yes",""
"sg2_6","2","EXAM_STUDY_GUIDE_BANK","sg2_6","sg2_6","MCQ_official_study_guide","yes","yes","yes","no","no","no","no","no","","yes","VERIFIED","yes",""
"sg2_7","2","EXAM_STUDY_GUIDE_BANK","sg2_7","sg2_7","MCQ_official_study_guide","yes","yes","yes","no","no","no","no","no","","yes","VERIFIED","yes",""
"sg2_8","2","EXAM_STUDY_GUIDE_BANK","sg2_8","sg2_8","MCQ_official_study_guide","yes","yes","yes","no","no","no","no","no","","yes","VERIFIED","yes",""
"appb_9","2","EXAM_STUDY_GUIDE_BANK","appb_9","appb_9","MCQ_official_study_guide","yes","yes","yes","no","no","no","no","no","","yes","VERIFIED","yes",""
"sg3_1","3","EXAM_STUDY_GUIDE_BANK","sg3_1","sg3_1","MCQ_official_study_guide","yes","yes","yes","no","no","no","no","no","","yes","VERIFIED","yes",""
"sg3_2","3","EXAM_STUDY_GUIDE_BANK","sg3_2","sg3_2","MCQ_official_study_guide","yes","yes","yes","no","no","no","no","no","","yes","VERIFIED","yes",""
"sg3_3","3","EXAM_STUDY_GUIDE_BANK","sg3_3","sg3_3","MCQ_official_study_guide","yes","yes","yes","no","no","no","no","no","","yes","VERIFIED","yes",""
"sg3_4","3","EXAM_STUDY_GUIDE_BANK","sg3_4","sg3_4","MCQ_official_study_guide","yes","yes","yes","no","no","no","no","no","","yes","VERIFIED","yes",""
"sg3_5","3","EXAM_STUDY_GUIDE_BANK","sg3_5","sg3_5","MCQ_official_study_guide","yes","yes","yes","no","no","no","no","no","","yes","VERIFIED","yes",""
"sg3_6","3","EXAM_STUDY_GUIDE_BANK","sg3_6","sg3_6","MCQ_official_study_guide","yes","yes","yes","no","no","no","no","no","","yes","VERIFIED","yes",""
"sg3_7","3","EXAM_STUDY_GUIDE_BANK","sg3_7","sg3_7","MCQ_official_study_guide","yes","yes","yes","no","no","no","no","no","","yes","VERIFIED","yes",""
"sg3_8","3","EXAM_STUDY_GUIDE_BANK","sg3_8","sg3_8","MCQ_official_study_guide","yes","yes","yes","no","no","no","no","no","","yes","VERIFIED","yes",""
"sg3_9","3","EXAM_STUDY_GUIDE_BANK","sg3_9","sg3_9","MCQ_official_study_guide","yes","yes","yes","no","no","no","no","no","","yes","VERIFIED","yes",""
"sg4_1","4","EXAM_STUDY_GUIDE_BANK","sg4_1","sg4_1","MCQ_official_study_guide","yes","yes","yes","no","no","no","no","no","","yes","VERIFIED","yes",""
"sg4_2","4","EXAM_STUDY_GUIDE_BANK","sg4_2","sg4_2","MCQ_official_study_guide","yes","yes","yes","no","no","no","no","no","","yes","VERIFIED","yes",""
"sg4_3","4","EXAM_STUDY_GUIDE_BANK","sg4_3","sg4_3","MCQ_official_study_guide","yes","yes","yes","no","no","no","no","no","","yes","VERIFIED","yes",""
"sg4_4","4","EXAM_STUDY_GUIDE_BANK","sg4_4","sg4_4","MCQ_official_study_guide","yes","yes","yes","no","no","no","no","no","","yes","VERIFIED","yes",""
"sg4_5","4","EXAM_STUDY_GUIDE_BANK","sg4_5","sg4_5","MCQ_official_study_guide","yes","yes","yes","no","no","no","no","no","","yes","VERIFIED","yes",""
"sg4_6","4","EXAM_STUDY_GUIDE_BANK","sg4_6","sg4_6","MCQ_official_study_guide","yes","yes","yes","no","no","no","no","no","","yes","VERIFIED","yes",""
"sg4_7","4","EXAM_STUDY_GUIDE_BANK","sg4_7","sg4_7","MCQ_official_study_guide","yes","yes","yes","no","no","no","no","no","","yes","VERIFIED","yes",""
"sg4_8","4","EXAM_STUDY_GUIDE_BANK","sg4_8","sg4_8","MCQ_official_study_guide","yes","yes","yes","no","no","no","no","no","","yes","VERIFIED","yes",""
"sg4_9","4","EXAM_STUDY_GUIDE_BANK","sg4_9","sg4_9","MCQ_official_study_guide","yes","yes","yes","no","no","no","no","no","","yes","VERIFIED","yes",""
"sg5_1","5","EXAM_STUDY_GUIDE_BANK","sg5_1","sg5_1","MCQ_official_study_guide","yes","yes","yes","no","no","no","no","no","","yes","VERIFIED","yes",""
"sg5_2","5","EXAM_STUDY_GUIDE_BANK","sg5_2","sg5_2","MCQ_official_study_guide","yes","yes","yes","no","no","no","no","no","","yes","VERIFIED","yes",""
"sg5_3","5","EXAM_STUDY_GUIDE_BANK","sg5_3","sg5_3","MCQ_official_study_guide","yes","yes","yes","no","no","no","no","no","","yes","VERIFIED","yes",""
"sg5_4","5","EXAM_STUDY_GUIDE_BANK","sg5_4","sg5_4","MCQ_official_study_guide","yes","yes","yes","no","no","no","no","no","","yes","VERIFIED","yes",""
"sg5_5","5","EXAM_STUDY_GUIDE_BANK","sg5_5","sg5_5","MCQ_official_study_guide","yes","yes","yes","no","no","no","no","no","","yes","VERIFIED","yes",""
"sg5_6","5","EXAM_STUDY_GUIDE_BANK","sg5_6","sg5_6","MCQ_official_study_guide","yes","yes","yes","no","no","no","no","no","","yes","VERIFIED","yes",""
"sg5_7","5","EXAM_STUDY_GUIDE_BANK","sg5_7","sg5_7","MCQ_official_study_guide","yes","yes","yes","no","no","no","no","no","","yes","VERIFIED","yes",""
"sg5_8","5","EXAM_STUDY_GUIDE_BANK","sg5_8","sg5_8","MCQ_official_study_guide","yes","yes","yes","no","no","no","no","no","","yes","VERIFIED","yes",""
"sg5_9","5","EXAM_STUDY_GUIDE_BANK","sg5_9","sg5_9","MCQ_official_study_guide","yes","yes","yes","no","no","no","no","no","","yes","VERIFIED","yes",""
"sg6_1","6","EXAM_STUDY_GUIDE_BANK","sg6_1","sg6_1","MCQ_official_study_guide","yes","yes","yes","no","no","no","no","no","","yes","VERIFIED","yes",""
"sg6_2","6","EXAM_STUDY_GUIDE_BANK","sg6_2","sg6_2","MCQ_official_study_guide","yes","yes","yes","no","no","no","no","no","","yes","VERIFIED","yes",""
"sg6_3","6","EXAM_STUDY_GUIDE_BANK","sg6_3","sg6_3","MCQ_official_study_guide","yes","yes","yes","no","no","no","no","no","","yes","VERIFIED","yes",""
"sg6_4","6","EXAM_STUDY_GUIDE_BANK","sg6_4","sg6_4","MCQ_official_study_guide","yes","yes","yes","no","no","no","no","no","","yes","SOURCE CONFLICT (Study Guide erratum suspected)","yes",""
"sg6_5","6","EXAM_STUDY_GUIDE_BANK","sg6_5","sg6_5","MCQ_official_study_guide","yes","yes","yes","no","no","no","no","no","","yes","VERIFIED","yes",""
"sg6_6","6","EXAM_STUDY_GUIDE_BANK","sg6_6","sg6_6","MCQ_official_study_guide","yes","yes","yes","no","no","no","no","no","","yes","VERIFIED","yes",""
"sg6_7","6","EXAM_STUDY_GUIDE_BANK","sg6_7","sg6_7","MCQ_official_study_guide","yes","yes","yes","no","no","no","no","no","","yes","VERIFIED","yes",""
"sg6_8","6","EXAM_STUDY_GUIDE_BANK","sg6_8","sg6_8","MCQ_official_study_guide","yes","yes","yes","no","no","no","no","no","","yes","VERIFIED","yes",""
"sg6_9","6","EXAM_STUDY_GUIDE_BANK","sg6_9","sg6_9","MCQ_official_study_guide","yes","yes","yes","no","no","no","no","no","","yes","VERIFIED","yes",""
"sg6_10","6","EXAM_STUDY_GUIDE_BANK","sg6_10","sg6_10","MCQ_official_study_guide","yes","yes","yes","no","no","no","no","no","","yes","VERIFIED","yes",""
"appa_4a","6","EXAM_STUDY_GUIDE_BANK","appa_4a","appa_4a","MCQ_official_study_guide","yes","yes","yes","no","no","no","no","no","","yes","VERIFIED","yes",""
"appa_4b","6","EXAM_STUDY_GUIDE_BANK","appa_4b","appa_4b","MCQ_official_study_guide","yes","yes","yes","no","no","no","no","no","","yes","VERIFIED","yes",""
"appa_4c","6","EXAM_STUDY_GUIDE_BANK","appa_4c","appa_4c","MCQ_official_study_guide","yes","yes","yes","no","no","no","no","no","","yes","VERIFIED","yes",""
"appa_4d","6","EXAM_STUDY_GUIDE_BANK","appa_4d","appa_4d","MCQ_official_study_guide","yes","yes","yes","no","no","no","no","no","","yes","VERIFIED","yes",""
"appa_4e","6","EXAM_STUDY_GUIDE_BANK","appa_4e","appa_4e","MCQ_official_study_guide","yes","yes","yes","no","no","no","no","no","","yes","VERIFIED","yes",""
"appa_4f","6","EXAM_STUDY_GUIDE_BANK","appa_4f","appa_4f","MCQ_official_study_guide","yes","yes","yes","no","no","no","no","no","","yes","VERIFIED","yes",""
"appa_4g","6","EXAM_STUDY_GUIDE_BANK","appa_4g","appa_4g","MCQ_official_study_guide","yes","yes","yes","no","no","no","no","no","","yes","VERIFIED","yes",""
"sg7_1","7","EXAM_STUDY_GUIDE_BANK","sg7_1","sg7_1","MCQ_official_study_guide","yes","yes","yes","no","no","no","no","no","","yes","VERIFIED","yes",""
"sg7_2","7","EXAM_STUDY_GUIDE_BANK","sg7_2","sg7_2","MCQ_official_study_guide","yes","yes","yes","no","no","no","no","no","","yes","VERIFIED","yes",""
"sg7_3","7","EXAM_STUDY_GUIDE_BANK","sg7_3","sg7_3","MCQ_official_study_guide","yes","yes","yes","no","no","no","no","no","","yes","VERIFIED","yes",""
"sg7_4","7","EXAM_STUDY_GUIDE_BANK","sg7_4","sg7_4","MCQ_official_study_guide","yes","yes","yes","no","no","no","no","no","","yes","VERIFIED","yes",""
"sg7_5","7","EXAM_STUDY_GUIDE_BANK","sg7_5","sg7_5","MCQ_official_study_guide","yes","yes","yes","no","no","no","no","no","","yes","VERIFIED","yes",""
"sg7_6","7","EXAM_STUDY_GUIDE_BANK","sg7_6","sg7_6","MCQ_official_study_guide","yes","yes","yes","no","no","no","no","no","","yes","VERIFIED","yes",""
"sg7_7","7","EXAM_STUDY_GUIDE_BANK","sg7_7","sg7_7","MCQ_official_study_guide","yes","yes","yes","no","no","no","no","no","","yes","VERIFIED","yes",""
"sg7_8","7","EXAM_STUDY_GUIDE_BANK","sg7_8","sg7_8","MCQ_official_study_guide","yes","yes","yes","no","no","no","no","no","","yes","VERIFIED","yes",""
"sg7_9","7","EXAM_STUDY_GUIDE_BANK","sg7_9","sg7_9","MCQ_official_study_guide","yes","yes","yes","no","no","no","no","no","","yes","VERIFIED","yes",""
"sg7_10","7","EXAM_STUDY_GUIDE_BANK","sg7_10","sg7_10","MCQ_official_study_guide","yes","yes","yes","no","no","no","no","no","","yes","VERIFIED","yes",""
"appb_4","7","EXAM_STUDY_GUIDE_BANK","appb_4","appb_4","MCQ_official_study_guide","yes","yes","yes","no","no","no","no","no","","yes","VERIFIED","yes",""
"sg8_1","8","EXAM_STUDY_GUIDE_BANK","sg8_1","sg8_1","MCQ_official_study_guide","yes","yes","yes","no","no","no","no","no","","yes","VERIFIED","yes",""
"sg8_2","8","EXAM_STUDY_GUIDE_BANK","sg8_2","sg8_2","MCQ_official_study_guide","yes","yes","yes","no","no","no","no","no","","yes","VERIFIED","yes",""
"sg8_3","8","EXAM_STUDY_GUIDE_BANK","sg8_3","sg8_3","MCQ_official_study_guide","yes","yes","yes","no","no","no","no","no","","yes","VERIFIED","yes",""
"sg8_4","8","EXAM_STUDY_GUIDE_BANK","sg8_4","sg8_4","MCQ_official_study_guide","yes","yes","yes","no","no","no","no","no","","yes","VERIFIED","yes",""
"sg8_5","8","EXAM_STUDY_GUIDE_BANK","sg8_5","sg8_5","MCQ_official_study_guide","yes","yes","yes","no","no","no","no","no","","yes","VERIFIED","yes",""
"sg8_6","8","EXAM_STUDY_GUIDE_BANK","sg8_6","sg8_6","MCQ_official_study_guide","yes","yes","yes","no","no","no","no","no","","yes","VERIFIED","yes",""
"sg8_7","8","EXAM_STUDY_GUIDE_BANK","sg8_7","sg8_7","MCQ_official_study_guide","yes","yes","yes","no","no","no","no","no","","yes","VERIFIED","yes",""
"sg8_8","8","EXAM_STUDY_GUIDE_BANK","sg8_8","sg8_8","MCQ_official_study_guide","yes","yes","yes","no","no","no","no","no","","yes","VERIFIED","yes",""
"sg8_9","8","EXAM_STUDY_GUIDE_BANK","sg8_9","sg8_9","MCQ_official_study_guide","yes","yes","yes","no","no","no","no","no","","yes","VERIFIED","yes",""
"sg8_10","8","EXAM_STUDY_GUIDE_BANK","sg8_10","sg8_10","MCQ_official_study_guide","yes","yes","yes","no","no","no","no","no","","yes","VERIFIED","yes",""
"sg9_1","9","EXAM_STUDY_GUIDE_BANK","sg9_1","sg9_1","MCQ_official_study_guide","yes","yes","yes","no","no","no","no","no","","yes","VERIFIED","yes",""
"sg9_2","9","EXAM_STUDY_GUIDE_BANK","sg9_2","sg9_2","MCQ_official_study_guide","yes","yes","yes","no","no","no","no","no","","yes","VERIFIED","yes",""
"sg9_3","9","EXAM_STUDY_GUIDE_BANK","sg9_3","sg9_3","MCQ_official_study_guide","yes","yes","yes","no","no","no","no","no","","yes","VERIFIED","yes",""
"sg9_4","9","EXAM_STUDY_GUIDE_BANK","sg9_4","sg9_4","MCQ_official_study_guide","yes","yes","yes","no","no","no","no","no","","yes","VERIFIED","yes",""
"sg9_5","9","EXAM_STUDY_GUIDE_BANK","sg9_5","sg9_5","MCQ_official_study_guide","yes","yes","yes","no","no","no","no","no","","yes","VERIFIED","yes",""
"sg9_6","9","EXAM_STUDY_GUIDE_BANK","sg9_6","sg9_6","MCQ_official_study_guide","yes","yes","yes","no","no","no","no","no","","yes","VERIFIED","yes",""
"sg9_7","9","EXAM_STUDY_GUIDE_BANK","sg9_7","sg9_7","MCQ_official_study_guide","yes","yes","yes","no","no","no","no","no","","yes","VERIFIED","yes",""
"sg9_8","9","EXAM_STUDY_GUIDE_BANK","sg9_8","sg9_8","MCQ_official_study_guide","yes","yes","yes","no","no","no","no","no","","yes","VERIFIED","yes",""
"sg9_9","9","EXAM_STUDY_GUIDE_BANK","sg9_9","sg9_9","MCQ_official_study_guide","yes","yes","yes","no","no","no","no","no","","yes","VERIFIED","yes",""
"sg9_10","9","EXAM_STUDY_GUIDE_BANK","sg9_10","sg9_10","MCQ_official_study_guide","yes","yes","yes","no","no","no","no","no","","yes","VERIFIED","yes",""
"appb_2","9","EXAM_STUDY_GUIDE_BANK","appb_2","appb_2","MCQ_official_study_guide","yes","yes","yes","no","no","no","no","no","","yes","VERIFIED","yes",""
"appb_10","9","EXAM_STUDY_GUIDE_BANK","appb_10","appb_10","MCQ_official_study_guide","yes","yes","yes","no","no","no","no","no","","yes","VERIFIED","yes",""
"appb_18","9","EXAM_STUDY_GUIDE_BANK","appb_18","appb_18","MCQ_official_study_guide","yes","yes","yes","no","no","no","no","no","","yes","VERIFIED","yes",""
"sg10_1","10","EXAM_STUDY_GUIDE_BANK","sg10_1","sg10_1","MCQ_official_study_guide","yes","yes","yes","no","no","no","no","no","","yes","VERIFIED","yes",""
"sg10_2","10","EXAM_STUDY_GUIDE_BANK","sg10_2","sg10_2","MCQ_official_study_guide","yes","yes","yes","no","no","no","no","no","","yes","VERIFIED","yes",""
"sg10_3","10","EXAM_STUDY_GUIDE_BANK","sg10_3","sg10_3","MCQ_official_study_guide","yes","yes","yes","no","no","no","no","no","","yes","VERIFIED","yes",""
"sg10_4","10","EXAM_STUDY_GUIDE_BANK","sg10_4","sg10_4","MCQ_official_study_guide","yes","yes","yes","no","no","no","no","no","","yes","VERIFIED","yes",""
"sg10_5","10","EXAM_STUDY_GUIDE_BANK","sg10_5","sg10_5","MCQ_official_study_guide","yes","yes","yes","no","no","no","no","no","","yes","VERIFIED","yes",""
"sg10_6","10","EXAM_STUDY_GUIDE_BANK","sg10_6","sg10_6","MCQ_official_study_guide","yes","yes","yes","no","no","no","no","no","","yes","VERIFIED","yes",""
"sg10_7","10","EXAM_STUDY_GUIDE_BANK","sg10_7","sg10_7","MCQ_official_study_guide","yes","yes","yes","no","no","no","no","no","","yes","VERIFIED","yes",""
"sg10_8","10","EXAM_STUDY_GUIDE_BANK","sg10_8","sg10_8","MCQ_official_study_guide","yes","yes","yes","no","no","no","no","no","","yes","VERIFIED","yes",""
"sg10_9","10","EXAM_STUDY_GUIDE_BANK","sg10_9","sg10_9","MCQ_official_study_guide","yes","yes","yes","no","no","no","no","no","","yes","VERIFIED","yes",""
"sg10_10","10","EXAM_STUDY_GUIDE_BANK","sg10_10","sg10_10","MCQ_official_study_guide","yes","yes","yes","no","no","no","no","no","","yes","VERIFIED","yes",""
"sg10_11","10","EXAM_STUDY_GUIDE_BANK","sg10_11","sg10_11","MCQ_official_study_guide","yes","yes","yes","no","no","no","no","no","","yes","VERIFIED","yes",""
"sg10_12","10","EXAM_STUDY_GUIDE_BANK","sg10_12","sg10_12","MCQ_official_study_guide","yes","yes","yes","no","no","no","no","no","","yes","VERIFIED","yes",""
"appa_2a","10","EXAM_STUDY_GUIDE_BANK","appa_2a","appa_2a","MCQ_official_study_guide","yes","yes","yes","no","no","no","no","no","","yes","VERIFIED","yes",""
"appa_2b","10","EXAM_STUDY_GUIDE_BANK","appa_2b","appa_2b","MCQ_official_study_guide","yes","yes","yes","no","no","no","no","no","","yes","VERIFIED","yes",""
"appa_2c","10","EXAM_STUDY_GUIDE_BANK","appa_2c","appa_2c","MCQ_official_study_guide","yes","yes","yes","no","no","no","no","no","","yes","VERIFIED","yes",""
"appa_2d","10","EXAM_STUDY_GUIDE_BANK","appa_2d","appa_2d","MCQ_official_study_guide","yes","yes","yes","no","no","no","no","no","","yes","VERIFIED","yes",""
"appa_2e","10","EXAM_STUDY_GUIDE_BANK","appa_2e","appa_2e","MCQ_official_study_guide","yes","yes","yes","no","no","no","no","no","","yes","SOURCE SUPPORT INSUFFICIENT","yes",""
"appa_2f","10","EXAM_STUDY_GUIDE_BANK","appa_2f","appa_2f","MCQ_official_study_guide","yes","yes","yes","no","no","no","no","no","","yes","VERIFIED","yes",""
"appa_2g","10","EXAM_STUDY_GUIDE_BANK","appa_2g","appa_2g","MCQ_official_study_guide","yes","yes","yes","no","no","no","no","no","","yes","VERIFIED","yes",""
"sg11_1","11","EXAM_STUDY_GUIDE_BANK","sg11_1","sg11_1","MCQ_official_study_guide","yes","yes","yes","no","no","no","no","no","","yes","VERIFIED","yes",""
"sg11_2","11","EXAM_STUDY_GUIDE_BANK","sg11_2","sg11_2","MCQ_official_study_guide","yes","yes","yes","no","no","no","no","no","","yes","VERIFIED","yes",""
"sg11_3","11","EXAM_STUDY_GUIDE_BANK","sg11_3","sg11_3","MCQ_official_study_guide","yes","yes","yes","no","no","no","no","no","","yes","VERIFIED","yes",""
"sg11_4a","11","EXAM_STUDY_GUIDE_BANK","sg11_4a","sg11_4a","MCQ_official_study_guide","yes","yes","yes","no","no","no","no","no","","yes","VERIFIED","yes",""
"sg11_4b","11","EXAM_STUDY_GUIDE_BANK","sg11_4b","sg11_4b","MCQ_official_study_guide","yes","yes","yes","no","no","no","no","no","","yes","VERIFIED","yes",""
"sg11_4c","11","EXAM_STUDY_GUIDE_BANK","sg11_4c","sg11_4c","MCQ_official_study_guide","yes","yes","yes","no","no","no","no","no","","yes","VERIFIED","yes",""
"sg11_5a","11","EXAM_STUDY_GUIDE_BANK","sg11_5a","sg11_5a","MCQ_official_study_guide","yes","yes","yes","no","no","no","no","no","","yes","VERIFIED","yes",""
"sg11_5b","11","EXAM_STUDY_GUIDE_BANK","sg11_5b","sg11_5b","MCQ_official_study_guide","yes","yes","yes","no","no","no","no","no","","yes","VERIFIED","yes",""
"sg11_5c","11","EXAM_STUDY_GUIDE_BANK","sg11_5c","sg11_5c","MCQ_official_study_guide","yes","yes","yes","no","no","no","no","no","","yes","VERIFIED","yes",""
"sg11_5d","11","EXAM_STUDY_GUIDE_BANK","sg11_5d","sg11_5d","MCQ_official_study_guide","yes","yes","yes","no","no","no","no","no","","yes","VERIFIED","yes",""
"sg11_6a","11","EXAM_STUDY_GUIDE_BANK","sg11_6a","sg11_6a","MCQ_official_study_guide","yes","yes","yes","no","no","no","no","no","","yes","VERIFIED","yes",""
"sg11_6b","11","EXAM_STUDY_GUIDE_BANK","sg11_6b","sg11_6b","MCQ_official_study_guide","yes","yes","yes","no","no","no","no","no","","yes","VERIFIED","yes",""
"sg11_6c","11","EXAM_STUDY_GUIDE_BANK","sg11_6c","sg11_6c","MCQ_official_study_guide","yes","yes","yes","no","no","no","no","no","","yes","VERIFIED","yes",""
"sg11_6d","11","EXAM_STUDY_GUIDE_BANK","sg11_6d","sg11_6d","MCQ_official_study_guide","yes","yes","yes","no","no","no","no","no","","yes","VERIFIED","yes",""
"sg11_7","11","EXAM_STUDY_GUIDE_BANK","sg11_7","sg11_7","MCQ_official_study_guide","yes","yes","yes","no","no","no","no","no","","yes","VERIFIED","yes",""
"sg11_8","11","EXAM_STUDY_GUIDE_BANK","sg11_8","sg11_8","MCQ_official_study_guide","yes","yes","yes","no","no","no","no","no","","yes","VERIFIED","yes",""
"sg11_9","11","EXAM_STUDY_GUIDE_BANK","sg11_9","sg11_9","MCQ_official_study_guide","yes","yes","yes","no","no","no","no","no","","yes","VERIFIED","yes",""
"sg11_10","11","EXAM_STUDY_GUIDE_BANK","sg11_10","sg11_10","MCQ_official_study_guide","yes","yes","yes","no","no","no","no","no","","yes","VERIFIED","yes",""
"sg12_1","12","EXAM_STUDY_GUIDE_BANK","sg12_1","sg12_1","MCQ_official_study_guide","yes","yes","yes","no","no","no","no","no","","yes","VERIFIED","yes",""
"sg12_2","12","EXAM_STUDY_GUIDE_BANK","sg12_2","sg12_2","MCQ_official_study_guide","yes","yes","yes","no","no","no","no","no","","yes","VERIFIED","yes",""
"sg12_3","12","EXAM_STUDY_GUIDE_BANK","sg12_3","sg12_3","MCQ_official_study_guide","yes","yes","yes","no","no","no","no","no","","yes","VERIFIED","yes",""
"sg12_4","12","EXAM_STUDY_GUIDE_BANK","sg12_4","sg12_4","MCQ_official_study_guide","yes","yes","yes","no","no","no","no","no","","yes","VERIFIED","yes",""
"sg12_5","12","EXAM_STUDY_GUIDE_BANK","sg12_5","sg12_5","MCQ_official_study_guide","yes","yes","yes","no","no","no","no","no","","yes","VERIFIED","yes",""
"sg12_6","12","EXAM_STUDY_GUIDE_BANK","sg12_6","sg12_6","MCQ_official_study_guide","yes","yes","yes","no","no","no","no","no","","yes","VERIFIED","yes",""
"sg12_7","12","EXAM_STUDY_GUIDE_BANK","sg12_7","sg12_7","MCQ_official_study_guide","yes","yes","yes","no","no","no","no","no","","yes","VERIFIED","yes",""
"sg12_8","12","EXAM_STUDY_GUIDE_BANK","sg12_8","sg12_8","MCQ_official_study_guide","yes","yes","yes","no","no","no","no","no","","yes","VERIFIED","yes",""
"sg12_9","12","EXAM_STUDY_GUIDE_BANK","sg12_9","sg12_9","MCQ_official_study_guide","yes","yes","yes","no","no","no","no","no","","yes","VERIFIED","yes",""
"sg12_10","12","EXAM_STUDY_GUIDE_BANK","sg12_10","sg12_10","MCQ_official_study_guide","yes","yes","yes","no","no","no","no","no","","yes","VERIFIED","yes",""
"appb_11","12","EXAM_STUDY_GUIDE_BANK","appb_11","appb_11","MCQ_official_study_guide","yes","yes","yes","no","no","no","no","no","","yes","VERIFIED","yes",""
"sg13_1","13","EXAM_STUDY_GUIDE_BANK","sg13_1","sg13_1","MCQ_official_study_guide","yes","yes","yes","no","no","no","no","no","","yes","UNAUDITED","no",""
"sg13_2","13","EXAM_STUDY_GUIDE_BANK","sg13_2","sg13_2","MCQ_official_study_guide","yes","yes","yes","no","no","no","no","no","","yes","UNAUDITED","no",""
"sg13_3","13","EXAM_STUDY_GUIDE_BANK","sg13_3","sg13_3","MCQ_official_study_guide","yes","yes","yes","no","no","no","no","no","","yes","UNAUDITED","no",""
"sg13_4","13","EXAM_STUDY_GUIDE_BANK","sg13_4","sg13_4","MCQ_official_study_guide","yes","yes","yes","no","no","no","no","no","","yes","UNAUDITED","no",""
"sg13_5","13","EXAM_STUDY_GUIDE_BANK","sg13_5","sg13_5","MCQ_official_study_guide","yes","yes","yes","no","no","no","no","no","","yes","UNAUDITED","no",""
"sg13_6","13","EXAM_STUDY_GUIDE_BANK","sg13_6","sg13_6","MCQ_official_study_guide","yes","yes","yes","no","no","no","no","no","","yes","UNAUDITED","no",""
"sg13_7","13","EXAM_STUDY_GUIDE_BANK","sg13_7","sg13_7","MCQ_official_study_guide","yes","yes","yes","no","no","no","no","no","","yes","UNAUDITED","no",""
"sg13_8","13","EXAM_STUDY_GUIDE_BANK","sg13_8","sg13_8","MCQ_official_study_guide","yes","yes","yes","no","no","no","no","no","","yes","UNAUDITED","no",""
"sg13_9","13","EXAM_STUDY_GUIDE_BANK","sg13_9","sg13_9","MCQ_official_study_guide","yes","yes","yes","no","no","no","no","no","","yes","UNAUDITED","no",""
"sg13_10","13","EXAM_STUDY_GUIDE_BANK","sg13_10","sg13_10","MCQ_official_study_guide","yes","yes","yes","no","no","no","no","no","","yes","UNAUDITED","no",""
"appb_12","13","EXAM_STUDY_GUIDE_BANK","appb_12","appb_12","MCQ_official_study_guide","yes","yes","yes","no","no","no","no","no","","yes","UNAUDITED","no",""
"appb_19","13","EXAM_STUDY_GUIDE_BANK","appb_19","appb_19","MCQ_official_study_guide","yes","yes","yes","no","no","no","no","no","","yes","UNAUDITED","no",""
"sg14_1","14","EXAM_STUDY_GUIDE_BANK","sg14_1","sg14_1","MCQ_official_study_guide","yes","yes","yes","no","no","no","no","no","","yes","UNAUDITED","no",""
"sg14_2","14","EXAM_STUDY_GUIDE_BANK","sg14_2","sg14_2","MCQ_official_study_guide","yes","yes","yes","no","no","no","no","no","","yes","UNAUDITED","no",""
"sg14_3","14","EXAM_STUDY_GUIDE_BANK","sg14_3","sg14_3","MCQ_official_study_guide","yes","yes","yes","no","no","no","no","no","","yes","UNAUDITED","no",""
"sg14_4","14","EXAM_STUDY_GUIDE_BANK","sg14_4","sg14_4","MCQ_official_study_guide","yes","yes","yes","no","no","no","no","no","","yes","UNAUDITED","no",""
"sg14_5","14","EXAM_STUDY_GUIDE_BANK","sg14_5","sg14_5","MCQ_official_study_guide","yes","yes","yes","no","no","no","no","no","","yes","UNAUDITED","no",""
"sg14_6","14","EXAM_STUDY_GUIDE_BANK","sg14_6","sg14_6","MCQ_official_study_guide","yes","yes","yes","no","no","no","no","no","","yes","UNAUDITED","no",""
"sg14_7","14","EXAM_STUDY_GUIDE_BANK","sg14_7","sg14_7","MCQ_official_study_guide","yes","yes","yes","no","no","no","no","no","","yes","UNAUDITED","no",""
"sg14_8","14","EXAM_STUDY_GUIDE_BANK","sg14_8","sg14_8","MCQ_official_study_guide","yes","yes","yes","no","no","no","no","no","","yes","UNAUDITED","no",""
"appa_1a","14","EXAM_STUDY_GUIDE_BANK","appa_1a","appa_1a","MCQ_official_study_guide","yes","yes","yes","no","no","no","no","no","","yes","UNAUDITED","no",""
"appa_1b","14","EXAM_STUDY_GUIDE_BANK","appa_1b","appa_1b","MCQ_official_study_guide","yes","yes","yes","no","no","no","no","no","","yes","UNAUDITED","no",""
"appa_1c","14","EXAM_STUDY_GUIDE_BANK","appa_1c","appa_1c","MCQ_official_study_guide","yes","yes","yes","no","no","no","no","no","","yes","UNAUDITED","no",""
"appa_1d","14","EXAM_STUDY_GUIDE_BANK","appa_1d","appa_1d","MCQ_official_study_guide","yes","yes","yes","no","no","no","no","no","","yes","UNAUDITED","no",""
"appa_1e","14","EXAM_STUDY_GUIDE_BANK","appa_1e","appa_1e","MCQ_official_study_guide","yes","yes","yes","no","no","no","no","no","","yes","UNAUDITED","no",""
"appa_1f","14","EXAM_STUDY_GUIDE_BANK","appa_1f","appa_1f","MCQ_official_study_guide","yes","yes","yes","no","no","no","no","no","","yes","UNAUDITED","no",""
"appa_1g","14","EXAM_STUDY_GUIDE_BANK","appa_1g","appa_1g","MCQ_official_study_guide","yes","yes","yes","no","no","no","no","no","","yes","UNAUDITED","no",""
"appb_6","14","EXAM_STUDY_GUIDE_BANK","appb_6","appb_6","MCQ_official_study_guide","yes","yes","yes","no","no","no","no","no","","yes","UNAUDITED","no",""
"appb_7","14","EXAM_STUDY_GUIDE_BANK","appb_7","appb_7","MCQ_official_study_guide","yes","yes","yes","no","no","no","no","no","","yes","UNAUDITED","no",""
"sg15_1","15","EXAM_STUDY_GUIDE_BANK","sg15_1","sg15_1","MCQ_official_study_guide","yes","yes","yes","no","no","no","no","no","","yes","UNAUDITED","no",""
"sg15_2","15","EXAM_STUDY_GUIDE_BANK","sg15_2","sg15_2","MCQ_official_study_guide","yes","yes","yes","no","no","no","no","no","","yes","UNAUDITED","no",""
"sg15_3a","15","EXAM_STUDY_GUIDE_BANK","sg15_3a","sg15_3a","MCQ_official_study_guide","yes","yes","yes","no","no","no","no","no","","yes","UNAUDITED","no",""
"sg15_3b","15","EXAM_STUDY_GUIDE_BANK","sg15_3b","sg15_3b","MCQ_official_study_guide","yes","yes","yes","no","no","no","no","no","","yes","UNAUDITED","no",""
"sg15_3c","15","EXAM_STUDY_GUIDE_BANK","sg15_3c","sg15_3c","MCQ_official_study_guide","yes","yes","yes","no","no","no","no","no","","yes","UNAUDITED","no",""
"sg15_4","15","EXAM_STUDY_GUIDE_BANK","sg15_4","sg15_4","MCQ_official_study_guide","yes","yes","yes","no","no","no","no","no","","yes","UNAUDITED","no",""
"sg15_5","15","EXAM_STUDY_GUIDE_BANK","sg15_5","sg15_5","MCQ_official_study_guide","yes","yes","yes","no","no","no","no","no","","yes","UNAUDITED","no",""
"sg15_6","15","EXAM_STUDY_GUIDE_BANK","sg15_6","sg15_6","MCQ_official_study_guide","yes","yes","yes","no","no","no","no","no","","yes","UNAUDITED","no",""
"sg15_7","15","EXAM_STUDY_GUIDE_BANK","sg15_7","sg15_7","MCQ_official_study_guide","yes","yes","yes","no","no","no","no","no","","yes","UNAUDITED","no",""
"appa_1a","15","EXAM_STUDY_GUIDE_BANK","appa_1a","appa_1a","MCQ_official_study_guide","yes","yes","yes","no","no","no","no","no","","yes","UNAUDITED","no",""
"appa_1b","15","EXAM_STUDY_GUIDE_BANK","appa_1b","appa_1b","MCQ_official_study_guide","yes","yes","yes","no","no","no","no","no","","yes","UNAUDITED","no",""
"appa_1c","15","EXAM_STUDY_GUIDE_BANK","appa_1c","appa_1c","MCQ_official_study_guide","yes","yes","yes","no","no","no","no","no","","yes","UNAUDITED","no",""
"appa_1d","15","EXAM_STUDY_GUIDE_BANK","appa_1d","appa_1d","MCQ_official_study_guide","yes","yes","yes","no","no","no","no","no","","yes","UNAUDITED","no",""
"appa_1e","15","EXAM_STUDY_GUIDE_BANK","appa_1e","appa_1e","MCQ_official_study_guide","yes","yes","yes","no","no","no","no","no","","yes","UNAUDITED","no",""
"appa_1f","15","EXAM_STUDY_GUIDE_BANK","appa_1f","appa_1f","MCQ_official_study_guide","yes","yes","yes","no","no","no","no","no","","yes","UNAUDITED","no",""
"appa_1g","15","EXAM_STUDY_GUIDE_BANK","appa_1g","appa_1g","MCQ_official_study_guide","yes","yes","yes","no","no","no","no","no","","yes","UNAUDITED","no",""
"sg16_1","16","EXAM_STUDY_GUIDE_BANK","sg16_1","sg16_1","MCQ_official_study_guide","yes","yes","yes","no","no","no","no","no","","yes","UNAUDITED","no",""
"sg16_2","16","EXAM_STUDY_GUIDE_BANK","sg16_2","sg16_2","MCQ_official_study_guide","yes","yes","yes","no","no","no","no","no","","yes","UNAUDITED","no",""
"sg16_3","16","EXAM_STUDY_GUIDE_BANK","sg16_3","sg16_3","MCQ_official_study_guide","yes","yes","yes","no","no","no","no","no","","yes","UNAUDITED","no",""
"sg16_4","16","EXAM_STUDY_GUIDE_BANK","sg16_4","sg16_4","MCQ_official_study_guide","yes","yes","yes","no","no","no","no","no","","yes","UNAUDITED","no",""
"sg16_5","16","EXAM_STUDY_GUIDE_BANK","sg16_5","sg16_5","MCQ_official_study_guide","yes","yes","yes","no","no","no","no","no","","yes","UNAUDITED","no",""
"sg16_6","16","EXAM_STUDY_GUIDE_BANK","sg16_6","sg16_6","MCQ_official_study_guide","yes","yes","yes","no","no","no","no","no","","yes","UNAUDITED","no",""
"sg16_7","16","EXAM_STUDY_GUIDE_BANK","sg16_7","sg16_7","MCQ_official_study_guide","yes","yes","yes","no","no","no","no","no","","yes","UNAUDITED","no",""
"sg16_8","16","EXAM_STUDY_GUIDE_BANK","sg16_8","sg16_8","MCQ_official_study_guide","yes","yes","yes","no","no","no","no","no","","yes","UNAUDITED","no",""
"sg16_9","16","EXAM_STUDY_GUIDE_BANK","sg16_9","sg16_9","MCQ_official_study_guide","yes","yes","yes","no","no","no","no","no","","yes","UNAUDITED","no",""
"sg17_1","17","EXAM_STUDY_GUIDE_BANK","sg17_1","sg17_1","MCQ_official_study_guide","yes","yes","yes","no","no","no","no","no","","yes","UNAUDITED","no",""
"sg17_2","17","EXAM_STUDY_GUIDE_BANK","sg17_2","sg17_2","MCQ_official_study_guide","yes","yes","yes","no","no","no","no","no","","yes","UNAUDITED","no",""
"sg17_3","17","EXAM_STUDY_GUIDE_BANK","sg17_3","sg17_3","MCQ_official_study_guide","yes","yes","yes","no","no","no","no","no","","yes","UNAUDITED","no",""
"sg17_4","17","EXAM_STUDY_GUIDE_BANK","sg17_4","sg17_4","MCQ_official_study_guide","yes","yes","yes","no","no","no","no","no","","yes","UNAUDITED","no",""
"sg17_5","17","EXAM_STUDY_GUIDE_BANK","sg17_5","sg17_5","MCQ_official_study_guide","yes","yes","yes","no","no","no","no","no","","yes","UNAUDITED","no",""
"sg17_6","17","EXAM_STUDY_GUIDE_BANK","sg17_6","sg17_6","MCQ_official_study_guide","yes","yes","yes","no","no","no","no","no","","yes","UNAUDITED","no",""
"sg17_7","17","EXAM_STUDY_GUIDE_BANK","sg17_7","sg17_7","MCQ_official_study_guide","yes","yes","yes","no","no","no","no","no","","yes","UNAUDITED","no",""
"sg17_8","17","EXAM_STUDY_GUIDE_BANK","sg17_8","sg17_8","MCQ_official_study_guide","yes","yes","yes","no","no","no","no","no","","yes","UNAUDITED","no",""
"sg17_9","17","EXAM_STUDY_GUIDE_BANK","sg17_9","sg17_9","MCQ_official_study_guide","yes","yes","yes","no","no","no","no","no","","yes","UNAUDITED","no",""
"sg17_10","17","EXAM_STUDY_GUIDE_BANK","sg17_10","sg17_10","MCQ_official_study_guide","yes","yes","yes","no","no","no","no","no","","yes","UNAUDITED","no",""
"appb_13","17","EXAM_STUDY_GUIDE_BANK","appb_13","appb_13","MCQ_official_study_guide","yes","yes","yes","no","no","no","no","no","","yes","UNAUDITED","no",""
"sg18_1","18","EXAM_STUDY_GUIDE_BANK","sg18_1","sg18_1","MCQ_official_study_guide","yes","yes","yes","no","no","no","no","no","","yes","UNAUDITED","no",""
"sg18_2","18","EXAM_STUDY_GUIDE_BANK","sg18_2","sg18_2","MCQ_official_study_guide","yes","yes","yes","no","no","no","no","no","","yes","UNAUDITED","no",""
"sg18_3","18","EXAM_STUDY_GUIDE_BANK","sg18_3","sg18_3","MCQ_official_study_guide","yes","yes","yes","no","no","no","no","no","","yes","UNAUDITED","no",""
"sg18_4","18","EXAM_STUDY_GUIDE_BANK","sg18_4","sg18_4","MCQ_official_study_guide","yes","yes","yes","no","no","no","no","no","","yes","UNAUDITED","no",""
"sg18_5","18","EXAM_STUDY_GUIDE_BANK","sg18_5","sg18_5","MCQ_official_study_guide","yes","yes","yes","no","no","no","no","no","","yes","UNAUDITED","no",""
"sg18_6","18","EXAM_STUDY_GUIDE_BANK","sg18_6","sg18_6","MCQ_official_study_guide","yes","yes","yes","no","no","no","no","no","","yes","UNAUDITED","no",""
"sg18_7","18","EXAM_STUDY_GUIDE_BANK","sg18_7","sg18_7","MCQ_official_study_guide","yes","yes","yes","no","no","no","no","no","","yes","UNAUDITED","no",""
"sg18_8","18","EXAM_STUDY_GUIDE_BANK","sg18_8","sg18_8","MCQ_official_study_guide","yes","yes","yes","no","no","no","no","no","","yes","UNAUDITED","no",""
"sg18_9","18","EXAM_STUDY_GUIDE_BANK","sg18_9","sg18_9","MCQ_official_study_guide","yes","yes","yes","no","no","no","no","no","","yes","UNAUDITED","no",""
"sg18_10","18","EXAM_STUDY_GUIDE_BANK","sg18_10","sg18_10","MCQ_official_study_guide","yes","yes","yes","no","no","no","no","no","","yes","UNAUDITED","no",""
"sg19_1","19","EXAM_STUDY_GUIDE_BANK","sg19_1","sg19_1","MCQ_official_study_guide","yes","yes","yes","no","no","no","no","no","","yes","UNAUDITED","no",""
"sg19_2","19","EXAM_STUDY_GUIDE_BANK","sg19_2","sg19_2","MCQ_official_study_guide","yes","yes","yes","no","no","no","no","no","","yes","UNAUDITED","no",""
"sg19_3","19","EXAM_STUDY_GUIDE_BANK","sg19_3","sg19_3","MCQ_official_study_guide","yes","yes","yes","no","no","no","no","no","","yes","UNAUDITED","no",""
"sg19_4","19","EXAM_STUDY_GUIDE_BANK","sg19_4","sg19_4","MCQ_official_study_guide","yes","yes","yes","no","no","no","no","no","","yes","UNAUDITED","no",""
"sg19_5","19","EXAM_STUDY_GUIDE_BANK","sg19_5","sg19_5","MCQ_official_study_guide","yes","yes","yes","no","no","no","no","no","","yes","UNAUDITED","no",""
"sg19_6","19","EXAM_STUDY_GUIDE_BANK","sg19_6","sg19_6","MCQ_official_study_guide","yes","yes","yes","no","no","no","no","no","","yes","UNAUDITED","no",""
"sg19_7","19","EXAM_STUDY_GUIDE_BANK","sg19_7","sg19_7","MCQ_official_study_guide","yes","yes","yes","no","no","no","no","no","","yes","UNAUDITED","no",""
"sg19_8","19","EXAM_STUDY_GUIDE_BANK","sg19_8","sg19_8","MCQ_official_study_guide","yes","yes","yes","no","no","no","no","no","","yes","UNAUDITED","no",""
"sg19_9","19","EXAM_STUDY_GUIDE_BANK","sg19_9","sg19_9","MCQ_official_study_guide","yes","yes","yes","no","no","no","no","no","","yes","UNAUDITED","no",""
"sg19_10","19","EXAM_STUDY_GUIDE_BANK","sg19_10","sg19_10","MCQ_official_study_guide","yes","yes","yes","no","no","no","no","no","","yes","UNAUDITED","no",""
"sg19_11","19","EXAM_STUDY_GUIDE_BANK","sg19_11","sg19_11","MCQ_official_study_guide","yes","yes","yes","no","no","no","no","no","","yes","UNAUDITED","no",""
"sg19_12","19","EXAM_STUDY_GUIDE_BANK","sg19_12","sg19_12","MCQ_official_study_guide","yes","yes","yes","no","no","no","no","no","","yes","UNAUDITED","no",""
"sg19_13","19","EXAM_STUDY_GUIDE_BANK","sg19_13","sg19_13","MCQ_official_study_guide","yes","yes","yes","no","no","no","no","no","","yes","UNAUDITED","no",""
"sg19_14","19","EXAM_STUDY_GUIDE_BANK","sg19_14","sg19_14","MCQ_official_study_guide","yes","yes","yes","no","no","no","no","no","","yes","UNAUDITED","no",""
"sg19_15","19","EXAM_STUDY_GUIDE_BANK","sg19_15","sg19_15","MCQ_official_study_guide","yes","yes","yes","no","no","no","no","no","","yes","UNAUDITED","no",""
"sg19_16","19","EXAM_STUDY_GUIDE_BANK","sg19_16","sg19_16","MCQ_official_study_guide","yes","yes","yes","no","no","no","no","no","","yes","UNAUDITED","no",""
"sg19_17","19","EXAM_STUDY_GUIDE_BANK","sg19_17","sg19_17","MCQ_official_study_guide","yes","yes","yes","no","no","no","no","no","","yes","UNAUDITED","no",""
"sg19_18","19","EXAM_STUDY_GUIDE_BANK","sg19_18","sg19_18","MCQ_official_study_guide","yes","yes","yes","no","no","no","no","no","","yes","UNAUDITED","no",""
"sg20_1","20","EXAM_STUDY_GUIDE_BANK","sg20_1","sg20_1","MCQ_official_study_guide","yes","yes","yes","no","no","no","no","no","","yes","UNAUDITED","no",""
"sg20_2","20","EXAM_STUDY_GUIDE_BANK","sg20_2","sg20_2","MCQ_official_study_guide","yes","yes","yes","no","no","no","no","no","","yes","UNAUDITED","no",""
"sg20_3","20","EXAM_STUDY_GUIDE_BANK","sg20_3","sg20_3","MCQ_official_study_guide","yes","yes","yes","no","no","no","no","no","","yes","UNAUDITED","no",""
"sg20_4","20","EXAM_STUDY_GUIDE_BANK","sg20_4","sg20_4","MCQ_official_study_guide","yes","yes","yes","no","no","no","no","no","","yes","UNAUDITED","no",""
"sg20_5","20","EXAM_STUDY_GUIDE_BANK","sg20_5","sg20_5","MCQ_official_study_guide","yes","yes","yes","no","no","no","no","no","","yes","UNAUDITED","no",""
"sg20_6","20","EXAM_STUDY_GUIDE_BANK","sg20_6","sg20_6","MCQ_official_study_guide","yes","yes","yes","no","no","no","no","no","","yes","UNAUDITED","no",""
"sg20_7","20","EXAM_STUDY_GUIDE_BANK","sg20_7","sg20_7","MCQ_official_study_guide","yes","yes","yes","no","no","no","no","no","","yes","UNAUDITED","no",""
"sg20_8","20","EXAM_STUDY_GUIDE_BANK","sg20_8","sg20_8","MCQ_official_study_guide","yes","yes","yes","no","no","no","no","no","","yes","UNAUDITED","no",""
"sg20_9","20","EXAM_STUDY_GUIDE_BANK","sg20_9","sg20_9","MCQ_official_study_guide","yes","yes","yes","no","no","no","no","no","","yes","UNAUDITED","no",""
"sg20_10","20","EXAM_STUDY_GUIDE_BANK","sg20_10","sg20_10","MCQ_official_study_guide","yes","yes","yes","no","no","no","no","no","","yes","UNAUDITED","no",""
"sg20_11","20","EXAM_STUDY_GUIDE_BANK","sg20_11","sg20_11","MCQ_official_study_guide","yes","yes","yes","no","no","no","no","no","","yes","UNAUDITED","no",""
"sg20_12","20","EXAM_STUDY_GUIDE_BANK","sg20_12","sg20_12","MCQ_official_study_guide","yes","yes","yes","no","no","no","no","no","","yes","UNAUDITED","no",""
"sg20_13","20","EXAM_STUDY_GUIDE_BANK","sg20_13","sg20_13","MCQ_official_study_guide","yes","yes","yes","no","no","no","no","no","","yes","UNAUDITED","no",""
"sg20_14","20","EXAM_STUDY_GUIDE_BANK","sg20_14","sg20_14","MCQ_official_study_guide","yes","yes","yes","no","no","no","no","no","","yes","UNAUDITED","no",""
"appa_5a","20","EXAM_STUDY_GUIDE_BANK","appa_5a","appa_5a","MCQ_official_study_guide","yes","yes","yes","no","no","no","no","no","","yes","UNAUDITED","no",""
"appa_5b","20","EXAM_STUDY_GUIDE_BANK","appa_5b","appa_5b","MCQ_official_study_guide","yes","yes","yes","no","no","no","no","no","","yes","UNAUDITED","no",""
"appa_5c","20","EXAM_STUDY_GUIDE_BANK","appa_5c","appa_5c","MCQ_official_study_guide","yes","yes","yes","no","no","no","no","no","","yes","UNAUDITED","no",""
"appa_5d","20","EXAM_STUDY_GUIDE_BANK","appa_5d","appa_5d","MCQ_official_study_guide","yes","yes","yes","no","no","no","no","no","","yes","UNAUDITED","no",""
"appa_5e","20","EXAM_STUDY_GUIDE_BANK","appa_5e","appa_5e","MCQ_official_study_guide","yes","yes","yes","no","no","no","no","no","","yes","UNAUDITED","no",""
"appa_5f","20","EXAM_STUDY_GUIDE_BANK","appa_5f","appa_5f","MCQ_official_study_guide","yes","yes","yes","no","no","no","no","no","","yes","UNAUDITED","no",""
"appa_5g","20","EXAM_STUDY_GUIDE_BANK","appa_5g","appa_5g","MCQ_official_study_guide","yes","yes","yes","no","no","no","no","no","","yes","UNAUDITED","no",""
"sg21_1","21","EXAM_STUDY_GUIDE_BANK","sg21_1","sg21_1","MCQ_official_study_guide","yes","yes","yes","no","no","no","no","no","","yes","UNAUDITED","no",""
"sg21_2","21","EXAM_STUDY_GUIDE_BANK","sg21_2","sg21_2","MCQ_official_study_guide","yes","yes","yes","no","no","no","no","no","","yes","UNAUDITED","no",""
"sg21_3","21","EXAM_STUDY_GUIDE_BANK","sg21_3","sg21_3","MCQ_official_study_guide","yes","yes","yes","no","no","no","no","no","","yes","UNAUDITED","no",""
"sg21_4","21","EXAM_STUDY_GUIDE_BANK","sg21_4","sg21_4","MCQ_official_study_guide","yes","yes","yes","no","no","no","no","no","","yes","UNAUDITED","no",""
"sg21_5","21","EXAM_STUDY_GUIDE_BANK","sg21_5","sg21_5","MCQ_official_study_guide","yes","yes","yes","no","no","no","no","no","","yes","UNAUDITED","no",""
"sg21_6","21","EXAM_STUDY_GUIDE_BANK","sg21_6","sg21_6","MCQ_official_study_guide","yes","yes","yes","no","no","no","no","no","","yes","UNAUDITED","no",""
"sg21_7","21","EXAM_STUDY_GUIDE_BANK","sg21_7","sg21_7","MCQ_official_study_guide","yes","yes","yes","no","no","no","no","no","","yes","UNAUDITED","no",""
"sg21_8","21","EXAM_STUDY_GUIDE_BANK","sg21_8","sg21_8","MCQ_official_study_guide","yes","yes","yes","no","no","no","no","no","","yes","UNAUDITED","no",""
"sg21_9","21","EXAM_STUDY_GUIDE_BANK","sg21_9","sg21_9","MCQ_official_study_guide","yes","yes","yes","no","no","no","no","no","","yes","UNAUDITED","no",""
"sg21_10","21","EXAM_STUDY_GUIDE_BANK","sg21_10","sg21_10","MCQ_official_study_guide","yes","yes","yes","no","no","no","no","no","","yes","UNAUDITED","no",""
"sg22_1","22","EXAM_STUDY_GUIDE_BANK","sg22_1","sg22_1","MCQ_official_study_guide","yes","yes","yes","no","no","no","no","no","","yes","UNAUDITED","no",""
"sg22_2","22","EXAM_STUDY_GUIDE_BANK","sg22_2","sg22_2","MCQ_official_study_guide","yes","yes","yes","no","no","no","no","no","","yes","UNAUDITED","no",""
"sg22_3","22","EXAM_STUDY_GUIDE_BANK","sg22_3","sg22_3","MCQ_official_study_guide","yes","yes","yes","no","no","no","no","no","","yes","UNAUDITED","no",""
"sg22_4","22","EXAM_STUDY_GUIDE_BANK","sg22_4","sg22_4","MCQ_official_study_guide","yes","yes","yes","no","no","no","no","no","","yes","UNAUDITED","no",""
"sg22_5","22","EXAM_STUDY_GUIDE_BANK","sg22_5","sg22_5","MCQ_official_study_guide","yes","yes","yes","no","no","no","no","no","","yes","UNAUDITED","no",""
"sg22_6","22","EXAM_STUDY_GUIDE_BANK","sg22_6","sg22_6","MCQ_official_study_guide","yes","yes","yes","no","no","no","no","no","","yes","UNAUDITED","no",""
"sg22_7","22","EXAM_STUDY_GUIDE_BANK","sg22_7","sg22_7","MCQ_official_study_guide","yes","yes","yes","no","no","no","no","no","","yes","UNAUDITED","no",""
"sg22_8","22","EXAM_STUDY_GUIDE_BANK","sg22_8","sg22_8","MCQ_official_study_guide","yes","yes","yes","no","no","no","no","no","","yes","UNAUDITED","no",""
"sg22_9","22","EXAM_STUDY_GUIDE_BANK","sg22_9","sg22_9","MCQ_official_study_guide","yes","yes","yes","no","no","no","no","no","","yes","UNAUDITED","no",""
"sg22_10","22","EXAM_STUDY_GUIDE_BANK","sg22_10","sg22_10","MCQ_official_study_guide","yes","yes","yes","no","no","no","no","no","","yes","UNAUDITED","no",""
"sg23_1","23","EXAM_STUDY_GUIDE_BANK","sg23_1","sg23_1","MCQ_official_study_guide","yes","yes","yes","no","no","no","no","no","","yes","UNAUDITED","no",""
"sg23_2","23","EXAM_STUDY_GUIDE_BANK","sg23_2","sg23_2","MCQ_official_study_guide","yes","yes","yes","no","no","no","no","no","","yes","UNAUDITED","no",""
"sg23_3","23","EXAM_STUDY_GUIDE_BANK","sg23_3","sg23_3","MCQ_official_study_guide","yes","yes","yes","no","no","no","no","no","","yes","UNAUDITED","no",""
"sg23_4","23","EXAM_STUDY_GUIDE_BANK","sg23_4","sg23_4","MCQ_official_study_guide","yes","yes","yes","no","no","no","no","no","","yes","UNAUDITED","no",""
"sg23_5","23","EXAM_STUDY_GUIDE_BANK","sg23_5","sg23_5","MCQ_official_study_guide","yes","yes","yes","no","no","no","no","no","","yes","UNAUDITED","no",""
"sg23_6","23","EXAM_STUDY_GUIDE_BANK","sg23_6","sg23_6","MCQ_official_study_guide","yes","yes","yes","no","no","no","no","no","","yes","UNAUDITED","no",""
"sg23_7","23","EXAM_STUDY_GUIDE_BANK","sg23_7","sg23_7","MCQ_official_study_guide","yes","yes","yes","no","no","no","no","no","","yes","UNAUDITED","no",""
"sg23_8","23","EXAM_STUDY_GUIDE_BANK","sg23_8","sg23_8","MCQ_official_study_guide","yes","yes","yes","no","no","no","no","no","","yes","UNAUDITED","no",""
"sg23_9","23","EXAM_STUDY_GUIDE_BANK","sg23_9","sg23_9","MCQ_official_study_guide","yes","yes","yes","no","no","no","no","no","","yes","UNAUDITED","no",""
"sg23_10","23","EXAM_STUDY_GUIDE_BANK","sg23_10","sg23_10","MCQ_official_study_guide","yes","yes","yes","no","no","no","no","no","","yes","UNAUDITED","no",""
"appb_15","23","EXAM_STUDY_GUIDE_BANK","appb_15","appb_15","MCQ_official_study_guide","yes","yes","yes","no","no","no","no","no","","yes","UNAUDITED","no",""
"appb_17","23","EXAM_STUDY_GUIDE_BANK","appb_17","appb_17","MCQ_official_study_guide","yes","yes","yes","no","no","no","no","no","","yes","UNAUDITED","no",""
"sg24_1","24","EXAM_STUDY_GUIDE_BANK","sg24_1","sg24_1","MCQ_official_study_guide","yes","yes","yes","no","no","no","no","no","","yes","UNAUDITED","no",""
"sg24_2","24","EXAM_STUDY_GUIDE_BANK","sg24_2","sg24_2","MCQ_official_study_guide","yes","yes","yes","no","no","no","no","no","","yes","UNAUDITED","no",""
"sg24_3","24","EXAM_STUDY_GUIDE_BANK","sg24_3","sg24_3","MCQ_official_study_guide","yes","yes","yes","no","no","no","no","no","","yes","UNAUDITED","no",""
"sg24_4","24","EXAM_STUDY_GUIDE_BANK","sg24_4","sg24_4","MCQ_official_study_guide","yes","yes","yes","no","no","no","no","no","","yes","UNAUDITED","no",""
"sg24_5","24","EXAM_STUDY_GUIDE_BANK","sg24_5","sg24_5","MCQ_official_study_guide","yes","yes","yes","no","no","no","no","no","","yes","UNAUDITED","no",""
"sg24_6","24","EXAM_STUDY_GUIDE_BANK","sg24_6","sg24_6","MCQ_official_study_guide","yes","yes","yes","no","no","no","no","no","","yes","UNAUDITED","no",""
"sg24_7","24","EXAM_STUDY_GUIDE_BANK","sg24_7","sg24_7","MCQ_official_study_guide","yes","yes","yes","no","no","no","no","no","","yes","UNAUDITED","no",""
"sg24_8","24","EXAM_STUDY_GUIDE_BANK","sg24_8","sg24_8","MCQ_official_study_guide","yes","yes","yes","no","no","no","no","no","","yes","UNAUDITED","no",""
"sg24_9","24","EXAM_STUDY_GUIDE_BANK","sg24_9","sg24_9","MCQ_official_study_guide","yes","yes","yes","no","no","no","no","no","","yes","UNAUDITED","no",""
"sg24_10","24","EXAM_STUDY_GUIDE_BANK","sg24_10","sg24_10","MCQ_official_study_guide","yes","yes","yes","no","no","no","no","no","","yes","UNAUDITED","no",""
"sg25_1","25","EXAM_STUDY_GUIDE_BANK","sg25_1","sg25_1","MCQ_official_study_guide","yes","yes","yes","no","no","no","no","no","","yes","UNAUDITED","no",""
"sg25_2","25","EXAM_STUDY_GUIDE_BANK","sg25_2","sg25_2","MCQ_official_study_guide","yes","yes","yes","no","no","no","no","no","","yes","UNAUDITED","no",""
"sg25_3","25","EXAM_STUDY_GUIDE_BANK","sg25_3","sg25_3","MCQ_official_study_guide","yes","yes","yes","no","no","no","no","no","","yes","UNAUDITED","no",""
"sg25_4","25","EXAM_STUDY_GUIDE_BANK","sg25_4","sg25_4","MCQ_official_study_guide","yes","yes","yes","no","no","no","no","no","","yes","UNAUDITED","no",""
"sg25_5","25","EXAM_STUDY_GUIDE_BANK","sg25_5","sg25_5","MCQ_official_study_guide","yes","yes","yes","no","no","no","no","no","","yes","UNAUDITED","no",""
"sg25_6","25","EXAM_STUDY_GUIDE_BANK","sg25_6","sg25_6","MCQ_official_study_guide","yes","yes","yes","no","no","no","no","no","","yes","UNAUDITED","no",""
"sg25_7","25","EXAM_STUDY_GUIDE_BANK","sg25_7","sg25_7","MCQ_official_study_guide","yes","yes","yes","no","no","no","no","no","","yes","UNAUDITED","no",""
"appb_3","25","EXAM_STUDY_GUIDE_BANK","appb_3","appb_3","MCQ_official_study_guide","yes","yes","yes","no","no","no","no","no","","yes","UNAUDITED","no",""
"sg26_1","26","EXAM_STUDY_GUIDE_BANK","sg26_1","sg26_1","MCQ_official_study_guide","yes","yes","yes","no","no","no","no","no","","yes","UNAUDITED","no",""
"sg26_2","26","EXAM_STUDY_GUIDE_BANK","sg26_2","sg26_2","MCQ_official_study_guide","yes","yes","yes","no","no","no","no","no","","yes","UNAUDITED","no",""
"sg26_3","26","EXAM_STUDY_GUIDE_BANK","sg26_3","sg26_3","MCQ_official_study_guide","yes","yes","yes","no","no","no","no","no","","yes","UNAUDITED","no",""
"sg26_4","26","EXAM_STUDY_GUIDE_BANK","sg26_4","sg26_4","MCQ_official_study_guide","yes","yes","yes","no","no","no","no","no","","yes","UNAUDITED","no",""
"sg26_5","26","EXAM_STUDY_GUIDE_BANK","sg26_5","sg26_5","MCQ_official_study_guide","yes","yes","yes","no","no","no","no","no","","yes","UNAUDITED","no",""
"sg26_6","26","EXAM_STUDY_GUIDE_BANK","sg26_6","sg26_6","MCQ_official_study_guide","yes","yes","yes","no","no","no","no","no","","yes","UNAUDITED","no",""
"sg26_7","26","EXAM_STUDY_GUIDE_BANK","sg26_7","sg26_7","MCQ_official_study_guide","yes","yes","yes","no","no","no","no","no","","yes","UNAUDITED","no",""
"sg26_8","26","EXAM_STUDY_GUIDE_BANK","sg26_8","sg26_8","MCQ_official_study_guide","yes","yes","yes","no","no","no","no","no","","yes","UNAUDITED","no",""
"sg26_9","26","EXAM_STUDY_GUIDE_BANK","sg26_9","sg26_9","MCQ_official_study_guide","yes","yes","yes","no","no","no","no","no","","yes","UNAUDITED","no",""
"sg26_10","26","EXAM_STUDY_GUIDE_BANK","sg26_10","sg26_10","MCQ_official_study_guide","yes","yes","yes","no","no","no","no","no","","yes","UNAUDITED","no",""
"sg27_1","27","EXAM_STUDY_GUIDE_BANK","sg27_1","sg27_1","MCQ_official_study_guide","yes","yes","yes","no","no","no","no","no","","yes","UNAUDITED","no",""
"sg27_2","27","EXAM_STUDY_GUIDE_BANK","sg27_2","sg27_2","MCQ_official_study_guide","yes","yes","yes","no","no","no","no","no","","yes","UNAUDITED","no",""
"sg27_3","27","EXAM_STUDY_GUIDE_BANK","sg27_3","sg27_3","MCQ_official_study_guide","yes","yes","yes","no","no","no","no","no","","yes","UNAUDITED","no",""
"sg27_4","27","EXAM_STUDY_GUIDE_BANK","sg27_4","sg27_4","MCQ_official_study_guide","yes","yes","yes","no","no","no","no","no","","yes","UNAUDITED","no",""
"sg27_5","27","EXAM_STUDY_GUIDE_BANK","sg27_5","sg27_5","MCQ_official_study_guide","yes","yes","yes","no","no","no","no","no","","yes","UNAUDITED","no",""
"sg27_6","27","EXAM_STUDY_GUIDE_BANK","sg27_6","sg27_6","MCQ_official_study_guide","yes","yes","yes","no","no","no","no","no","","yes","UNAUDITED","no",""
"sg27_7","27","EXAM_STUDY_GUIDE_BANK","sg27_7","sg27_7","MCQ_official_study_guide","yes","yes","yes","no","no","no","no","no","","yes","UNAUDITED","no",""
"sg27_8","27","EXAM_STUDY_GUIDE_BANK","sg27_8","sg27_8","MCQ_official_study_guide","yes","yes","yes","no","no","no","no","no","","yes","UNAUDITED","no",""
"sg27_9","27","EXAM_STUDY_GUIDE_BANK","sg27_9","sg27_9","MCQ_official_study_guide","yes","yes","yes","no","no","no","no","no","","yes","UNAUDITED","no",""
"sg27_10","27","EXAM_STUDY_GUIDE_BANK","sg27_10","sg27_10","MCQ_official_study_guide","yes","yes","yes","no","no","no","no","no","","yes","UNAUDITED","no",""
"appa_3a","27","EXAM_STUDY_GUIDE_BANK","appa_3a","appa_3a","MCQ_official_study_guide","yes","yes","yes","no","no","no","no","no","","yes","UNAUDITED","no",""
"appa_3b","27","EXAM_STUDY_GUIDE_BANK","appa_3b","appa_3b","MCQ_official_study_guide","yes","yes","yes","no","no","no","no","no","","yes","UNAUDITED","no",""
"appa_3c","27","EXAM_STUDY_GUIDE_BANK","appa_3c","appa_3c","MCQ_official_study_guide","yes","yes","yes","no","no","no","no","no","","yes","UNAUDITED","no",""
"appa_3d","27","EXAM_STUDY_GUIDE_BANK","appa_3d","appa_3d","MCQ_official_study_guide","yes","yes","yes","no","no","no","no","no","","yes","UNAUDITED","no",""
"appa_3e","27","EXAM_STUDY_GUIDE_BANK","appa_3e","appa_3e","MCQ_official_study_guide","yes","yes","yes","no","no","no","no","no","","yes","UNAUDITED","no",""
"appa_3f","27","EXAM_STUDY_GUIDE_BANK","appa_3f","appa_3f","MCQ_official_study_guide","yes","yes","yes","no","no","no","no","no","","yes","UNAUDITED","no",""
"appa_3g","27","EXAM_STUDY_GUIDE_BANK","appa_3g","appa_3g","MCQ_official_study_guide","yes","yes","yes","no","no","no","no","no","","yes","UNAUDITED","no",""
"appb_5","27","EXAM_STUDY_GUIDE_BANK","appb_5","appb_5","MCQ_official_study_guide","yes","yes","yes","no","no","no","no","no","","yes","UNAUDITED","no",""
"appb_16","27","EXAM_STUDY_GUIDE_BANK","appb_16","appb_16","MCQ_official_study_guide","yes","yes","yes","no","no","no","no","no","","yes","UNAUDITED","no",""
"sg28_1","28","EXAM_STUDY_GUIDE_BANK","sg28_1","sg28_1","MCQ_official_study_guide","yes","yes","yes","no","no","no","no","no","","yes","UNAUDITED","no",""
"sg28_2","28","EXAM_STUDY_GUIDE_BANK","sg28_2","sg28_2","MCQ_official_study_guide","yes","yes","yes","no","no","no","no","no","","yes","UNAUDITED","no",""
"sg28_3","28","EXAM_STUDY_GUIDE_BANK","sg28_3","sg28_3","MCQ_official_study_guide","yes","yes","yes","no","no","no","no","no","","yes","UNAUDITED","no",""
"sg28_4","28","EXAM_STUDY_GUIDE_BANK","sg28_4","sg28_4","MCQ_official_study_guide","yes","yes","yes","no","no","no","no","no","","yes","UNAUDITED","no",""
"sg28_5","28","EXAM_STUDY_GUIDE_BANK","sg28_5","sg28_5","MCQ_official_study_guide","yes","yes","yes","no","no","no","no","no","","yes","UNAUDITED","no",""
"sg28_6","28","EXAM_STUDY_GUIDE_BANK","sg28_6","sg28_6","MCQ_official_study_guide","yes","yes","yes","no","no","no","no","no","","yes","UNAUDITED","no",""
"sg28_7","28","EXAM_STUDY_GUIDE_BANK","sg28_7","sg28_7","MCQ_official_study_guide","yes","yes","yes","no","no","no","no","no","","yes","UNAUDITED","no",""
"sg28_8","28","EXAM_STUDY_GUIDE_BANK","sg28_8","sg28_8","MCQ_official_study_guide","yes","yes","yes","no","no","no","no","no","","yes","UNAUDITED","no",""
"sg28_9","28","EXAM_STUDY_GUIDE_BANK","sg28_9","sg28_9","MCQ_official_study_guide","yes","yes","yes","no","no","no","no","no","","yes","UNAUDITED","no",""
"sg28_10","28","EXAM_STUDY_GUIDE_BANK","sg28_10","sg28_10","MCQ_official_study_guide","yes","yes","yes","no","no","no","no","no","","yes","UNAUDITED","no",""
"sg29_1a","29","EXAM_STUDY_GUIDE_BANK","sg29_1a","sg29_1a","MCQ_official_study_guide","yes","yes","yes","no","no","no","no","no","","yes","UNAUDITED","no",""
"sg29_1b","29","EXAM_STUDY_GUIDE_BANK","sg29_1b","sg29_1b","MCQ_official_study_guide","yes","yes","yes","no","no","no","no","no","","yes","UNAUDITED","no",""
"sg29_1c","29","EXAM_STUDY_GUIDE_BANK","sg29_1c","sg29_1c","MCQ_official_study_guide","yes","yes","yes","no","no","no","no","no","","yes","UNAUDITED","no",""
"sg29_1d","29","EXAM_STUDY_GUIDE_BANK","sg29_1d","sg29_1d","MCQ_official_study_guide","yes","yes","yes","no","no","no","no","no","","yes","UNAUDITED","no",""
"sg29_1e","29","EXAM_STUDY_GUIDE_BANK","sg29_1e","sg29_1e","MCQ_official_study_guide","yes","yes","yes","no","no","no","no","no","","yes","UNAUDITED","no",""
"sg29_1f","29","EXAM_STUDY_GUIDE_BANK","sg29_1f","sg29_1f","MCQ_official_study_guide","yes","yes","yes","no","no","no","no","no","","yes","UNAUDITED","no",""
"sg29_2","29","EXAM_STUDY_GUIDE_BANK","sg29_2","sg29_2","MCQ_official_study_guide","yes","yes","yes","no","no","no","no","no","","yes","UNAUDITED","no",""
"sg29_3","29","EXAM_STUDY_GUIDE_BANK","sg29_3","sg29_3","MCQ_official_study_guide","yes","yes","yes","no","no","no","no","no","","yes","UNAUDITED","no",""
"sg29_4","29","EXAM_STUDY_GUIDE_BANK","sg29_4","sg29_4","MCQ_official_study_guide","yes","yes","yes","no","no","no","no","no","","yes","UNAUDITED","no",""
"sg29_5","29","EXAM_STUDY_GUIDE_BANK","sg29_5","sg29_5","MCQ_official_study_guide","yes","yes","yes","no","no","no","no","no","","yes","UNAUDITED","no",""
"sg29_6","29","EXAM_STUDY_GUIDE_BANK","sg29_6","sg29_6","MCQ_official_study_guide","yes","yes","yes","no","no","no","no","no","","yes","UNAUDITED","no",""
"sg30_1","30","EXAM_STUDY_GUIDE_BANK","sg30_1","sg30_1","MCQ_official_study_guide","yes","yes","yes","no","no","no","no","no","","yes","UNAUDITED","no",""
"sg30_2","30","EXAM_STUDY_GUIDE_BANK","sg30_2","sg30_2","MCQ_official_study_guide","yes","yes","yes","no","no","no","no","no","","yes","UNAUDITED","no",""
"sg30_3","30","EXAM_STUDY_GUIDE_BANK","sg30_3","sg30_3","MCQ_official_study_guide","yes","yes","yes","no","no","no","no","no","","yes","UNAUDITED","no",""
"sg30_4","30","EXAM_STUDY_GUIDE_BANK","sg30_4","sg30_4","MCQ_official_study_guide","yes","yes","yes","no","no","no","no","no","","yes","UNAUDITED","no",""
"sg30_5a","30","EXAM_STUDY_GUIDE_BANK","sg30_5a","sg30_5a","MCQ_official_study_guide","yes","yes","yes","no","no","no","no","no","","yes","UNAUDITED","no",""
"sg30_5b","30","EXAM_STUDY_GUIDE_BANK","sg30_5b","sg30_5b","MCQ_official_study_guide","yes","yes","yes","no","no","no","no","no","","yes","UNAUDITED","no",""
"sg30_6a","30","EXAM_STUDY_GUIDE_BANK","sg30_6a","sg30_6a","MCQ_official_study_guide","yes","yes","yes","no","no","no","no","no","","yes","UNAUDITED","no",""
"sg30_6b","30","EXAM_STUDY_GUIDE_BANK","sg30_6b","sg30_6b","MCQ_official_study_guide","yes","yes","yes","no","no","no","no","no","","yes","UNAUDITED","no",""
"sg31_1","31","EXAM_STUDY_GUIDE_BANK","sg31_1","sg31_1","MCQ_official_study_guide","yes","yes","yes","no","no","no","no","no","","yes","UNAUDITED","no",""
"sg31_2","31","EXAM_STUDY_GUIDE_BANK","sg31_2","sg31_2","MCQ_official_study_guide","yes","yes","yes","no","no","no","no","no","","yes","UNAUDITED","no",""
"sg31_3","31","EXAM_STUDY_GUIDE_BANK","sg31_3","sg31_3","MCQ_official_study_guide","yes","yes","yes","no","no","no","no","no","","yes","UNAUDITED","no",""
"sg31_4","31","EXAM_STUDY_GUIDE_BANK","sg31_4","sg31_4","MCQ_official_study_guide","yes","yes","yes","no","no","no","no","no","","yes","UNAUDITED","no",""
"sg31_5","31","EXAM_STUDY_GUIDE_BANK","sg31_5","sg31_5","MCQ_official_study_guide","yes","yes","yes","no","no","no","no","no","","yes","UNAUDITED","no",""
"sg31_6","31","EXAM_STUDY_GUIDE_BANK","sg31_6","sg31_6","MCQ_official_study_guide","yes","yes","yes","no","no","no","no","no","","yes","UNAUDITED","no",""
"sg31_7","31","EXAM_STUDY_GUIDE_BANK","sg31_7","sg31_7","MCQ_official_study_guide","yes","yes","yes","no","no","no","no","no","","yes","UNAUDITED","no",""
"sg31_8","31","EXAM_STUDY_GUIDE_BANK","sg31_8","sg31_8","MCQ_official_study_guide","yes","yes","yes","no","no","no","no","no","","yes","UNAUDITED","no",""
"sg31_9","31","EXAM_STUDY_GUIDE_BANK","sg31_9","sg31_9","MCQ_official_study_guide","yes","yes","yes","no","no","no","no","no","","yes","UNAUDITED","no",""
"sg31_10","31","EXAM_STUDY_GUIDE_BANK","sg31_10","sg31_10","MCQ_official_study_guide","yes","yes","yes","no","no","no","no","no","","yes","UNAUDITED","no",""
"sg31_11","31","EXAM_STUDY_GUIDE_BANK","sg31_11","sg31_11","MCQ_official_study_guide","yes","yes","yes","no","no","no","no","no","","yes","UNAUDITED","no",""
"sg31_12","31","EXAM_STUDY_GUIDE_BANK","sg31_12","sg31_12","MCQ_official_study_guide","yes","yes","yes","no","no","no","no","no","","yes","UNAUDITED","no",""
"sg31_13","31","EXAM_STUDY_GUIDE_BANK","sg31_13","sg31_13","MCQ_official_study_guide","yes","yes","yes","no","no","no","no","no","","yes","UNAUDITED","no",""
"sg31_14","31","EXAM_STUDY_GUIDE_BANK","sg31_14","sg31_14","MCQ_official_study_guide","yes","yes","yes","no","no","no","no","no","","yes","UNAUDITED","no",""
"sg31_15","31","EXAM_STUDY_GUIDE_BANK","sg31_15","sg31_15","MCQ_official_study_guide","yes","yes","yes","no","no","no","no","no","","yes","UNAUDITED","no",""
"sg32_1","32","EXAM_STUDY_GUIDE_BANK","sg32_1","sg32_1","MCQ_official_study_guide","yes","yes","yes","no","no","no","no","no","","yes","UNAUDITED","no",""
"sg32_2","32","EXAM_STUDY_GUIDE_BANK","sg32_2","sg32_2","MCQ_official_study_guide","yes","yes","yes","no","no","no","no","no","","yes","UNAUDITED","no",""
"sg32_3","32","EXAM_STUDY_GUIDE_BANK","sg32_3","sg32_3","MCQ_official_study_guide","yes","yes","yes","no","no","no","no","no","","yes","UNAUDITED","no",""
"sg32_4","32","EXAM_STUDY_GUIDE_BANK","sg32_4","sg32_4","MCQ_official_study_guide","yes","yes","yes","no","no","no","no","no","","yes","UNAUDITED","no",""
"sg32_5","32","EXAM_STUDY_GUIDE_BANK","sg32_5","sg32_5","MCQ_official_study_guide","yes","yes","yes","no","no","no","no","no","","yes","UNAUDITED","no",""
"sg32_6","32","EXAM_STUDY_GUIDE_BANK","sg32_6","sg32_6","MCQ_official_study_guide","yes","yes","yes","no","no","no","no","no","","yes","UNAUDITED","no",""
"sg32_7","32","EXAM_STUDY_GUIDE_BANK","sg32_7","sg32_7","MCQ_official_study_guide","yes","yes","yes","no","no","no","no","no","","yes","UNAUDITED","no",""
"sg32_8","32","EXAM_STUDY_GUIDE_BANK","sg32_8","sg32_8","MCQ_official_study_guide","yes","yes","yes","no","no","no","no","no","","yes","UNAUDITED","no",""
"sg32_9","32","EXAM_STUDY_GUIDE_BANK","sg32_9","sg32_9","MCQ_official_study_guide","yes","yes","yes","no","no","no","no","no","","yes","UNAUDITED","no",""
"sg33_1","33","EXAM_STUDY_GUIDE_BANK","sg33_1","sg33_1","MCQ_official_study_guide","yes","yes","yes","no","no","no","no","no","","yes","UNAUDITED","no",""
"sg33_2","33","EXAM_STUDY_GUIDE_BANK","sg33_2","sg33_2","MCQ_official_study_guide","yes","yes","yes","no","no","no","no","no","","yes","UNAUDITED","no",""
"sg33_3","33","EXAM_STUDY_GUIDE_BANK","sg33_3","sg33_3","MCQ_official_study_guide","yes","yes","yes","no","no","no","no","no","","yes","UNAUDITED","no",""
"sg33_4","33","EXAM_STUDY_GUIDE_BANK","sg33_4","sg33_4","MCQ_official_study_guide","yes","yes","yes","no","no","no","no","no","","yes","UNAUDITED","no",""
"sg33_5","33","EXAM_STUDY_GUIDE_BANK","sg33_5","sg33_5","MCQ_official_study_guide","yes","yes","yes","no","no","no","no","no","","yes","UNAUDITED","no",""
"sg33_6","33","EXAM_STUDY_GUIDE_BANK","sg33_6","sg33_6","MCQ_official_study_guide","yes","yes","yes","no","no","no","no","no","","yes","UNAUDITED","no",""
"sg33_7","33","EXAM_STUDY_GUIDE_BANK","sg33_7","sg33_7","MCQ_official_study_guide","yes","yes","yes","no","no","no","no","no","","yes","UNAUDITED","no",""
"sg33_8","33","EXAM_STUDY_GUIDE_BANK","sg33_8","sg33_8","MCQ_official_study_guide","yes","yes","yes","no","no","no","no","no","","yes","UNAUDITED","no",""
"sg33_9","33","EXAM_STUDY_GUIDE_BANK","sg33_9","sg33_9","MCQ_official_study_guide","yes","yes","yes","no","no","no","no","no","","yes","UNAUDITED","no",""
"sg33_10","33","EXAM_STUDY_GUIDE_BANK","sg33_10","sg33_10","MCQ_official_study_guide","yes","yes","yes","no","no","no","no","no","","yes","UNAUDITED","no",""
"sg34_1","34","EXAM_STUDY_GUIDE_BANK","sg34_1","sg34_1","MCQ_official_study_guide","yes","yes","yes","no","no","no","no","no","","yes","UNAUDITED","no",""
"sg34_2","34","EXAM_STUDY_GUIDE_BANK","sg34_2","sg34_2","MCQ_official_study_guide","yes","yes","yes","no","no","no","no","no","","yes","UNAUDITED","no",""
"sg34_3","34","EXAM_STUDY_GUIDE_BANK","sg34_3","sg34_3","MCQ_official_study_guide","yes","yes","yes","no","no","no","no","no","","yes","UNAUDITED","no",""
"sg34_4","34","EXAM_STUDY_GUIDE_BANK","sg34_4","sg34_4","MCQ_official_study_guide","yes","yes","yes","no","no","no","no","no","","yes","UNAUDITED","no",""
"sg34_5","34","EXAM_STUDY_GUIDE_BANK","sg34_5","sg34_5","MCQ_official_study_guide","yes","yes","yes","no","no","no","no","no","","yes","UNAUDITED","no",""
"sg34_6","34","EXAM_STUDY_GUIDE_BANK","sg34_6","sg34_6","MCQ_official_study_guide","yes","yes","yes","no","no","no","no","no","","yes","UNAUDITED","no",""
"sg34_7","34","EXAM_STUDY_GUIDE_BANK","sg34_7","sg34_7","MCQ_official_study_guide","yes","yes","yes","no","no","no","no","no","","yes","UNAUDITED","no",""
"sg34_8","34","EXAM_STUDY_GUIDE_BANK","sg34_8","sg34_8","MCQ_official_study_guide","yes","yes","yes","no","no","no","no","no","","yes","UNAUDITED","no",""
"sg34_9","34","EXAM_STUDY_GUIDE_BANK","sg34_9","sg34_9","MCQ_official_study_guide","yes","yes","yes","no","no","no","no","no","","yes","UNAUDITED","no",""
"sg34_10","34","EXAM_STUDY_GUIDE_BANK","sg34_10","sg34_10","MCQ_official_study_guide","yes","yes","yes","no","no","no","no","no","","yes","UNAUDITED","no",""
"appb_1","34","EXAM_STUDY_GUIDE_BANK","appb_1","appb_1","MCQ_official_study_guide","yes","yes","yes","no","no","no","no","no","","yes","UNAUDITED","no",""
"appb_14","34","EXAM_STUDY_GUIDE_BANK","appb_14","appb_14","MCQ_official_study_guide","yes","yes","yes","no","no","no","no","no","","yes","UNAUDITED","no",""
"cm5_1","5","V56_CURATED_BANK","cm5_1","cm5_1","MCQ_curated","yes","yes","no","yes","no","no","no","no","","yes","VERIFIED","yes",""
"cm5_2","5","V56_CURATED_BANK","cm5_2","cm5_2","MCQ_curated","yes","yes","no","yes","no","no","no","no","","yes","VERIFIED","yes",""
"cm5_3","5","V56_CURATED_BANK","cm5_3","cm5_3","MCQ_curated","yes","yes","no","yes","no","no","no","no","","yes","VERIFIED","yes",""
"cm5_4","5","V56_CURATED_BANK","cm5_4","cm5_4","MCQ_curated","yes","yes","no","yes","no","no","no","no","","yes","VERIFIED","yes",""
"cm5_5","5","V56_CURATED_BANK","cm5_5","cm5_5","MCQ_curated","yes","yes","no","yes","no","no","no","no","","yes","VERIFIED","yes",""
"cm5_6","5","V56_CURATED_BANK","cm5_6","cm5_6","MCQ_curated","yes","yes","no","yes","no","no","no","no","","yes","VERIFIED","yes",""
"cm5_7","5","V56_CURATED_BANK","cm5_7","cm5_7","MCQ_curated","yes","yes","no","yes","no","no","no","no","","yes","VERIFIED","yes",""
"cm5_8","5","V56_CURATED_BANK","cm5_8","cm5_8","MCQ_curated","yes","yes","no","yes","no","no","no","no","","yes","VERIFIED","yes",""
"cm6_src_1","6","V56_CURATED_BANK","cm6_src_1","cm6_src_1","MCQ_curated","yes","yes","no","yes","no","no","no","no","","yes","VERIFIED","yes",""
"cm6_src_2","6","V56_CURATED_BANK","cm6_src_2","cm6_src_2","MCQ_curated","yes","yes","no","yes","no","no","no","no","","yes","VERIFIED","yes",""
"cm6_src_3","6","V56_CURATED_BANK","cm6_src_3","cm6_src_3","MCQ_curated","yes","yes","no","yes","no","no","no","no","","yes","VERIFIED","yes",""
"cm6_src_4","6","V56_CURATED_BANK","cm6_src_4","cm6_src_4","MCQ_curated","yes","yes","no","yes","no","no","no","no","","yes","VERIFIED","yes",""
"cm6_src_5","6","V56_CURATED_BANK","cm6_src_5","cm6_src_5","MCQ_curated","yes","yes","no","yes","no","no","no","no","","yes","VERIFIED","yes",""
"cm6_src_6","6","V56_CURATED_BANK","cm6_src_6","cm6_src_6","MCQ_curated","yes","yes","no","yes","no","no","no","no","","yes","VERIFIED","yes",""
"cm6_src_7","6","V56_CURATED_BANK","cm6_src_7","cm6_src_7","MCQ_curated","yes","yes","no","yes","no","no","no","no","","yes","VERIFIED","yes",""
"cm6_src_8","6","V56_CURATED_BANK","cm6_src_8","cm6_src_8","MCQ_curated","yes","yes","no","yes","no","no","no","no","","yes","VERIFIED","yes",""
"cm8_1","8","V56_CURATED_BANK","cm8_1","cm8_1","MCQ_curated","yes","yes","no","yes","no","no","no","no","","yes","VERIFIED","yes",""
"cm8_2","8","V56_CURATED_BANK","cm8_2","cm8_2","MCQ_curated","yes","yes","no","yes","no","no","no","no","","yes","VERIFIED","yes",""
"cm8_3","8","V56_CURATED_BANK","cm8_3","cm8_3","MCQ_curated","yes","yes","no","yes","no","no","no","no","","yes","VERIFIED","yes",""
"cm8_4","8","V56_CURATED_BANK","cm8_4","cm8_4","MCQ_curated","yes","yes","no","yes","no","no","no","no","","yes","VERIFIED","yes",""
"cm8_5","8","V56_CURATED_BANK","cm8_5","cm8_5","MCQ_curated","yes","yes","no","yes","no","no","no","no","","yes","VERIFIED","yes","V516_CURATED_OPTION_REWRITES reworded distractors; correct-answer position unchanged; verified safe"
"cm8_6","8","V56_CURATED_BANK","cm8_6","cm8_6","MCQ_curated","yes","yes","no","yes","no","no","no","no","","yes","VERIFIED","yes",""
"cm8_7","8","V56_CURATED_BANK","cm8_7","cm8_7","MCQ_curated","yes","yes","no","yes","no","no","no","no","","yes","VERIFIED","yes",""
"cm8_8","8","V56_CURATED_BANK","cm8_8","cm8_8","MCQ_curated","yes","yes","no","yes","no","no","no","no","","yes","VERIFIED","yes",""
"cm12_1","12","V56_CURATED_BANK","cm12_1","cm12_1","MCQ_curated","yes","yes","no","yes","no","no","no","no","","yes","VERIFIED","yes",""
"cm12_2","12","V56_CURATED_BANK","cm12_2","cm12_2","MCQ_curated","yes","yes","no","yes","no","no","no","no","","yes","VERIFIED","yes",""
"cm12_3","12","V56_CURATED_BANK","cm12_3","cm12_3","MCQ_curated","yes","yes","no","yes","no","no","no","no","","yes","VERIFIED","yes",""
"cm12_4","12","V56_CURATED_BANK","cm12_4","cm12_4","MCQ_curated","yes","yes","no","yes","no","no","no","no","","yes","VERIFIED","yes",""
"cm12_5","12","V56_CURATED_BANK","cm12_5","cm12_5","MCQ_curated","yes","NO - BROKEN","no","yes","no","no","no","no","","yes","VERIFIED","yes","CRITICAL BUG: V516_CURATED_OPTION_REWRITES reordered options without updating correct index - live scoring is WRONG for this item"
"cm12_6","12","V56_CURATED_BANK","cm12_6","cm12_6","MCQ_curated","yes","yes","no","yes","no","no","no","no","","yes","VERIFIED","yes",""
"cm12_7","12","V56_CURATED_BANK","cm12_7","cm12_7","MCQ_curated","yes","NO - BROKEN","no","yes","no","no","no","no","","yes","VERIFIED","yes","CRITICAL BUG: V516_CURATED_OPTION_REWRITES reordered options without updating correct index - live scoring is WRONG for this item"
"cm12_8","12","V56_CURATED_BANK","cm12_8","cm12_8","MCQ_curated","yes","yes","no","yes","no","no","no","no","","yes","VERIFIED","yes",""
"cm16_1","16","V56_CURATED_BANK","cm16_1","cm16_1","MCQ_curated","yes","yes","no","yes","no","no","no","no","","yes","UNAUDITED","no",""
"cm16_2","16","V56_CURATED_BANK","cm16_2","cm16_2","MCQ_curated","yes","yes","no","yes","no","no","no","no","","yes","UNAUDITED","no",""
"cm16_3","16","V56_CURATED_BANK","cm16_3","cm16_3","MCQ_curated","yes","yes","no","yes","no","no","no","no","","yes","UNAUDITED","no",""
"cm16_4","16","V56_CURATED_BANK","cm16_4","cm16_4","MCQ_curated","yes","yes","no","yes","no","no","no","no","","yes","UNAUDITED","no",""
"cm16_5","16","V56_CURATED_BANK","cm16_5","cm16_5","MCQ_curated","yes","yes","no","yes","no","no","no","no","","yes","UNAUDITED","no",""
"cm16_6","16","V56_CURATED_BANK","cm16_6","cm16_6","MCQ_curated","yes","yes","no","yes","no","no","no","no","","yes","UNAUDITED","no",""
"cm16_7","16","V56_CURATED_BANK","cm16_7","cm16_7","MCQ_curated","yes","yes","no","yes","no","no","no","no","","yes","UNAUDITED","no",""
"cm16_8","16","V56_CURATED_BANK","cm16_8","cm16_8","MCQ_curated","yes","yes","no","yes","no","no","no","no","","yes","UNAUDITED","no",""
"cm17_1","17","V56_CURATED_BANK","cm17_1","cm17_1","MCQ_curated","yes","yes","no","yes","no","no","no","no","","yes","UNAUDITED","no",""
"cm17_2","17","V56_CURATED_BANK","cm17_2","cm17_2","MCQ_curated","yes","yes","no","yes","no","no","no","no","","yes","UNAUDITED","no",""
"cm17_3","17","V56_CURATED_BANK","cm17_3","cm17_3","MCQ_curated","yes","yes","no","yes","no","no","no","no","","yes","UNAUDITED","no",""
"cm17_4","17","V56_CURATED_BANK","cm17_4","cm17_4","MCQ_curated","yes","yes","no","yes","no","no","no","no","","yes","UNAUDITED","no",""
"cm17_5","17","V56_CURATED_BANK","cm17_5","cm17_5","MCQ_curated","yes","yes","no","yes","no","no","no","no","","yes","UNAUDITED","no",""
"cm17_6","17","V56_CURATED_BANK","cm17_6","cm17_6","MCQ_curated","yes","yes","no","yes","no","no","no","no","","yes","UNAUDITED","no",""
"cm17_7","17","V56_CURATED_BANK","cm17_7","cm17_7","MCQ_curated","yes","yes","no","yes","no","no","no","no","","yes","UNAUDITED","no",""
"cm17_8","17","V56_CURATED_BANK","cm17_8","cm17_8","MCQ_curated","yes","yes","no","yes","no","no","no","no","","yes","UNAUDITED","no",""
"cm18_1","18","V56_CURATED_BANK","cm18_1","cm18_1","MCQ_curated","yes","yes","no","yes","no","no","no","no","","yes","UNAUDITED","no",""
"cm18_2","18","V56_CURATED_BANK","cm18_2","cm18_2","MCQ_curated","yes","yes","no","yes","no","no","no","no","","yes","UNAUDITED","no",""
"cm18_3","18","V56_CURATED_BANK","cm18_3","cm18_3","MCQ_curated","yes","yes","no","yes","no","no","no","no","","yes","UNAUDITED","no",""
"cm18_4","18","V56_CURATED_BANK","cm18_4","cm18_4","MCQ_curated","yes","yes","no","yes","no","no","no","no","","yes","UNAUDITED","no",""
"cm18_5","18","V56_CURATED_BANK","cm18_5","cm18_5","MCQ_curated","yes","yes","no","yes","no","no","no","no","","yes","UNAUDITED","no",""
"cm18_6","18","V56_CURATED_BANK","cm18_6","cm18_6","MCQ_curated","yes","yes","no","yes","no","no","no","no","","yes","UNAUDITED","no",""
"cm18_7","18","V56_CURATED_BANK","cm18_7","cm18_7","MCQ_curated","yes","yes","no","yes","no","no","no","no","","yes","UNAUDITED","no",""
"cm18_8","18","V56_CURATED_BANK","cm18_8","cm18_8","MCQ_curated","yes","yes","no","yes","no","no","no","no","","yes","UNAUDITED","no",""
"cm21_1","21","V56_CURATED_BANK","cm21_1","cm21_1","MCQ_curated","yes","yes","no","yes","no","no","no","no","","yes","UNAUDITED","no",""
"cm21_2","21","V56_CURATED_BANK","cm21_2","cm21_2","MCQ_curated","yes","yes","no","yes","no","no","no","no","","yes","UNAUDITED","no",""
"cm21_3","21","V56_CURATED_BANK","cm21_3","cm21_3","MCQ_curated","yes","yes","no","yes","no","no","no","no","","yes","UNAUDITED","no",""
"cm21_4","21","V56_CURATED_BANK","cm21_4","cm21_4","MCQ_curated","yes","yes","no","yes","no","no","no","no","","yes","UNAUDITED","no",""
"cm21_5","21","V56_CURATED_BANK","cm21_5","cm21_5","MCQ_curated","yes","yes","no","yes","no","no","no","no","","yes","UNAUDITED","no",""
"cm21_6","21","V56_CURATED_BANK","cm21_6","cm21_6","MCQ_curated","yes","yes","no","yes","no","no","no","no","","yes","UNAUDITED","no",""
"cm21_7","21","V56_CURATED_BANK","cm21_7","cm21_7","MCQ_curated","yes","yes","no","yes","no","no","no","no","","yes","UNAUDITED","no",""
"cm21_8","21","V56_CURATED_BANK","cm21_8","cm21_8","MCQ_curated","yes","yes","no","yes","no","no","no","no","","yes","UNAUDITED","no",""
"cm22_1","22","V56_CURATED_BANK","cm22_1","cm22_1","MCQ_curated","yes","yes","no","yes","no","no","no","no","","yes","UNAUDITED","no",""
"cm22_2","22","V56_CURATED_BANK","cm22_2","cm22_2","MCQ_curated","yes","yes","no","yes","no","no","no","no","","yes","UNAUDITED","no",""
"cm22_3","22","V56_CURATED_BANK","cm22_3","cm22_3","MCQ_curated","yes","yes","no","yes","no","no","no","no","","yes","UNAUDITED","no",""
"cm22_4","22","V56_CURATED_BANK","cm22_4","cm22_4","MCQ_curated","yes","yes","no","yes","no","no","no","no","","yes","UNAUDITED","no",""
"cm22_5","22","V56_CURATED_BANK","cm22_5","cm22_5","MCQ_curated","yes","yes","no","yes","no","no","no","no","","yes","UNAUDITED","no",""
"cm22_6","22","V56_CURATED_BANK","cm22_6","cm22_6","MCQ_curated","yes","yes","no","yes","no","no","no","no","","yes","UNAUDITED","no",""
"cm22_7","22","V56_CURATED_BANK","cm22_7","cm22_7","MCQ_curated","yes","yes","no","yes","no","no","no","no","","yes","UNAUDITED","no",""
"cm22_8","22","V56_CURATED_BANK","cm22_8","cm22_8","MCQ_curated","yes","yes","no","yes","no","no","no","no","","yes","UNAUDITED","no",""
"cm24_1","24","V56_CURATED_BANK","cm24_1","cm24_1","MCQ_curated","yes","yes","no","yes","no","no","no","no","","yes","UNAUDITED","no",""
"cm24_2","24","V56_CURATED_BANK","cm24_2","cm24_2","MCQ_curated","yes","yes","no","yes","no","no","no","no","","yes","UNAUDITED","no",""
"cm24_3","24","V56_CURATED_BANK","cm24_3","cm24_3","MCQ_curated","yes","yes","no","yes","no","no","no","no","","yes","UNAUDITED","no",""
"cm24_4","24","V56_CURATED_BANK","cm24_4","cm24_4","MCQ_curated","yes","yes","no","yes","no","no","no","no","","yes","UNAUDITED","no",""
"cm24_5","24","V56_CURATED_BANK","cm24_5","cm24_5","MCQ_curated","yes","yes","no","yes","no","no","no","no","","yes","UNAUDITED","no",""
"cm24_6","24","V56_CURATED_BANK","cm24_6","cm24_6","MCQ_curated","yes","yes","no","yes","no","no","no","no","","yes","UNAUDITED","no",""
"cm24_7","24","V56_CURATED_BANK","cm24_7","cm24_7","MCQ_curated","yes","yes","no","yes","no","no","no","no","","yes","UNAUDITED","no",""
"cm24_8","24","V56_CURATED_BANK","cm24_8","cm24_8","MCQ_curated","yes","yes","no","yes","no","no","no","no","","yes","UNAUDITED","no",""
"cm25_1","25","V56_CURATED_BANK","cm25_1","cm25_1","MCQ_curated","yes","yes","no","yes","no","no","no","no","","yes","UNAUDITED","no",""
"cm25_2","25","V56_CURATED_BANK","cm25_2","cm25_2","MCQ_curated","yes","yes","no","yes","no","no","no","no","","yes","UNAUDITED","no",""
"cm25_3","25","V56_CURATED_BANK","cm25_3","cm25_3","MCQ_curated","yes","yes","no","yes","no","no","no","no","","yes","UNAUDITED","no",""
"cm25_4","25","V56_CURATED_BANK","cm25_4","cm25_4","MCQ_curated","yes","yes","no","yes","no","no","no","no","","yes","UNAUDITED","no",""
"cm25_5","25","V56_CURATED_BANK","cm25_5","cm25_5","MCQ_curated","yes","yes","no","yes","no","no","no","no","","yes","UNAUDITED","no",""
"cm25_6","25","V56_CURATED_BANK","cm25_6","cm25_6","MCQ_curated","yes","yes","no","yes","no","no","no","no","","yes","UNAUDITED","no",""
"cm25_7","25","V56_CURATED_BANK","cm25_7","cm25_7","MCQ_curated","yes","yes","no","yes","no","no","no","no","","yes","UNAUDITED","no",""
"cm25_8","25","V56_CURATED_BANK","cm25_8","cm25_8","MCQ_curated","yes","yes","no","yes","no","no","no","no","","yes","UNAUDITED","no",""
"cm26_1","26","V56_CURATED_BANK","cm26_1","cm26_1","MCQ_curated","yes","yes","no","yes","no","no","no","no","","yes","UNAUDITED","no",""
"cm26_2","26","V56_CURATED_BANK","cm26_2","cm26_2","MCQ_curated","yes","yes","no","yes","no","no","no","no","","yes","UNAUDITED","no",""
"cm26_3","26","V56_CURATED_BANK","cm26_3","cm26_3","MCQ_curated","yes","yes","no","yes","no","no","no","no","","yes","UNAUDITED","no",""
"cm26_4","26","V56_CURATED_BANK","cm26_4","cm26_4","MCQ_curated","yes","yes","no","yes","no","no","no","no","","yes","UNAUDITED","no",""
"cm26_5","26","V56_CURATED_BANK","cm26_5","cm26_5","MCQ_curated","yes","yes","no","yes","no","no","no","no","","yes","UNAUDITED","no",""
"cm26_6","26","V56_CURATED_BANK","cm26_6","cm26_6","MCQ_curated","yes","yes","no","yes","no","no","no","no","","yes","UNAUDITED","no",""
"cm26_7","26","V56_CURATED_BANK","cm26_7","cm26_7","MCQ_curated","yes","yes","no","yes","no","no","no","no","","yes","UNAUDITED","no",""
"cm26_8","26","V56_CURATED_BANK","cm26_8","cm26_8","MCQ_curated","yes","yes","no","yes","no","no","no","no","","yes","UNAUDITED","no",""
"cm30_1","30","V56_CURATED_BANK","cm30_1","cm30_1","MCQ_curated","yes","yes","no","yes","no","no","no","no","","yes","UNAUDITED","no",""
"cm30_2","30","V56_CURATED_BANK","cm30_2","cm30_2","MCQ_curated","yes","yes","no","yes","no","no","no","no","","yes","UNAUDITED","no",""
"cm30_3","30","V56_CURATED_BANK","cm30_3","cm30_3","MCQ_curated","yes","yes","no","yes","no","no","no","no","","yes","UNAUDITED","no",""
"cm30_4","30","V56_CURATED_BANK","cm30_4","cm30_4","MCQ_curated","yes","yes","no","yes","no","no","no","no","","yes","UNAUDITED","no",""
"cm30_5","30","V56_CURATED_BANK","cm30_5","cm30_5","MCQ_curated","yes","yes","no","yes","no","no","no","no","","yes","UNAUDITED","no",""
"cm30_6","30","V56_CURATED_BANK","cm30_6","cm30_6","MCQ_curated","yes","yes","no","yes","no","no","no","no","","yes","UNAUDITED","no",""
"cm30_7","30","V56_CURATED_BANK","cm30_7","cm30_7","MCQ_curated","yes","yes","no","yes","no","no","no","no","","yes","UNAUDITED","no",""
"cm30_8","30","V56_CURATED_BANK","cm30_8","cm30_8","MCQ_curated","yes","yes","no","yes","no","no","no","no","","yes","UNAUDITED","no",""
"cm33_1","33","V56_CURATED_BANK","cm33_1","cm33_1","MCQ_curated","yes","yes","no","yes","no","no","no","no","","yes","UNAUDITED","no",""
"cm33_2","33","V56_CURATED_BANK","cm33_2","cm33_2","MCQ_curated","yes","yes","no","yes","no","no","no","no","","yes","UNAUDITED","no",""
"cm33_3","33","V56_CURATED_BANK","cm33_3","cm33_3","MCQ_curated","yes","yes","no","yes","no","no","no","no","","yes","UNAUDITED","no",""
"cm33_4","33","V56_CURATED_BANK","cm33_4","cm33_4","MCQ_curated","yes","yes","no","yes","no","no","no","no","","yes","UNAUDITED","no",""
"cm33_5","33","V56_CURATED_BANK","cm33_5","cm33_5","MCQ_curated","yes","yes","no","yes","no","no","no","no","","yes","UNAUDITED","no",""
"cm33_6","33","V56_CURATED_BANK","cm33_6","cm33_6","MCQ_curated","yes","yes","no","yes","no","no","no","no","","yes","UNAUDITED","no",""
"cm33_7","33","V56_CURATED_BANK","cm33_7","cm33_7","MCQ_curated","yes","yes","no","yes","no","no","no","no","","yes","UNAUDITED","no",""
"cm33_8","33","V56_CURATED_BANK","cm33_8","cm33_8","MCQ_curated","yes","yes","no","yes","no","no","no","no","","yes","UNAUDITED","no",""
"hm2_1","2","V513_EXTRA_INTERNAL_MASTERY_BANK","hm2_1","hm2_1","MCQ_mastery","yes","yes","no","no","yes","no","no","no","V513_EXTRA_INTERNAL_MASTERY_BANK (merged into V57 at load)","yes","VERIFIED","yes","Merged from V513 at load; see V513 trace"
"hm2_2","2","V513_EXTRA_INTERNAL_MASTERY_BANK","hm2_2","hm2_2","MCQ_mastery","yes","yes","no","no","yes","no","no","no","V513_EXTRA_INTERNAL_MASTERY_BANK (merged into V57 at load)","yes","VERIFIED","yes","Merged from V513 at load; see V513 trace"
"hm2_3","2","V513_EXTRA_INTERNAL_MASTERY_BANK","hm2_3","hm2_3","MCQ_mastery","yes","yes","no","no","yes","no","no","no","V513_EXTRA_INTERNAL_MASTERY_BANK (merged into V57 at load)","yes","VERIFIED","yes","Merged from V513 at load; see V513 trace"
"hm2_4","2","V513_EXTRA_INTERNAL_MASTERY_BANK","hm2_4","hm2_4","MCQ_mastery","yes","yes","no","no","yes","no","no","no","V513_EXTRA_INTERNAL_MASTERY_BANK (merged into V57 at load)","yes","VERIFIED","yes","Merged from V513 at load; see V513 trace"
"hm2_5","2","V513_EXTRA_INTERNAL_MASTERY_BANK","hm2_5","hm2_5","MCQ_mastery","yes","yes","no","no","yes","no","no","no","V513_EXTRA_INTERNAL_MASTERY_BANK (merged into V57 at load)","yes","VERIFIED","yes","Merged from V513 at load; see V513 trace"
"hm2_6","2","V513_EXTRA_INTERNAL_MASTERY_BANK","hm2_6","hm2_6","MCQ_mastery","yes","yes","no","no","yes","no","no","no","V513_EXTRA_INTERNAL_MASTERY_BANK (merged into V57 at load)","yes","VERIFIED","yes","Merged from V513 at load; see V513 trace"
"hm2_7","2","V513_EXTRA_INTERNAL_MASTERY_BANK","hm2_7","hm2_7","MCQ_mastery","yes","yes","no","no","yes","no","no","no","V513_EXTRA_INTERNAL_MASTERY_BANK (merged into V57 at load)","yes","VERIFIED","yes","Merged from V513 at load; see V513 trace"
"hm2_8","2","V513_EXTRA_INTERNAL_MASTERY_BANK","hm2_8","hm2_8","MCQ_mastery","yes","yes","no","no","yes","no","no","no","V513_EXTRA_INTERNAL_MASTERY_BANK (merged into V57 at load)","yes","VERIFIED","yes","Merged from V513 at load; see V513 trace"
"hm2_9","2","V513_EXTRA_INTERNAL_MASTERY_BANK","hm2_9","hm2_9","MCQ_mastery","yes","yes","no","no","yes","no","no","no","V513_EXTRA_INTERNAL_MASTERY_BANK (merged into V57 at load)","yes","VERIFIED","yes","Merged from V513 at load; see V513 trace"
"hm2_10","2","V513_EXTRA_INTERNAL_MASTERY_BANK","hm2_10","hm2_10","MCQ_mastery","yes","yes","no","no","yes","no","no","no","V513_EXTRA_INTERNAL_MASTERY_BANK (merged into V57 at load)","yes","VERIFIED","yes","Merged from V513 at load; see V513 trace"
"hm5_1","5","V57_INTERNAL_MASTERY_BANK","hm5_1","hm5_1","MCQ_mastery","yes","yes","no","no","yes","no","no","no","","yes","VERIFIED","yes",""
"hm5_2","5","V57_INTERNAL_MASTERY_BANK","hm5_2","hm5_2","MCQ_mastery","yes","yes","no","no","yes","no","no","no","","yes","VERIFIED","yes",""
"hm5_3","5","V57_INTERNAL_MASTERY_BANK","hm5_3","hm5_3","MCQ_mastery","yes","yes","no","no","yes","no","no","no","","yes","VERIFIED","yes",""
"hm5_4","5","V57_INTERNAL_MASTERY_BANK","hm5_4","hm5_4","MCQ_mastery","yes","yes","no","no","yes","no","no","no","","yes","VERIFIED","yes",""
"hm5_5","5","V57_INTERNAL_MASTERY_BANK","hm5_5","hm5_5","MCQ_mastery","yes","yes","no","no","yes","no","no","no","","yes","VERIFIED","yes",""
"hm5_6","5","V57_INTERNAL_MASTERY_BANK","hm5_6","hm5_6","MCQ_mastery","yes","yes","no","no","yes","no","no","no","","yes","VERIFIED","yes",""
"hm5_7","5","V57_INTERNAL_MASTERY_BANK","hm5_7","hm5_7","MCQ_mastery","yes","yes","no","no","yes","no","no","no","","yes","VERIFIED","yes",""
"hm5_8","5","V57_INTERNAL_MASTERY_BANK","hm5_8","hm5_8","MCQ_mastery","yes","yes","no","no","yes","no","no","no","","yes","VERIFIED","yes",""
"hm5_9","5","V57_INTERNAL_MASTERY_BANK","hm5_9","hm5_9","MCQ_mastery","yes","yes","no","no","yes","no","no","no","","yes","VERIFIED","yes",""
"hm5_10","5","V57_INTERNAL_MASTERY_BANK","hm5_10","hm5_10","MCQ_mastery","yes","yes","no","no","yes","no","no","no","","yes","VERIFIED","yes",""
"hm6_src_1","6","V57_INTERNAL_MASTERY_BANK","hm6_src_1","hm6_src_1","MCQ_mastery","yes","yes","no","no","yes","no","no","no","","yes","VERIFIED","yes",""
"hm6_src_2","6","V57_INTERNAL_MASTERY_BANK","hm6_src_2","hm6_src_2","MCQ_mastery","yes","yes","no","no","yes","no","no","no","","yes","VERIFIED","yes",""
"hm6_src_3","6","V57_INTERNAL_MASTERY_BANK","hm6_src_3","hm6_src_3","MCQ_mastery","yes","yes","no","no","yes","no","no","no","","yes","VERIFIED","yes",""
"hm6_src_4","6","V57_INTERNAL_MASTERY_BANK","hm6_src_4","hm6_src_4","MCQ_mastery","yes","yes","no","no","yes","no","no","no","","yes","VERIFIED","yes",""
"hm6_src_5","6","V57_INTERNAL_MASTERY_BANK","hm6_src_5","hm6_src_5","MCQ_mastery","yes","yes","no","no","yes","no","no","no","","yes","VERIFIED","yes",""
"hm6_src_6","6","V57_INTERNAL_MASTERY_BANK","hm6_src_6","hm6_src_6","MCQ_mastery","yes","yes","no","no","yes","no","no","no","","yes","VERIFIED","yes",""
"hm6_src_7","6","V57_INTERNAL_MASTERY_BANK","hm6_src_7","hm6_src_7","MCQ_mastery","yes","yes","no","no","yes","no","no","no","","yes","VERIFIED","yes",""
"hm6_src_8","6","V57_INTERNAL_MASTERY_BANK","hm6_src_8","hm6_src_8","MCQ_mastery","yes","yes","no","no","yes","no","no","no","","yes","VERIFIED","yes",""
"hm6_src_9","6","V57_INTERNAL_MASTERY_BANK","hm6_src_9","hm6_src_9","MCQ_mastery","yes","yes","no","no","yes","no","no","no","","yes","VERIFIED","yes",""
"hm6_src_10","6","V57_INTERNAL_MASTERY_BANK","hm6_src_10","hm6_src_10","MCQ_mastery","yes","yes","no","no","yes","no","no","no","","yes","VERIFIED","yes",""
"hm8_1","8","V57_INTERNAL_MASTERY_BANK","hm8_1","hm8_1","MCQ_mastery","yes","yes","no","no","yes","no","no","no","","yes","VERIFIED","yes",""
"hm8_2","8","V57_INTERNAL_MASTERY_BANK","hm8_2","hm8_2","MCQ_mastery","yes","yes","no","no","yes","no","no","no","","yes","VERIFIED","yes",""
"hm8_3","8","V57_INTERNAL_MASTERY_BANK","hm8_3","hm8_3","MCQ_mastery","yes","yes","no","no","yes","no","no","no","","yes","VERIFIED","yes",""
"hm8_4","8","V57_INTERNAL_MASTERY_BANK","hm8_4","hm8_4","MCQ_mastery","yes","yes","no","no","yes","no","no","no","","yes","VERIFIED","yes",""
"hm8_5","8","V57_INTERNAL_MASTERY_BANK","hm8_5","hm8_5","MCQ_mastery","yes","yes","no","no","yes","no","no","no","","yes","VERIFIED","yes",""
"hm8_6","8","V57_INTERNAL_MASTERY_BANK","hm8_6","hm8_6","MCQ_mastery","yes","yes","no","no","yes","no","no","no","","yes","VERIFIED","yes",""
"hm8_7","8","V57_INTERNAL_MASTERY_BANK","hm8_7","hm8_7","MCQ_mastery","yes","yes","no","no","yes","no","no","no","","yes","VERIFIED","yes",""
"hm8_8","8","V57_INTERNAL_MASTERY_BANK","hm8_8","hm8_8","MCQ_mastery","yes","yes","no","no","yes","no","no","no","","yes","VERIFIED","yes",""
"hm8_9","8","V57_INTERNAL_MASTERY_BANK","hm8_9","hm8_9","MCQ_mastery","yes","yes","no","no","yes","no","no","no","","yes","VERIFIED","yes",""
"hm8_10","8","V57_INTERNAL_MASTERY_BANK","hm8_10","hm8_10","MCQ_mastery","yes","yes","no","no","yes","no","no","no","","yes","VERIFIED","yes",""
"hm12_1","12","V57_INTERNAL_MASTERY_BANK","hm12_1","hm12_1","MCQ_mastery","yes","yes","no","no","yes","no","no","no","","yes","VERIFIED","yes",""
"hm12_2","12","V57_INTERNAL_MASTERY_BANK","hm12_2","hm12_2","MCQ_mastery","yes","yes","no","no","yes","no","no","no","","yes","VERIFIED","yes",""
"hm12_3","12","V57_INTERNAL_MASTERY_BANK","hm12_3","hm12_3","MCQ_mastery","yes","yes","no","no","yes","no","no","no","","yes","VERIFIED","yes",""
"hm12_4","12","V57_INTERNAL_MASTERY_BANK","hm12_4","hm12_4","MCQ_mastery","yes","yes","no","no","yes","no","no","no","","yes","VERIFIED","yes",""
"hm12_5","12","V57_INTERNAL_MASTERY_BANK","hm12_5","hm12_5","MCQ_mastery","yes","yes","no","no","yes","no","no","no","","yes","VERIFIED","yes",""
"hm12_6","12","V57_INTERNAL_MASTERY_BANK","hm12_6","hm12_6","MCQ_mastery","yes","yes","no","no","yes","no","no","no","","yes","VERIFIED","yes",""
"hm12_7","12","V57_INTERNAL_MASTERY_BANK","hm12_7","hm12_7","MCQ_mastery","yes","yes","no","no","yes","no","no","no","","yes","VERIFIED","yes",""
"hm12_8","12","V57_INTERNAL_MASTERY_BANK","hm12_8","hm12_8","MCQ_mastery","yes","yes","no","no","yes","no","no","no","","yes","VERIFIED","yes",""
"hm12_9","12","V57_INTERNAL_MASTERY_BANK","hm12_9","hm12_9","MCQ_mastery","yes","yes","no","no","yes","no","no","no","","yes","VERIFIED","yes",""
"hm12_10","12","V57_INTERNAL_MASTERY_BANK","hm12_10","hm12_10","MCQ_mastery","yes","yes","no","no","yes","no","no","no","","yes","VERIFIED","yes",""
"hm15_1","15","V57_INTERNAL_MASTERY_BANK","hm15_1","hm15_1","MCQ_mastery","yes","yes","no","no","yes","no","no","no","","yes","UNAUDITED","no",""
"hm15_2","15","V57_INTERNAL_MASTERY_BANK","hm15_2","hm15_2","MCQ_mastery","yes","yes","no","no","yes","no","no","no","","yes","UNAUDITED","no",""
"hm15_3","15","V57_INTERNAL_MASTERY_BANK","hm15_3","hm15_3","MCQ_mastery","yes","yes","no","no","yes","no","no","no","","yes","UNAUDITED","no",""
"hm15_4","15","V57_INTERNAL_MASTERY_BANK","hm15_4","hm15_4","MCQ_mastery","yes","yes","no","no","yes","no","no","no","","yes","UNAUDITED","no",""
"hm15_5","15","V57_INTERNAL_MASTERY_BANK","hm15_5","hm15_5","MCQ_mastery","yes","yes","no","no","yes","no","no","no","","yes","UNAUDITED","no",""
"hm15_6","15","V57_INTERNAL_MASTERY_BANK","hm15_6","hm15_6","MCQ_mastery","yes","yes","no","no","yes","no","no","no","","yes","UNAUDITED","no",""
"hm15_7","15","V57_INTERNAL_MASTERY_BANK","hm15_7","hm15_7","MCQ_mastery","yes","yes","no","no","yes","no","no","no","","yes","UNAUDITED","no",""
"hm15_8","15","V57_INTERNAL_MASTERY_BANK","hm15_8","hm15_8","MCQ_mastery","yes","yes","no","no","yes","no","no","no","","yes","UNAUDITED","no",""
"hm15_9","15","V57_INTERNAL_MASTERY_BANK","hm15_9","hm15_9","MCQ_mastery","yes","yes","no","no","yes","no","no","no","","yes","UNAUDITED","no",""
"hm15_10","15","V57_INTERNAL_MASTERY_BANK","hm15_10","hm15_10","MCQ_mastery","yes","yes","no","no","yes","no","no","no","","yes","UNAUDITED","no",""
"hm16_1","16","V57_INTERNAL_MASTERY_BANK","hm16_1","hm16_1","MCQ_mastery","yes","yes","no","no","yes","no","no","no","","yes","UNAUDITED","no",""
"hm16_2","16","V57_INTERNAL_MASTERY_BANK","hm16_2","hm16_2","MCQ_mastery","yes","yes","no","no","yes","no","no","no","","yes","UNAUDITED","no",""
"hm16_3","16","V57_INTERNAL_MASTERY_BANK","hm16_3","hm16_3","MCQ_mastery","yes","yes","no","no","yes","no","no","no","","yes","UNAUDITED","no",""
"hm16_4","16","V57_INTERNAL_MASTERY_BANK","hm16_4","hm16_4","MCQ_mastery","yes","yes","no","no","yes","no","no","no","","yes","UNAUDITED","no",""
"hm16_5","16","V57_INTERNAL_MASTERY_BANK","hm16_5","hm16_5","MCQ_mastery","yes","yes","no","no","yes","no","no","no","","yes","UNAUDITED","no",""
"hm16_6","16","V57_INTERNAL_MASTERY_BANK","hm16_6","hm16_6","MCQ_mastery","yes","yes","no","no","yes","no","no","no","","yes","UNAUDITED","no",""
"hm16_7","16","V57_INTERNAL_MASTERY_BANK","hm16_7","hm16_7","MCQ_mastery","yes","yes","no","no","yes","no","no","no","","yes","UNAUDITED","no",""
"hm16_8","16","V57_INTERNAL_MASTERY_BANK","hm16_8","hm16_8","MCQ_mastery","yes","yes","no","no","yes","no","no","no","","yes","UNAUDITED","no",""
"hm16_9","16","V57_INTERNAL_MASTERY_BANK","hm16_9","hm16_9","MCQ_mastery","yes","yes","no","no","yes","no","no","no","","yes","UNAUDITED","no",""
"hm16_10","16","V57_INTERNAL_MASTERY_BANK","hm16_10","hm16_10","MCQ_mastery","yes","yes","no","no","yes","no","no","no","","yes","UNAUDITED","no",""
"hm17_1","17","V57_INTERNAL_MASTERY_BANK","hm17_1","hm17_1","MCQ_mastery","yes","yes","no","no","yes","no","no","no","","yes","UNAUDITED","no",""
"hm17_2","17","V57_INTERNAL_MASTERY_BANK","hm17_2","hm17_2","MCQ_mastery","yes","yes","no","no","yes","no","no","no","","yes","UNAUDITED","no",""
"hm17_3","17","V57_INTERNAL_MASTERY_BANK","hm17_3","hm17_3","MCQ_mastery","yes","yes","no","no","yes","no","no","no","","yes","UNAUDITED","no",""
"hm17_4","17","V57_INTERNAL_MASTERY_BANK","hm17_4","hm17_4","MCQ_mastery","yes","yes","no","no","yes","no","no","no","","yes","UNAUDITED","no",""
"hm17_5","17","V57_INTERNAL_MASTERY_BANK","hm17_5","hm17_5","MCQ_mastery","yes","yes","no","no","yes","no","no","no","","yes","UNAUDITED","no",""
"hm17_6","17","V57_INTERNAL_MASTERY_BANK","hm17_6","hm17_6","MCQ_mastery","yes","yes","no","no","yes","no","no","no","","yes","UNAUDITED","no",""
"hm17_7","17","V57_INTERNAL_MASTERY_BANK","hm17_7","hm17_7","MCQ_mastery","yes","yes","no","no","yes","no","no","no","","yes","UNAUDITED","no",""
"hm17_8","17","V57_INTERNAL_MASTERY_BANK","hm17_8","hm17_8","MCQ_mastery","yes","yes","no","no","yes","no","no","no","","yes","UNAUDITED","no",""
"hm17_9","17","V57_INTERNAL_MASTERY_BANK","hm17_9","hm17_9","MCQ_mastery","yes","yes","no","no","yes","no","no","no","","yes","UNAUDITED","no",""
"hm17_10","17","V57_INTERNAL_MASTERY_BANK","hm17_10","hm17_10","MCQ_mastery","yes","yes","no","no","yes","no","no","no","","yes","UNAUDITED","no",""
"hm18_1","18","V57_INTERNAL_MASTERY_BANK","hm18_1","hm18_1","MCQ_mastery","yes","yes","no","no","yes","no","no","no","","yes","UNAUDITED","no",""
"hm18_2","18","V57_INTERNAL_MASTERY_BANK","hm18_2","hm18_2","MCQ_mastery","yes","yes","no","no","yes","no","no","no","","yes","UNAUDITED","no",""
"hm18_3","18","V57_INTERNAL_MASTERY_BANK","hm18_3","hm18_3","MCQ_mastery","yes","yes","no","no","yes","no","no","no","","yes","UNAUDITED","no",""
"hm18_4","18","V57_INTERNAL_MASTERY_BANK","hm18_4","hm18_4","MCQ_mastery","yes","yes","no","no","yes","no","no","no","","yes","UNAUDITED","no",""
"hm18_5","18","V57_INTERNAL_MASTERY_BANK","hm18_5","hm18_5","MCQ_mastery","yes","yes","no","no","yes","no","no","no","","yes","UNAUDITED","no",""
"hm18_6","18","V57_INTERNAL_MASTERY_BANK","hm18_6","hm18_6","MCQ_mastery","yes","yes","no","no","yes","no","no","no","","yes","UNAUDITED","no",""
"hm18_7","18","V57_INTERNAL_MASTERY_BANK","hm18_7","hm18_7","MCQ_mastery","yes","yes","no","no","yes","no","no","no","","yes","UNAUDITED","no",""
"hm18_8","18","V57_INTERNAL_MASTERY_BANK","hm18_8","hm18_8","MCQ_mastery","yes","yes","no","no","yes","no","no","no","","yes","UNAUDITED","no",""
"hm18_9","18","V57_INTERNAL_MASTERY_BANK","hm18_9","hm18_9","MCQ_mastery","yes","yes","no","no","yes","no","no","no","","yes","UNAUDITED","no",""
"hm18_10","18","V57_INTERNAL_MASTERY_BANK","hm18_10","hm18_10","MCQ_mastery","yes","yes","no","no","yes","no","no","no","","yes","UNAUDITED","no",""
"hm21_1","21","V57_INTERNAL_MASTERY_BANK","hm21_1","hm21_1","MCQ_mastery","yes","yes","no","no","yes","no","no","no","","yes","UNAUDITED","no",""
"hm21_2","21","V57_INTERNAL_MASTERY_BANK","hm21_2","hm21_2","MCQ_mastery","yes","yes","no","no","yes","no","no","no","","yes","UNAUDITED","no",""
"hm21_3","21","V57_INTERNAL_MASTERY_BANK","hm21_3","hm21_3","MCQ_mastery","yes","yes","no","no","yes","no","no","no","","yes","UNAUDITED","no",""
"hm21_4","21","V57_INTERNAL_MASTERY_BANK","hm21_4","hm21_4","MCQ_mastery","yes","yes","no","no","yes","no","no","no","","yes","UNAUDITED","no",""
"hm21_5","21","V57_INTERNAL_MASTERY_BANK","hm21_5","hm21_5","MCQ_mastery","yes","yes","no","no","yes","no","no","no","","yes","UNAUDITED","no",""
"hm21_6","21","V57_INTERNAL_MASTERY_BANK","hm21_6","hm21_6","MCQ_mastery","yes","yes","no","no","yes","no","no","no","","yes","UNAUDITED","no",""
"hm21_7","21","V57_INTERNAL_MASTERY_BANK","hm21_7","hm21_7","MCQ_mastery","yes","yes","no","no","yes","no","no","no","","yes","UNAUDITED","no",""
"hm21_8","21","V57_INTERNAL_MASTERY_BANK","hm21_8","hm21_8","MCQ_mastery","yes","yes","no","no","yes","no","no","no","","yes","UNAUDITED","no",""
"hm21_9","21","V57_INTERNAL_MASTERY_BANK","hm21_9","hm21_9","MCQ_mastery","yes","yes","no","no","yes","no","no","no","","yes","UNAUDITED","no",""
"hm21_10","21","V57_INTERNAL_MASTERY_BANK","hm21_10","hm21_10","MCQ_mastery","yes","yes","no","no","yes","no","no","no","","yes","UNAUDITED","no",""
"hm22_1","22","V57_INTERNAL_MASTERY_BANK","hm22_1","hm22_1","MCQ_mastery","yes","yes","no","no","yes","no","no","no","","yes","UNAUDITED","no",""
"hm22_2","22","V57_INTERNAL_MASTERY_BANK","hm22_2","hm22_2","MCQ_mastery","yes","yes","no","no","yes","no","no","no","","yes","UNAUDITED","no",""
"hm22_3","22","V57_INTERNAL_MASTERY_BANK","hm22_3","hm22_3","MCQ_mastery","yes","yes","no","no","yes","no","no","no","","yes","UNAUDITED","no",""
"hm22_4","22","V57_INTERNAL_MASTERY_BANK","hm22_4","hm22_4","MCQ_mastery","yes","yes","no","no","yes","no","no","no","","yes","UNAUDITED","no",""
"hm22_5","22","V57_INTERNAL_MASTERY_BANK","hm22_5","hm22_5","MCQ_mastery","yes","yes","no","no","yes","no","no","no","","yes","UNAUDITED","no",""
"hm22_6","22","V57_INTERNAL_MASTERY_BANK","hm22_6","hm22_6","MCQ_mastery","yes","yes","no","no","yes","no","no","no","","yes","UNAUDITED","no",""
"hm22_7","22","V57_INTERNAL_MASTERY_BANK","hm22_7","hm22_7","MCQ_mastery","yes","yes","no","no","yes","no","no","no","","yes","UNAUDITED","no",""
"hm22_8","22","V57_INTERNAL_MASTERY_BANK","hm22_8","hm22_8","MCQ_mastery","yes","yes","no","no","yes","no","no","no","","yes","UNAUDITED","no",""
"hm22_9","22","V57_INTERNAL_MASTERY_BANK","hm22_9","hm22_9","MCQ_mastery","yes","yes","no","no","yes","no","no","no","","yes","UNAUDITED","no",""
"hm22_10","22","V57_INTERNAL_MASTERY_BANK","hm22_10","hm22_10","MCQ_mastery","yes","yes","no","no","yes","no","no","no","","yes","UNAUDITED","no",""
"hm23_1","23","V513_EXTRA_INTERNAL_MASTERY_BANK","hm23_1","hm23_1","MCQ_mastery","yes","yes","no","no","yes","no","no","no","V513_EXTRA_INTERNAL_MASTERY_BANK (merged into V57 at load)","yes","UNAUDITED","no","Merged from V513 at load; see V513 trace"
"hm23_2","23","V513_EXTRA_INTERNAL_MASTERY_BANK","hm23_2","hm23_2","MCQ_mastery","yes","yes","no","no","yes","no","no","no","V513_EXTRA_INTERNAL_MASTERY_BANK (merged into V57 at load)","yes","UNAUDITED","no","Merged from V513 at load; see V513 trace"
"hm23_3","23","V513_EXTRA_INTERNAL_MASTERY_BANK","hm23_3","hm23_3","MCQ_mastery","yes","yes","no","no","yes","no","no","no","V513_EXTRA_INTERNAL_MASTERY_BANK (merged into V57 at load)","yes","UNAUDITED","no","Merged from V513 at load; see V513 trace"
"hm23_4","23","V513_EXTRA_INTERNAL_MASTERY_BANK","hm23_4","hm23_4","MCQ_mastery","yes","yes","no","no","yes","no","no","no","V513_EXTRA_INTERNAL_MASTERY_BANK (merged into V57 at load)","yes","UNAUDITED","no","Merged from V513 at load; see V513 trace"
"hm23_5","23","V513_EXTRA_INTERNAL_MASTERY_BANK","hm23_5","hm23_5","MCQ_mastery","yes","yes","no","no","yes","no","no","no","V513_EXTRA_INTERNAL_MASTERY_BANK (merged into V57 at load)","yes","UNAUDITED","no","Merged from V513 at load; see V513 trace"
"hm23_6","23","V513_EXTRA_INTERNAL_MASTERY_BANK","hm23_6","hm23_6","MCQ_mastery","yes","yes","no","no","yes","no","no","no","V513_EXTRA_INTERNAL_MASTERY_BANK (merged into V57 at load)","yes","UNAUDITED","no","Merged from V513 at load; see V513 trace"
"hm23_7","23","V513_EXTRA_INTERNAL_MASTERY_BANK","hm23_7","hm23_7","MCQ_mastery","yes","yes","no","no","yes","no","no","no","V513_EXTRA_INTERNAL_MASTERY_BANK (merged into V57 at load)","yes","UNAUDITED","no","Merged from V513 at load; see V513 trace"
"hm23_8","23","V513_EXTRA_INTERNAL_MASTERY_BANK","hm23_8","hm23_8","MCQ_mastery","yes","yes","no","no","yes","no","no","no","V513_EXTRA_INTERNAL_MASTERY_BANK (merged into V57 at load)","yes","UNAUDITED","no","Merged from V513 at load; see V513 trace"
"hm23_9","23","V513_EXTRA_INTERNAL_MASTERY_BANK","hm23_9","hm23_9","MCQ_mastery","yes","yes","no","no","yes","no","no","no","V513_EXTRA_INTERNAL_MASTERY_BANK (merged into V57 at load)","yes","UNAUDITED","no","Merged from V513 at load; see V513 trace"
"hm23_10","23","V513_EXTRA_INTERNAL_MASTERY_BANK","hm23_10","hm23_10","MCQ_mastery","yes","yes","no","no","yes","no","no","no","V513_EXTRA_INTERNAL_MASTERY_BANK (merged into V57 at load)","yes","UNAUDITED","no","Merged from V513 at load; see V513 trace"
"hm24_1","24","V57_INTERNAL_MASTERY_BANK","hm24_1","hm24_1","MCQ_mastery","yes","yes","no","no","yes","no","no","no","","yes","UNAUDITED","no",""
"hm24_2","24","V57_INTERNAL_MASTERY_BANK","hm24_2","hm24_2","MCQ_mastery","yes","yes","no","no","yes","no","no","no","","yes","UNAUDITED","no",""
"hm24_3","24","V57_INTERNAL_MASTERY_BANK","hm24_3","hm24_3","MCQ_mastery","yes","yes","no","no","yes","no","no","no","","yes","UNAUDITED","no",""
"hm24_4","24","V57_INTERNAL_MASTERY_BANK","hm24_4","hm24_4","MCQ_mastery","yes","yes","no","no","yes","no","no","no","","yes","UNAUDITED","no",""
"hm24_5","24","V57_INTERNAL_MASTERY_BANK","hm24_5","hm24_5","MCQ_mastery","yes","yes","no","no","yes","no","no","no","","yes","UNAUDITED","no",""
"hm24_6","24","V57_INTERNAL_MASTERY_BANK","hm24_6","hm24_6","MCQ_mastery","yes","yes","no","no","yes","no","no","no","","yes","UNAUDITED","no",""
"hm24_7","24","V57_INTERNAL_MASTERY_BANK","hm24_7","hm24_7","MCQ_mastery","yes","yes","no","no","yes","no","no","no","","yes","UNAUDITED","no",""
"hm24_8","24","V57_INTERNAL_MASTERY_BANK","hm24_8","hm24_8","MCQ_mastery","yes","yes","no","no","yes","no","no","no","","yes","UNAUDITED","no",""
"hm24_9","24","V57_INTERNAL_MASTERY_BANK","hm24_9","hm24_9","MCQ_mastery","yes","yes","no","no","yes","no","no","no","","yes","UNAUDITED","no",""
"hm24_10","24","V57_INTERNAL_MASTERY_BANK","hm24_10","hm24_10","MCQ_mastery","yes","yes","no","no","yes","no","no","no","","yes","UNAUDITED","no",""
"hm25_1","25","V57_INTERNAL_MASTERY_BANK","hm25_1","hm25_1","MCQ_mastery","yes","yes","no","no","yes","no","no","no","","yes","UNAUDITED","no",""
"hm25_2","25","V57_INTERNAL_MASTERY_BANK","hm25_2","hm25_2","MCQ_mastery","yes","yes","no","no","yes","no","no","no","","yes","UNAUDITED","no",""
"hm25_3","25","V57_INTERNAL_MASTERY_BANK","hm25_3","hm25_3","MCQ_mastery","yes","yes","no","no","yes","no","no","no","","yes","UNAUDITED","no",""
"hm25_4","25","V57_INTERNAL_MASTERY_BANK","hm25_4","hm25_4","MCQ_mastery","yes","yes","no","no","yes","no","no","no","","yes","UNAUDITED","no",""
"hm25_5","25","V57_INTERNAL_MASTERY_BANK","hm25_5","hm25_5","MCQ_mastery","yes","yes","no","no","yes","no","no","no","","yes","UNAUDITED","no",""
"hm25_6","25","V57_INTERNAL_MASTERY_BANK","hm25_6","hm25_6","MCQ_mastery","yes","yes","no","no","yes","no","no","no","","yes","UNAUDITED","no",""
"hm25_7","25","V57_INTERNAL_MASTERY_BANK","hm25_7","hm25_7","MCQ_mastery","yes","yes","no","no","yes","no","no","no","","yes","UNAUDITED","no",""
"hm25_8","25","V57_INTERNAL_MASTERY_BANK","hm25_8","hm25_8","MCQ_mastery","yes","yes","no","no","yes","no","no","no","","yes","UNAUDITED","no",""
"hm25_9","25","V57_INTERNAL_MASTERY_BANK","hm25_9","hm25_9","MCQ_mastery","yes","yes","no","no","yes","no","no","no","","yes","UNAUDITED","no",""
"hm25_10","25","V57_INTERNAL_MASTERY_BANK","hm25_10","hm25_10","MCQ_mastery","yes","yes","no","no","yes","no","no","no","","yes","UNAUDITED","no",""
"hm26_1","26","V57_INTERNAL_MASTERY_BANK","hm26_1","hm26_1","MCQ_mastery","yes","yes","no","no","yes","no","no","no","","yes","UNAUDITED","no",""
"hm26_2","26","V57_INTERNAL_MASTERY_BANK","hm26_2","hm26_2","MCQ_mastery","yes","yes","no","no","yes","no","no","no","","yes","UNAUDITED","no",""
"hm26_3","26","V57_INTERNAL_MASTERY_BANK","hm26_3","hm26_3","MCQ_mastery","yes","yes","no","no","yes","no","no","no","","yes","UNAUDITED","no",""
"hm26_4","26","V57_INTERNAL_MASTERY_BANK","hm26_4","hm26_4","MCQ_mastery","yes","yes","no","no","yes","no","no","no","","yes","UNAUDITED","no",""
"hm26_5","26","V57_INTERNAL_MASTERY_BANK","hm26_5","hm26_5","MCQ_mastery","yes","yes","no","no","yes","no","no","no","","yes","UNAUDITED","no",""
"hm26_6","26","V57_INTERNAL_MASTERY_BANK","hm26_6","hm26_6","MCQ_mastery","yes","yes","no","no","yes","no","no","no","","yes","UNAUDITED","no",""
"hm26_7","26","V57_INTERNAL_MASTERY_BANK","hm26_7","hm26_7","MCQ_mastery","yes","yes","no","no","yes","no","no","no","","yes","UNAUDITED","no",""
"hm26_8","26","V57_INTERNAL_MASTERY_BANK","hm26_8","hm26_8","MCQ_mastery","yes","yes","no","no","yes","no","no","no","","yes","UNAUDITED","no",""
"hm26_9","26","V57_INTERNAL_MASTERY_BANK","hm26_9","hm26_9","MCQ_mastery","yes","yes","no","no","yes","no","no","no","","yes","UNAUDITED","no",""
"hm26_10","26","V57_INTERNAL_MASTERY_BANK","hm26_10","hm26_10","MCQ_mastery","yes","yes","no","no","yes","no","no","no","","yes","UNAUDITED","no",""
"hm28_1","28","V513_EXTRA_INTERNAL_MASTERY_BANK","hm28_1","hm28_1","MCQ_mastery","yes","yes","no","no","yes","no","no","no","V513_EXTRA_INTERNAL_MASTERY_BANK (merged into V57 at load)","yes","UNAUDITED","no","Merged from V513 at load; see V513 trace"
"hm28_2","28","V513_EXTRA_INTERNAL_MASTERY_BANK","hm28_2","hm28_2","MCQ_mastery","yes","yes","no","no","yes","no","no","no","V513_EXTRA_INTERNAL_MASTERY_BANK (merged into V57 at load)","yes","UNAUDITED","no","Merged from V513 at load; see V513 trace"
"hm28_3","28","V513_EXTRA_INTERNAL_MASTERY_BANK","hm28_3","hm28_3","MCQ_mastery","yes","yes","no","no","yes","no","no","no","V513_EXTRA_INTERNAL_MASTERY_BANK (merged into V57 at load)","yes","UNAUDITED","no","Merged from V513 at load; see V513 trace"
"hm28_4","28","V513_EXTRA_INTERNAL_MASTERY_BANK","hm28_4","hm28_4","MCQ_mastery","yes","yes","no","no","yes","no","no","no","V513_EXTRA_INTERNAL_MASTERY_BANK (merged into V57 at load)","yes","UNAUDITED","no","Merged from V513 at load; see V513 trace"
"hm28_5","28","V513_EXTRA_INTERNAL_MASTERY_BANK","hm28_5","hm28_5","MCQ_mastery","yes","yes","no","no","yes","no","no","no","V513_EXTRA_INTERNAL_MASTERY_BANK (merged into V57 at load)","yes","UNAUDITED","no","Merged from V513 at load; see V513 trace"
"hm28_6","28","V513_EXTRA_INTERNAL_MASTERY_BANK","hm28_6","hm28_6","MCQ_mastery","yes","yes","no","no","yes","no","no","no","V513_EXTRA_INTERNAL_MASTERY_BANK (merged into V57 at load)","yes","UNAUDITED","no","Merged from V513 at load; see V513 trace"
"hm28_7","28","V513_EXTRA_INTERNAL_MASTERY_BANK","hm28_7","hm28_7","MCQ_mastery","yes","yes","no","no","yes","no","no","no","V513_EXTRA_INTERNAL_MASTERY_BANK (merged into V57 at load)","yes","UNAUDITED","no","Merged from V513 at load; see V513 trace"
"hm28_8","28","V513_EXTRA_INTERNAL_MASTERY_BANK","hm28_8","hm28_8","MCQ_mastery","yes","yes","no","no","yes","no","no","no","V513_EXTRA_INTERNAL_MASTERY_BANK (merged into V57 at load)","yes","UNAUDITED","no","Merged from V513 at load; see V513 trace"
"hm28_9","28","V513_EXTRA_INTERNAL_MASTERY_BANK","hm28_9","hm28_9","MCQ_mastery","yes","yes","no","no","yes","no","no","no","V513_EXTRA_INTERNAL_MASTERY_BANK (merged into V57 at load)","yes","UNAUDITED","no","Merged from V513 at load; see V513 trace"
"hm28_10","28","V513_EXTRA_INTERNAL_MASTERY_BANK","hm28_10","hm28_10","MCQ_mastery","yes","yes","no","no","yes","no","no","no","V513_EXTRA_INTERNAL_MASTERY_BANK (merged into V57 at load)","yes","UNAUDITED","no","Merged from V513 at load; see V513 trace"
"hm30_1","30","V57_INTERNAL_MASTERY_BANK","hm30_1","hm30_1","MCQ_mastery","yes","yes","no","no","yes","no","no","no","","yes","UNAUDITED","no",""
"hm30_2","30","V57_INTERNAL_MASTERY_BANK","hm30_2","hm30_2","MCQ_mastery","yes","yes","no","no","yes","no","no","no","","yes","UNAUDITED","no",""
"hm30_3","30","V57_INTERNAL_MASTERY_BANK","hm30_3","hm30_3","MCQ_mastery","yes","yes","no","no","yes","no","no","no","","yes","UNAUDITED","no",""
"hm30_4","30","V57_INTERNAL_MASTERY_BANK","hm30_4","hm30_4","MCQ_mastery","yes","yes","no","no","yes","no","no","no","","yes","UNAUDITED","no",""
"hm30_5","30","V57_INTERNAL_MASTERY_BANK","hm30_5","hm30_5","MCQ_mastery","yes","yes","no","no","yes","no","no","no","","yes","UNAUDITED","no",""
"hm30_6","30","V57_INTERNAL_MASTERY_BANK","hm30_6","hm30_6","MCQ_mastery","yes","yes","no","no","yes","no","no","no","","yes","UNAUDITED","no",""
"hm30_7","30","V57_INTERNAL_MASTERY_BANK","hm30_7","hm30_7","MCQ_mastery","yes","yes","no","no","yes","no","no","no","","yes","UNAUDITED","no",""
"hm30_8","30","V57_INTERNAL_MASTERY_BANK","hm30_8","hm30_8","MCQ_mastery","yes","yes","no","no","yes","no","no","no","","yes","UNAUDITED","no",""
"hm30_9","30","V57_INTERNAL_MASTERY_BANK","hm30_9","hm30_9","MCQ_mastery","yes","yes","no","no","yes","no","no","no","","yes","UNAUDITED","no",""
"hm30_10","30","V57_INTERNAL_MASTERY_BANK","hm30_10","hm30_10","MCQ_mastery","yes","yes","no","no","yes","no","no","no","","yes","UNAUDITED","no",""
"hm31_1","31","V513_EXTRA_INTERNAL_MASTERY_BANK","hm31_1","hm31_1","MCQ_mastery","yes","yes","no","no","yes","no","no","no","V513_EXTRA_INTERNAL_MASTERY_BANK (merged into V57 at load)","yes","UNAUDITED","no","Merged from V513 at load; see V513 trace"
"hm31_2","31","V513_EXTRA_INTERNAL_MASTERY_BANK","hm31_2","hm31_2","MCQ_mastery","yes","yes","no","no","yes","no","no","no","V513_EXTRA_INTERNAL_MASTERY_BANK (merged into V57 at load)","yes","UNAUDITED","no","Merged from V513 at load; see V513 trace"
"hm31_3","31","V513_EXTRA_INTERNAL_MASTERY_BANK","hm31_3","hm31_3","MCQ_mastery","yes","yes","no","no","yes","no","no","no","V513_EXTRA_INTERNAL_MASTERY_BANK (merged into V57 at load)","yes","UNAUDITED","no","Merged from V513 at load; see V513 trace"
"hm31_4","31","V513_EXTRA_INTERNAL_MASTERY_BANK","hm31_4","hm31_4","MCQ_mastery","yes","yes","no","no","yes","no","no","no","V513_EXTRA_INTERNAL_MASTERY_BANK (merged into V57 at load)","yes","UNAUDITED","no","Merged from V513 at load; see V513 trace"
"hm31_5","31","V513_EXTRA_INTERNAL_MASTERY_BANK","hm31_5","hm31_5","MCQ_mastery","yes","yes","no","no","yes","no","no","no","V513_EXTRA_INTERNAL_MASTERY_BANK (merged into V57 at load)","yes","UNAUDITED","no","Merged from V513 at load; see V513 trace"
"hm31_6","31","V513_EXTRA_INTERNAL_MASTERY_BANK","hm31_6","hm31_6","MCQ_mastery","yes","yes","no","no","yes","no","no","no","V513_EXTRA_INTERNAL_MASTERY_BANK (merged into V57 at load)","yes","UNAUDITED","no","Merged from V513 at load; see V513 trace"
"hm31_7","31","V513_EXTRA_INTERNAL_MASTERY_BANK","hm31_7","hm31_7","MCQ_mastery","yes","yes","no","no","yes","no","no","no","V513_EXTRA_INTERNAL_MASTERY_BANK (merged into V57 at load)","yes","UNAUDITED","no","Merged from V513 at load; see V513 trace"
"hm31_8","31","V513_EXTRA_INTERNAL_MASTERY_BANK","hm31_8","hm31_8","MCQ_mastery","yes","yes","no","no","yes","no","no","no","V513_EXTRA_INTERNAL_MASTERY_BANK (merged into V57 at load)","yes","UNAUDITED","no","Merged from V513 at load; see V513 trace"
"hm31_9","31","V513_EXTRA_INTERNAL_MASTERY_BANK","hm31_9","hm31_9","MCQ_mastery","yes","yes","no","no","yes","no","no","no","V513_EXTRA_INTERNAL_MASTERY_BANK (merged into V57 at load)","yes","UNAUDITED","no","Merged from V513 at load; see V513 trace"
"hm31_10","31","V513_EXTRA_INTERNAL_MASTERY_BANK","hm31_10","hm31_10","MCQ_mastery","yes","yes","no","no","yes","no","no","no","V513_EXTRA_INTERNAL_MASTERY_BANK (merged into V57 at load)","yes","UNAUDITED","no","Merged from V513 at load; see V513 trace"
"hm32_1","32","V513_EXTRA_INTERNAL_MASTERY_BANK","hm32_1","hm32_1","MCQ_mastery","yes","yes","no","no","yes","no","no","no","V513_EXTRA_INTERNAL_MASTERY_BANK (merged into V57 at load)","yes","UNAUDITED","no","Merged from V513 at load; see V513 trace"
"hm32_2","32","V513_EXTRA_INTERNAL_MASTERY_BANK","hm32_2","hm32_2","MCQ_mastery","yes","yes","no","no","yes","no","no","no","V513_EXTRA_INTERNAL_MASTERY_BANK (merged into V57 at load)","yes","UNAUDITED","no","Merged from V513 at load; see V513 trace"
"hm32_3","32","V513_EXTRA_INTERNAL_MASTERY_BANK","hm32_3","hm32_3","MCQ_mastery","yes","yes","no","no","yes","no","no","no","V513_EXTRA_INTERNAL_MASTERY_BANK (merged into V57 at load)","yes","UNAUDITED","no","Merged from V513 at load; see V513 trace"
"hm32_4","32","V513_EXTRA_INTERNAL_MASTERY_BANK","hm32_4","hm32_4","MCQ_mastery","yes","yes","no","no","yes","no","no","no","V513_EXTRA_INTERNAL_MASTERY_BANK (merged into V57 at load)","yes","UNAUDITED","no","Merged from V513 at load; see V513 trace"
"hm32_5","32","V513_EXTRA_INTERNAL_MASTERY_BANK","hm32_5","hm32_5","MCQ_mastery","yes","yes","no","no","yes","no","no","no","V513_EXTRA_INTERNAL_MASTERY_BANK (merged into V57 at load)","yes","UNAUDITED","no","Merged from V513 at load; see V513 trace"
"hm32_6","32","V513_EXTRA_INTERNAL_MASTERY_BANK","hm32_6","hm32_6","MCQ_mastery","yes","yes","no","no","yes","no","no","no","V513_EXTRA_INTERNAL_MASTERY_BANK (merged into V57 at load)","yes","UNAUDITED","no","Merged from V513 at load; see V513 trace"
"hm32_7","32","V513_EXTRA_INTERNAL_MASTERY_BANK","hm32_7","hm32_7","MCQ_mastery","yes","yes","no","no","yes","no","no","no","V513_EXTRA_INTERNAL_MASTERY_BANK (merged into V57 at load)","yes","UNAUDITED","no","Merged from V513 at load; see V513 trace"
"hm32_8","32","V513_EXTRA_INTERNAL_MASTERY_BANK","hm32_8","hm32_8","MCQ_mastery","yes","yes","no","no","yes","no","no","no","V513_EXTRA_INTERNAL_MASTERY_BANK (merged into V57 at load)","yes","UNAUDITED","no","Merged from V513 at load; see V513 trace"
"hm32_9","32","V513_EXTRA_INTERNAL_MASTERY_BANK","hm32_9","hm32_9","MCQ_mastery","yes","yes","no","no","yes","no","no","no","V513_EXTRA_INTERNAL_MASTERY_BANK (merged into V57 at load)","yes","UNAUDITED","no","Merged from V513 at load; see V513 trace"
"hm32_10","32","V513_EXTRA_INTERNAL_MASTERY_BANK","hm32_10","hm32_10","MCQ_mastery","yes","yes","no","no","yes","no","no","no","V513_EXTRA_INTERNAL_MASTERY_BANK (merged into V57 at load)","yes","UNAUDITED","no","Merged from V513 at load; see V513 trace"
"hm33_1","33","V57_INTERNAL_MASTERY_BANK","hm33_1","hm33_1","MCQ_mastery","yes","yes","no","no","yes","no","no","no","","yes","UNAUDITED","no",""
"hm33_2","33","V57_INTERNAL_MASTERY_BANK","hm33_2","hm33_2","MCQ_mastery","yes","yes","no","no","yes","no","no","no","","yes","UNAUDITED","no",""
"hm33_3","33","V57_INTERNAL_MASTERY_BANK","hm33_3","hm33_3","MCQ_mastery","yes","yes","no","no","yes","no","no","no","","yes","UNAUDITED","no",""
"hm33_4","33","V57_INTERNAL_MASTERY_BANK","hm33_4","hm33_4","MCQ_mastery","yes","yes","no","no","yes","no","no","no","","yes","UNAUDITED","no",""
"hm33_5","33","V57_INTERNAL_MASTERY_BANK","hm33_5","hm33_5","MCQ_mastery","yes","yes","no","no","yes","no","no","no","","yes","UNAUDITED","no",""
"hm33_6","33","V57_INTERNAL_MASTERY_BANK","hm33_6","hm33_6","MCQ_mastery","yes","yes","no","no","yes","no","no","no","","yes","UNAUDITED","no",""
"hm33_7","33","V57_INTERNAL_MASTERY_BANK","hm33_7","hm33_7","MCQ_mastery","yes","yes","no","no","yes","no","no","no","","yes","UNAUDITED","no",""
"hm33_8","33","V57_INTERNAL_MASTERY_BANK","hm33_8","hm33_8","MCQ_mastery","yes","yes","no","no","yes","no","no","no","","yes","UNAUDITED","no",""
"hm33_9","33","V57_INTERNAL_MASTERY_BANK","hm33_9","hm33_9","MCQ_mastery","yes","yes","no","no","yes","no","no","no","","yes","UNAUDITED","no",""
"hm33_10","33","V57_INTERNAL_MASTERY_BANK","hm33_10","hm33_10","MCQ_mastery","yes","yes","no","no","yes","no","no","no","","yes","UNAUDITED","no",""
"ts5_1","5","V57_TRANSFER_SUPPLEMENT","ts5_1","ts5_1","MCQ_blueprint_transfer","yes","yes","no","no","no","yes","no","no","","yes","UNAUDITED","no","Newly discovered this pass (global inventory census)"
"ts12_1","12","V57_TRANSFER_SUPPLEMENT","ts12_1","ts12_1","MCQ_blueprint_transfer","yes","yes","no","no","no","yes","no","no","","yes","UNAUDITED","no","Newly discovered this pass (global inventory census)"
"ts12_2","12","V57_TRANSFER_SUPPLEMENT","ts12_2","ts12_2","MCQ_blueprint_transfer","yes","yes","no","no","no","yes","no","no","","yes","UNAUDITED","no","Newly discovered this pass (global inventory census)"
"ts15_1","15","V57_TRANSFER_SUPPLEMENT","ts15_1","ts15_1","MCQ_blueprint_transfer","yes","yes","no","no","no","yes","no","no","","yes","UNAUDITED","no","Newly discovered this pass (global inventory census)"
"ts15_2","15","V57_TRANSFER_SUPPLEMENT","ts15_2","ts15_2","MCQ_blueprint_transfer","yes","yes","no","no","no","yes","no","no","","yes","UNAUDITED","no","Newly discovered this pass (global inventory census)"
"ts16_1","16","V57_TRANSFER_SUPPLEMENT","ts16_1","ts16_1","MCQ_blueprint_transfer","yes","yes","no","no","no","yes","no","no","","yes","UNAUDITED","no","Newly discovered this pass (global inventory census)"
"ts16_2","16","V57_TRANSFER_SUPPLEMENT","ts16_2","ts16_2","MCQ_blueprint_transfer","yes","yes","no","no","no","yes","no","no","","yes","UNAUDITED","no","Newly discovered this pass (global inventory census)"
"ts16_3","16","V57_TRANSFER_SUPPLEMENT","ts16_3","ts16_3","MCQ_blueprint_transfer","yes","yes","no","no","no","yes","no","no","","yes","UNAUDITED","no","Newly discovered this pass (global inventory census)"
"ts16_4","16","V57_TRANSFER_SUPPLEMENT","ts16_4","ts16_4","MCQ_blueprint_transfer","yes","yes","no","no","no","yes","no","no","","yes","UNAUDITED","no","Newly discovered this pass (global inventory census)"
"ts16_5","16","V57_TRANSFER_SUPPLEMENT","ts16_5","ts16_5","MCQ_blueprint_transfer","yes","yes","no","no","no","yes","no","no","","yes","UNAUDITED","no","Newly discovered this pass (global inventory census)"
"ts20_1","20","V57_TRANSFER_SUPPLEMENT","ts20_1","ts20_1","MCQ_blueprint_transfer","yes","yes","no","no","no","yes","no","no","","yes","UNAUDITED","no","Newly discovered this pass (global inventory census)"
"ts20_2","20","V57_TRANSFER_SUPPLEMENT","ts20_2","ts20_2","MCQ_blueprint_transfer","yes","yes","no","no","no","yes","no","no","","yes","UNAUDITED","no","Newly discovered this pass (global inventory census)"
"ts20_3","20","V57_TRANSFER_SUPPLEMENT","ts20_3","ts20_3","MCQ_blueprint_transfer","yes","yes","no","no","no","yes","no","no","","yes","UNAUDITED","no","Newly discovered this pass (global inventory census)"
"ts25_1","25","V57_TRANSFER_SUPPLEMENT","ts25_1","ts25_1","MCQ_blueprint_transfer","yes","yes","no","no","no","yes","no","no","","yes","UNAUDITED","no","Newly discovered this pass (global inventory census)"
"ts25_2","25","V57_TRANSFER_SUPPLEMENT","ts25_2","ts25_2","MCQ_blueprint_transfer","yes","yes","no","no","no","yes","no","no","","yes","UNAUDITED","no","Newly discovered this pass (global inventory census)"
"ts25_3","25","V57_TRANSFER_SUPPLEMENT","ts25_3","ts25_3","MCQ_blueprint_transfer","yes","yes","no","no","no","yes","no","no","","yes","UNAUDITED","no","Newly discovered this pass (global inventory census)"
"ts28_1","28","V57_TRANSFER_SUPPLEMENT","ts28_1","ts28_1","MCQ_blueprint_transfer","yes","yes","no","no","no","yes","no","no","","yes","UNAUDITED","no","Newly discovered this pass (global inventory census)"
"ts32_1","32","V57_TRANSFER_SUPPLEMENT","ts32_1","ts32_1","MCQ_blueprint_transfer","yes","yes","no","no","no","yes","no","no","","yes","UNAUDITED","no","Newly discovered this pass (global inventory census)"
"ts32_2","32","V57_TRANSFER_SUPPLEMENT","ts32_2","ts32_2","MCQ_blueprint_transfer","yes","yes","no","no","no","yes","no","no","","yes","UNAUDITED","no","Newly discovered this pass (global inventory census)"
"ts32_3","32","V57_TRANSFER_SUPPLEMENT","ts32_3","ts32_3","MCQ_blueprint_transfer","yes","yes","no","no","no","yes","no","no","","yes","UNAUDITED","no","Newly discovered this pass (global inventory census)"
"ts33_1","33","V57_TRANSFER_SUPPLEMENT","ts33_1","ts33_1","MCQ_blueprint_transfer","yes","yes","no","no","no","yes","no","no","","yes","UNAUDITED","no","Newly discovered this pass (global inventory census)"
"cx3_1","3","V520_CHALLENGE_EXTRAS","cx3_1","cx3_1","MCQ_challenge_extra","yes","yes","no","no","no","no","no","no","","yes","UNAUDITED","no","Newly discovered this pass (global inventory census)"
"cx14_1","14","V520_CHALLENGE_EXTRAS","cx14_1","cx14_1","MCQ_challenge_extra","yes","yes","no","no","no","no","no","no","","yes","UNAUDITED","no","Newly discovered this pass (global inventory census)"
"cx14_2","14","V520_CHALLENGE_EXTRAS","cx14_2","cx14_2","MCQ_challenge_extra","yes","yes","no","no","no","no","no","no","","yes","UNAUDITED","no","Newly discovered this pass (global inventory census)"
"cx14_3","14","V520_CHALLENGE_EXTRAS","cx14_3","cx14_3","MCQ_challenge_extra","yes","yes","no","no","no","no","no","no","","yes","UNAUDITED","no","Newly discovered this pass (global inventory census)"
"cx14_4","14","V520_CHALLENGE_EXTRAS","cx14_4","cx14_4","MCQ_challenge_extra","yes","yes","no","no","no","no","no","no","","yes","UNAUDITED","no","Newly discovered this pass (global inventory census)"
"cx14_5","14","V520_CHALLENGE_EXTRAS","cx14_5","cx14_5","MCQ_challenge_extra","yes","yes","no","no","no","no","no","no","","yes","UNAUDITED","no","Newly discovered this pass (global inventory census)"
"cx20_1","20","V520_CHALLENGE_EXTRAS","cx20_1","cx20_1","MCQ_challenge_extra","yes","yes","no","no","no","no","no","no","","yes","UNAUDITED","no","Newly discovered this pass (global inventory census)"
"cx28_1","28","V520_CHALLENGE_EXTRAS","cx28_1","cx28_1","MCQ_challenge_extra","yes","yes","no","no","no","no","no","no","","yes","UNAUDITED","no","Newly discovered this pass (global inventory census)"
"cx28_2","28","V520_CHALLENGE_EXTRAS","cx28_2","cx28_2","MCQ_challenge_extra","yes","yes","no","no","no","no","no","no","","yes","UNAUDITED","no","Newly discovered this pass (global inventory census)"
"cx28_3","28","V520_CHALLENGE_EXTRAS","cx28_3","cx28_3","MCQ_challenge_extra","yes","yes","no","no","no","no","no","no","","yes","UNAUDITED","no","Newly discovered this pass (global inventory census)"
"cx28_4","28","V520_CHALLENGE_EXTRAS","cx28_4","cx28_4","MCQ_challenge_extra","yes","yes","no","no","no","no","no","no","","yes","UNAUDITED","no","Newly discovered this pass (global inventory census)"
"cx28_5","28","V520_CHALLENGE_EXTRAS","cx28_5","cx28_5","MCQ_challenge_extra","yes","yes","no","no","no","no","no","no","","yes","UNAUDITED","no","Newly discovered this pass (global inventory census)"
"cx31_1","31","V520_CHALLENGE_EXTRAS","cx31_1","cx31_1","MCQ_challenge_extra","yes","yes","no","no","no","no","no","no","","yes","UNAUDITED","no","Newly discovered this pass (global inventory census)"
"cx31_2","31","V520_CHALLENGE_EXTRAS","cx31_2","cx31_2","MCQ_challenge_extra","yes","yes","no","no","no","no","no","no","","yes","UNAUDITED","no","Newly discovered this pass (global inventory census)"
"cx31_3","31","V520_CHALLENGE_EXTRAS","cx31_3","cx31_3","MCQ_challenge_extra","yes","yes","no","no","no","no","no","no","","yes","UNAUDITED","no","Newly discovered this pass (global inventory census)"
"cx31_4","31","V520_CHALLENGE_EXTRAS","cx31_4","cx31_4","MCQ_challenge_extra","yes","yes","no","no","no","no","no","no","","yes","UNAUDITED","no","Newly discovered this pass (global inventory census)"
"cx33_9","33","V520_CHALLENGE_EXTRAS","cx33_9","cx33_9","MCQ_challenge_extra","yes","yes","no","no","no","no","no","no","","yes","UNAUDITED","no","Newly discovered this pass (global inventory census)"
"cx33_10","33","V520_CHALLENGE_EXTRAS","cx33_10","cx33_10","MCQ_challenge_extra","yes","yes","no","no","no","no","no","no","","yes","UNAUDITED","no","Newly discovered this pass (global inventory census)"
"cx33_11","33","V520_CHALLENGE_EXTRAS","cx33_11","cx33_11","MCQ_challenge_extra","yes","yes","no","no","no","no","no","no","","yes","UNAUDITED","no","Newly discovered this pass (global inventory census)"
"cx34_1","34","V520_CHALLENGE_EXTRAS","cx34_1","cx34_1","MCQ_challenge_extra","yes","yes","no","no","no","no","no","no","","yes","UNAUDITED","no","Newly discovered this pass (global inventory census)"
"cx34_2","34","V520_CHALLENGE_EXTRAS","cx34_2","cx34_2","MCQ_challenge_extra","yes","yes","no","no","no","no","no","no","","yes","UNAUDITED","no","Newly discovered this pass (global inventory census)"
"cx34_3","34","V520_CHALLENGE_EXTRAS","cx34_3","cx34_3","MCQ_challenge_extra","yes","yes","no","no","no","no","no","no","","yes","UNAUDITED","no","Newly discovered this pass (global inventory census)"
"cx34_4","34","V520_CHALLENGE_EXTRAS","cx34_4","cx34_4","MCQ_challenge_extra","yes","yes","no","no","no","no","no","no","","yes","UNAUDITED","no","Newly discovered this pass (global inventory census)"
"cx34_5","34","V520_CHALLENGE_EXTRAS","cx34_5","cx34_5","MCQ_challenge_extra","yes","yes","no","no","no","no","no","no","","yes","UNAUDITED","no","Newly discovered this pass (global inventory census)"
"memo-01","general","MEMO_PROMPTS","memo-01","memo-01","memo_manual_response","yes","yes(manual-graded)","no","no","no","no","no","no","","contested-lower-priority","NOT SOURCE-CITED (procedural/synthesis prompt)","no","Non-MCQ manual-response item; not chapter-specific; no page-citation claim to verify"
"memo-02","general","MEMO_PROMPTS","memo-02","memo-02","memo_manual_response","yes","yes(manual-graded)","no","no","no","no","no","no","","contested-lower-priority","NOT SOURCE-CITED (procedural/synthesis prompt)","no","Non-MCQ manual-response item; not chapter-specific; no page-citation claim to verify"
"memo-03","general","MEMO_PROMPTS","memo-03","memo-03","memo_manual_response","yes","yes(manual-graded)","no","no","no","no","no","no","","contested-lower-priority","NOT SOURCE-CITED (procedural/synthesis prompt)","no","Non-MCQ manual-response item; not chapter-specific; no page-citation claim to verify"
"memo-04","general","MEMO_PROMPTS","memo-04","memo-04","memo_manual_response","yes","yes(manual-graded)","no","no","no","no","no","no","","contested-lower-priority","NOT SOURCE-CITED (procedural/synthesis prompt)","no","Non-MCQ manual-response item; not chapter-specific; no page-citation claim to verify"
"memo-05","general","MEMO_PROMPTS","memo-05","memo-05","memo_manual_response","yes","yes(manual-graded)","no","no","no","no","no","no","","contested-lower-priority","NOT SOURCE-CITED (procedural/synthesis prompt)","no","Non-MCQ manual-response item; not chapter-specific; no page-citation claim to verify"
