placement_id,canonical_content_id,chapter,mode_source_surface,source_bank,source_record_id,runtime_id,official_item_id,placement_reason,learner_reachable,scoring_reachable,notes
PLC-00001,9-1,9,Chapter Practice (native bank),QUESTIONS,9-1,9-1,9-1,primary placement,yes,yes,
PLC-00002,9-2,9,Chapter Practice (native bank),QUESTIONS,9-2,9-2,9-2,primary placement,yes,yes,
PLC-00003,9-3,9,Chapter Practice (native bank),QUESTIONS,9-3,9-3,9-3,primary placement,yes,yes,
PLC-00004,9-4,9,Chapter Practice (native bank),QUESTIONS,9-4,9-4,9-4,primary placement,yes,yes,
PLC-00005,9-5,9,Chapter Practice (native bank),QUESTIONS,9-5,9-5,9-5,primary placement,yes,yes,
PLC-00006,14-1,14,Chapter Practice (native bank),QUESTIONS,14-1,14-1,14-1,primary placement,yes,yes,
PLC-00007,14-2,14,Chapter Practice (native bank),QUESTIONS,14-2,14-2,14-2,primary placement,yes,yes,
PLC-00008,14-3,14,Chapter Practice (native bank),QUESTIONS,14-3,14-3,14-3,primary placement,yes,yes,
PLC-00009,14-4,14,Chapter Practice (native bank),QUESTIONS,14-4,14-4,14-4,primary placement,yes,yes,
PLC-00010,14-5,14,Chapter Practice (native bank),QUESTIONS,14-5,14-5,14-5,primary placement,yes,yes,
PLC-00011,19-1,19,Chapter Practice (native bank),QUESTIONS,19-1,19-1,19-1,primary placement,yes,yes,
PLC-00012,19-2,19,Chapter Practice (native bank),QUESTIONS,19-2,19-2,19-2,primary placement,yes,yes,
PLC-00013,19-3,19,Chapter Practice (native bank),QUESTIONS,19-3,19-3,19-3,primary placement,yes,yes,
PLC-00014,19-4,19,Chapter Practice (native bank),QUESTIONS,19-4,19-4,19-4,primary placement,yes,yes,
PLC-00015,19-5,19,Chapter Practice (native bank),QUESTIONS,19-5,19-5,19-5,primary placement,yes,yes,
PLC-00016,19-6,19,Chapter Practice (native bank),QUESTIONS,19-6,19-6,19-6,primary placement,yes,yes,
PLC-00017,19-7,19,Chapter Practice (native bank),QUESTIONS,19-7,19-7,19-7,primary placement,yes,yes,
PLC-00018,19-8,19,Chapter Practice (native bank),QUESTIONS,19-8,19-8,19-8,primary placement,yes,yes,
PLC-00019,19-9,19,Chapter Practice (native bank),QUESTIONS,19-9,19-9,19-9,primary placement,yes,yes,
PLC-00020,23-1,23,Chapter Practice (native bank),QUESTIONS,23-1,23-1,23-1,primary placement,yes,yes,
PLC-00021,23-2,23,Chapter Practice (native bank),QUESTIONS,23-2,23-2,23-2,primary placement,yes,yes,
PLC-00022,23-3,23,Chapter Practice (native bank),QUESTIONS,23-3,23-3,23-3,primary placement,yes,yes,
PLC-00023,23-4,23,Chapter Practice (native bank),QUESTIONS,23-4,23-4,23-4,primary placement,yes,yes,
PLC-00024,23-5,23,Chapter Practice (native bank),QUESTIONS,23-5,23-5,23-5,primary placement,yes,yes,
PLC-00025,31-1,31,Chapter Practice (native bank),QUESTIONS,31-1,31-1,31-1,primary placement,yes,yes,
PLC-00026,31-2,31,Chapter Practice (native bank),QUESTIONS,31-2,31-2,31-2,primary placement,yes,yes,
PLC-00027,31-3,31,Chapter Practice (native bank),QUESTIONS,31-3,31-3,31-3,primary placement,yes,yes,
PLC-00028,31-4,31,Chapter Practice (native bank),QUESTIONS,31-4,31-4,31-4,primary placement,yes,yes,
PLC-00029,27-1,27,Chapter Practice (native bank),QUESTIONS,27-1,27-1,27-1,primary placement,yes,yes,
PLC-00030,27-2,27,Chapter Practice (native bank),QUESTIONS,27-2,27-2,27-2,primary placement,yes,yes,
PLC-00031,27-3,27,Chapter Practice (native bank),QUESTIONS,27-3,27-3,27-3,primary placement,yes,yes,
PLC-00032,21-1,21,Chapter Practice (native bank),QUESTIONS,21-1,21-1,21-1,primary placement,yes,yes,
PLC-00033,22-1,22,Chapter Practice (native bank),QUESTIONS,22-1,22-1,22-1,primary placement,yes,yes,
PLC-00034,22-2,22,Chapter Practice (native bank),QUESTIONS,22-2,22-2,22-2,primary placement,yes,yes,
PLC-00035,33-1,33,Chapter Practice (native bank),QUESTIONS,33-1,33-1,33-1,primary placement,yes,yes,
PLC-00036,18-1,18,Chapter Practice (native bank),QUESTIONS,18-1,18-1,18-1,primary placement,yes,yes,
PLC-00037,26-1,26,Chapter Practice (native bank),QUESTIONS,26-1,26-1,26-1,primary placement,yes,yes,
PLC-00038,25-1,25,Chapter Practice (native bank),QUESTIONS,25-1,25-1,25-1,primary placement,yes,yes,
PLC-00039,30-1,30,Chapter Practice (native bank),QUESTIONS,30-1,30-1,30-1,primary placement,yes,yes,
PLC-00040,30-2,30,Chapter Practice (native bank),QUESTIONS,30-2,30-2,30-2,primary placement,yes,yes,
PLC-00041,1-1,1,Chapter Practice (native bank),QUESTIONS,1-1,1-1,1-1,primary placement,yes,yes,
PLC-00042,1-2,1,Chapter Practice (native bank),QUESTIONS,1-2,1-2,1-2,primary placement,yes,yes,
PLC-00043,1-3,1,Chapter Practice (native bank),QUESTIONS,1-3,1-3,1-3,primary placement,yes,yes,
PLC-00044,1-4,1,Chapter Practice (native bank),QUESTIONS,1-4,1-4,1-4,primary placement,yes,yes,
PLC-00045,1-5,1,Chapter Practice (native bank),QUESTIONS,1-5,1-5,1-5,primary placement,yes,yes,
PLC-00046,1-6,1,Chapter Practice (native bank),QUESTIONS,1-6,1-6,1-6,primary placement,yes,yes,
PLC-00047,1-7,1,Chapter Practice (native bank),QUESTIONS,1-7,1-7,1-7,primary placement,yes,yes,
PLC-00048,1-8,1,Chapter Practice (native bank),QUESTIONS,1-8,1-8,1-8,primary placement,yes,yes,
PLC-00049,1-9,1,Chapter Practice (native bank),QUESTIONS,1-9,1-9,1-9,primary placement,yes,yes,
PLC-00050,1-10,1,Chapter Practice (native bank),QUESTIONS,1-10,1-10,1-10,primary placement,yes,yes,
PLC-00051,2-1,2,Chapter Practice (native bank),QUESTIONS,2-1,2-1,2-1,primary placement,yes,yes,
PLC-00052,2-2,2,Chapter Practice (native bank),QUESTIONS,2-2,2-2,2-2,primary placement,yes,yes,
PLC-00053,2-3,2,Chapter Practice (native bank),QUESTIONS,2-3,2-3,2-3,primary placement,yes,yes,
PLC-00054,2-4,2,Chapter Practice (native bank),QUESTIONS,2-4,2-4,2-4,primary placement,yes,yes,
PLC-00055,2-5,2,Chapter Practice (native bank),QUESTIONS,2-5,2-5,2-5,primary placement,yes,yes,
PLC-00056,2-6,2,Chapter Practice (native bank),QUESTIONS,2-6,2-6,2-6,primary placement,yes,yes,
PLC-00057,2-7,2,Chapter Practice (native bank),QUESTIONS,2-7,2-7,2-7,primary placement,yes,yes,
PLC-00058,2-8,2,Chapter Practice (native bank),QUESTIONS,2-8,2-8,2-8,primary placement,yes,yes,
PLC-00059,2-9,2,Chapter Practice (native bank),QUESTIONS,2-9,2-9,2-9,primary placement,yes,yes,
PLC-00060,2-10,2,Chapter Practice (native bank),QUESTIONS,2-10,2-10,2-10,primary placement,yes,yes,
PLC-00061,3-1,3,Chapter Practice (native bank),QUESTIONS,3-1,3-1,3-1,primary placement,yes,yes,
PLC-00062,3-2,3,Chapter Practice (native bank),QUESTIONS,3-2,3-2,3-2,primary placement,yes,yes,
PLC-00063,3-3,3,Chapter Practice (native bank),QUESTIONS,3-3,3-3,3-3,primary placement,yes,yes,
PLC-00064,3-4,3,Chapter Practice (native bank),QUESTIONS,3-4,3-4,3-4,primary placement,yes,yes,
PLC-00065,3-5,3,Chapter Practice (native bank),QUESTIONS,3-5,3-5,3-5,primary placement,yes,yes,
PLC-00066,3-6,3,Chapter Practice (native bank),QUESTIONS,3-6,3-6,3-6,primary placement,yes,yes,
PLC-00067,3-7,3,Chapter Practice (native bank),QUESTIONS,3-7,3-7,3-7,primary placement,yes,yes,
PLC-00068,3-8,3,Chapter Practice (native bank),QUESTIONS,3-8,3-8,3-8,primary placement,yes,yes,
PLC-00069,3-9,3,Chapter Practice (native bank),QUESTIONS,3-9,3-9,3-9,primary placement,yes,yes,
PLC-00070,3-10,3,Chapter Practice (native bank),QUESTIONS,3-10,3-10,3-10,primary placement,yes,yes,
PLC-00071,3-11,3,Chapter Practice (native bank),QUESTIONS,3-11,3-11,3-11,primary placement,yes,yes,
PLC-00072,3-12,3,Chapter Practice (native bank),QUESTIONS,3-12,3-12,3-12,primary placement,yes,yes,
PLC-00073,4-1,4,Chapter Practice (native bank),QUESTIONS,4-1,4-1,4-1,primary placement,yes,yes,
PLC-00074,4-2,4,Chapter Practice (native bank),QUESTIONS,4-2,4-2,4-2,primary placement,yes,yes,
PLC-00075,4-3,4,Chapter Practice (native bank),QUESTIONS,4-3,4-3,4-3,primary placement,yes,yes,
PLC-00076,4-4,4,Chapter Practice (native bank),QUESTIONS,4-4,4-4,4-4,primary placement,yes,yes,
PLC-00077,4-5,4,Chapter Practice (native bank),QUESTIONS,4-5,4-5,4-5,primary placement,yes,yes,
PLC-00078,4-6,4,Chapter Practice (native bank),QUESTIONS,4-6,4-6,4-6,primary placement,yes,yes,
PLC-00079,4-7,4,Chapter Practice (native bank),QUESTIONS,4-7,4-7,4-7,primary placement,yes,yes,
PLC-00080,4-8,4,Chapter Practice (native bank),QUESTIONS,4-8,4-8,4-8,primary placement,yes,yes,
PLC-00081,4-9,4,Chapter Practice (native bank),QUESTIONS,4-9,4-9,4-9,primary placement,yes,yes,
PLC-00082,4-10,4,Chapter Practice (native bank),QUESTIONS,4-10,4-10,4-10,primary placement,yes,yes,
PLC-00083,4-11,4,Chapter Practice (native bank),QUESTIONS,4-11,4-11,4-11,primary placement,yes,yes,
PLC-00084,4-12,4,Chapter Practice (native bank),QUESTIONS,4-12,4-12,4-12,primary placement,yes,yes,
PLC-00085,5-1,5,Chapter Practice (native bank),QUESTIONS,5-1,5-1,5-1,primary placement,yes,yes,
PLC-00086,5-2,5,Chapter Practice (native bank),QUESTIONS,5-2,5-2,5-2,primary placement,yes,yes,
PLC-00087,5-3,5,Chapter Practice (native bank),QUESTIONS,5-3,5-3,5-3,primary placement,yes,yes,
PLC-00088,5-4,5,Chapter Practice (native bank),QUESTIONS,5-4,5-4,5-4,primary placement,yes,yes,
PLC-00089,5-5,5,Chapter Practice (native bank),QUESTIONS,5-5,5-5,5-5,primary placement,yes,yes,
PLC-00090,5-6,5,Chapter Practice (native bank),QUESTIONS,5-6,5-6,5-6,primary placement,yes,yes,
PLC-00091,5-7,5,Chapter Practice (native bank),QUESTIONS,5-7,5-7,5-7,primary placement,yes,yes,
PLC-00092,5-8,5,Chapter Practice (native bank),QUESTIONS,5-8,5-8,5-8,primary placement,yes,yes,
PLC-00093,6-1,6,Chapter Practice (native bank),QUESTIONS,6-1,6-1,6-1,primary placement,yes,yes,
PLC-00094,6-2,6,Chapter Practice (native bank),QUESTIONS,6-2,6-2,6-2,primary placement,yes,yes,
PLC-00095,6-3,6,Chapter Practice (native bank),QUESTIONS,6-3,6-3,6-3,primary placement,yes,yes,
PLC-00096,6-4,6,Chapter Practice (native bank),QUESTIONS,6-4,6-4,6-4,primary placement,yes,yes,
PLC-00097,6-5,6,Chapter Practice (native bank),QUESTIONS,6-5,6-5,6-5,primary placement,yes,yes,
PLC-00098,6-6,6,Chapter Practice (native bank),QUESTIONS,6-6,6-6,6-6,primary placement,yes,yes,
PLC-00099,6-7,6,Chapter Practice (native bank),QUESTIONS,6-7,6-7,6-7,primary placement,yes,yes,
PLC-00100,6-8,6,Chapter Practice (native bank),QUESTIONS,6-8,6-8,6-8,primary placement,yes,yes,
PLC-00101,7-1,7,Chapter Practice (native bank),QUESTIONS,7-1,7-1,7-1,primary placement,yes,yes,
PLC-00102,7-2,7,Chapter Practice (native bank),QUESTIONS,7-2,7-2,7-2,primary placement,yes,yes,
PLC-00103,7-3,7,Chapter Practice (native bank),QUESTIONS,7-3,7-3,7-3,primary placement,yes,yes,
PLC-00104,7-4,7,Chapter Practice (native bank),QUESTIONS,7-4,7-4,7-4,primary placement,yes,yes,
PLC-00105,7-5,7,Chapter Practice (native bank),QUESTIONS,7-5,7-5,7-5,primary placement,yes,yes,
PLC-00106,7-6,7,Chapter Practice (native bank),QUESTIONS,7-6,7-6,7-6,primary placement,yes,yes,
PLC-00107,7-7,7,Chapter Practice (native bank),QUESTIONS,7-7,7-7,7-7,primary placement,yes,yes,
PLC-00108,7-8,7,Chapter Practice (native bank),QUESTIONS,7-8,7-8,7-8,primary placement,yes,yes,
PLC-00109,7-9,7,Chapter Practice (native bank),QUESTIONS,7-9,7-9,7-9,primary placement,yes,yes,
PLC-00110,7-10,7,Chapter Practice (native bank),QUESTIONS,7-10,7-10,7-10,primary placement,yes,yes,
PLC-00111,8-1,8,Chapter Practice (native bank),QUESTIONS,8-1,8-1,8-1,primary placement,yes,yes,
PLC-00112,8-2,8,Chapter Practice (native bank),QUESTIONS,8-2,8-2,8-2,primary placement,yes,yes,
PLC-00113,8-3,8,Chapter Practice (native bank),QUESTIONS,8-3,8-3,8-3,primary placement,yes,yes,
PLC-00114,8-4,8,Chapter Practice (native bank),QUESTIONS,8-4,8-4,8-4,primary placement,yes,yes,
PLC-00115,8-5,8,Chapter Practice (native bank),QUESTIONS,8-5,8-5,8-5,primary placement,yes,yes,
PLC-00116,8-6,8,Chapter Practice (native bank),QUESTIONS,8-6,8-6,8-6,primary placement,yes,yes,
PLC-00117,8-7,8,Chapter Practice (native bank),QUESTIONS,8-7,8-7,8-7,primary placement,yes,yes,
PLC-00118,10-1,10,Chapter Practice (native bank),QUESTIONS,10-1,10-1,10-1,primary placement,yes,yes,
PLC-00119,10-2,10,Chapter Practice (native bank),QUESTIONS,10-2,10-2,10-2,primary placement,yes,yes,
PLC-00120,10-3,10,Chapter Practice (native bank),QUESTIONS,10-3,10-3,10-3,primary placement,yes,yes,
PLC-00121,10-4,10,Chapter Practice (native bank),QUESTIONS,10-4,10-4,10-4,primary placement,yes,yes,
PLC-00122,10-5,10,Chapter Practice (native bank),QUESTIONS,10-5,10-5,10-5,primary placement,yes,yes,
PLC-00123,10-6,10,Chapter Practice (native bank),QUESTIONS,10-6,10-6,10-6,primary placement,yes,yes,
PLC-00124,10-7,10,Chapter Practice (native bank),QUESTIONS,10-7,10-7,10-7,primary placement,yes,yes,
PLC-00125,10-8,10,Chapter Practice (native bank),QUESTIONS,10-8,10-8,10-8,primary placement,yes,yes,
PLC-00126,11-1,11,Chapter Practice (native bank),QUESTIONS,11-1,11-1,11-1,primary placement,yes,yes,
PLC-00127,11-2,11,Chapter Practice (native bank),QUESTIONS,11-2,11-2,11-2,primary placement,yes,yes,
PLC-00128,11-3,11,Chapter Practice (native bank),QUESTIONS,11-3,11-3,11-3,primary placement,yes,yes,
PLC-00129,11-4,11,Chapter Practice (native bank),QUESTIONS,11-4,11-4,11-4,primary placement,yes,yes,
PLC-00130,11-5,11,Chapter Practice (native bank),QUESTIONS,11-5,11-5,11-5,primary placement,yes,yes,
PLC-00131,11-6,11,Chapter Practice (native bank),QUESTIONS,11-6,11-6,11-6,primary placement,yes,yes,
PLC-00132,11-7,11,Chapter Practice (native bank),QUESTIONS,11-7,11-7,11-7,primary placement,yes,yes,
PLC-00133,11-8,11,Chapter Practice (native bank),QUESTIONS,11-8,11-8,11-8,primary placement,yes,yes,
PLC-00134,11-9,11,Chapter Practice (native bank),QUESTIONS,11-9,11-9,11-9,primary placement,yes,yes,
PLC-00135,11-10,11,Chapter Practice (native bank),QUESTIONS,11-10,11-10,11-10,primary placement,yes,yes,
PLC-00136,12-1,12,Chapter Practice (native bank),QUESTIONS,12-1,12-1,12-1,primary placement,yes,yes,
PLC-00137,12-2,12,Chapter Practice (native bank),QUESTIONS,12-2,12-2,12-2,primary placement,yes,yes,
PLC-00138,12-3,12,Chapter Practice (native bank),QUESTIONS,12-3,12-3,12-3,primary placement,yes,yes,
PLC-00139,12-4,12,Chapter Practice (native bank),QUESTIONS,12-4,12-4,12-4,primary placement,yes,yes,
PLC-00140,12-5,12,Chapter Practice (native bank),QUESTIONS,12-5,12-5,12-5,primary placement,yes,yes,
PLC-00141,12-6,12,Chapter Practice (native bank),QUESTIONS,12-6,12-6,12-6,primary placement,yes,yes,
PLC-00142,13-1,13,Chapter Practice (native bank),QUESTIONS,13-1,13-1,13-1,primary placement,yes,yes,
PLC-00143,13-2,13,Chapter Practice (native bank),QUESTIONS,13-2,13-2,13-2,primary placement,yes,yes,
PLC-00144,13-3,13,Chapter Practice (native bank),QUESTIONS,13-3,13-3,13-3,primary placement,yes,yes,
PLC-00145,13-4,13,Chapter Practice (native bank),QUESTIONS,13-4,13-4,13-4,primary placement,yes,yes,
PLC-00146,13-5,13,Chapter Practice (native bank),QUESTIONS,13-5,13-5,13-5,primary placement,yes,yes,
PLC-00147,13-6,13,Chapter Practice (native bank),QUESTIONS,13-6,13-6,13-6,primary placement,yes,yes,
PLC-00148,13-7,13,Chapter Practice (native bank),QUESTIONS,13-7,13-7,13-7,primary placement,yes,yes,
PLC-00149,13-8,13,Chapter Practice (native bank),QUESTIONS,13-8,13-8,13-8,primary placement,yes,yes,
PLC-00150,13-9,13,Chapter Practice (native bank),QUESTIONS,13-9,13-9,13-9,primary placement,yes,yes,
PLC-00151,13-10,13,Chapter Practice (native bank),QUESTIONS,13-10,13-10,13-10,primary placement,yes,yes,
PLC-00152,15-1,15,Chapter Practice (native bank),QUESTIONS,15-1,15-1,15-1,primary placement,yes,yes,
PLC-00153,15-2,15,Chapter Practice (native bank),QUESTIONS,15-2,15-2,15-2,primary placement,yes,yes,
PLC-00154,15-3,15,Chapter Practice (native bank),QUESTIONS,15-3,15-3,15-3,primary placement,yes,yes,
PLC-00155,15-4,15,Chapter Practice (native bank),QUESTIONS,15-4,15-4,15-4,primary placement,yes,yes,
PLC-00156,15-5,15,Chapter Practice (native bank),QUESTIONS,15-5,15-5,15-5,primary placement,yes,yes,
PLC-00157,15-6,15,Chapter Practice (native bank),QUESTIONS,15-6,15-6,15-6,primary placement,yes,yes,
PLC-00158,16-1,16,Chapter Practice (native bank),QUESTIONS,16-1,16-1,16-1,primary placement,yes,yes,
PLC-00159,16-2,16,Chapter Practice (native bank),QUESTIONS,16-2,16-2,16-2,primary placement,yes,yes,
PLC-00160,16-3,16,Chapter Practice (native bank),QUESTIONS,16-3,16-3,16-3,primary placement,yes,yes,
PLC-00161,16-4,16,Chapter Practice (native bank),QUESTIONS,16-4,16-4,16-4,primary placement,yes,yes,
PLC-00162,16-5,16,Chapter Practice (native bank),QUESTIONS,16-5,16-5,16-5,primary placement,yes,yes,
PLC-00163,17-1,17,Chapter Practice (native bank),QUESTIONS,17-1,17-1,17-1,primary placement,yes,yes,
PLC-00164,17-2,17,Chapter Practice (native bank),QUESTIONS,17-2,17-2,17-2,primary placement,yes,yes,
PLC-00165,17-3,17,Chapter Practice (native bank),QUESTIONS,17-3,17-3,17-3,primary placement,yes,yes,
PLC-00166,17-4,17,Chapter Practice (native bank),QUESTIONS,17-4,17-4,17-4,primary placement,yes,yes,
PLC-00167,17-5,17,Chapter Practice (native bank),QUESTIONS,17-5,17-5,17-5,primary placement,yes,yes,
PLC-00168,20-1,20,Chapter Practice (native bank),QUESTIONS,20-1,20-1,20-1,primary placement,yes,yes,
PLC-00169,20-2,20,Chapter Practice (native bank),QUESTIONS,20-2,20-2,20-2,primary placement,yes,yes,
PLC-00170,20-3,20,Chapter Practice (native bank),QUESTIONS,20-3,20-3,20-3,primary placement,yes,yes,
PLC-00171,20-4,20,Chapter Practice (native bank),QUESTIONS,20-4,20-4,20-4,primary placement,yes,yes,
PLC-00172,20-5,20,Chapter Practice (native bank),QUESTIONS,20-5,20-5,20-5,primary placement,yes,yes,
PLC-00173,20-6,20,Chapter Practice (native bank),QUESTIONS,20-6,20-6,20-6,primary placement,yes,yes,
PLC-00174,20-7,20,Chapter Practice (native bank),QUESTIONS,20-7,20-7,20-7,primary placement,yes,yes,
PLC-00175,20-8,20,Chapter Practice (native bank),QUESTIONS,20-8,20-8,20-8,primary placement,yes,yes,
PLC-00176,20-9,20,Chapter Practice (native bank),QUESTIONS,20-9,20-9,20-9,primary placement,yes,yes,
PLC-00177,20-10,20,Chapter Practice (native bank),QUESTIONS,20-10,20-10,20-10,primary placement,yes,yes,
PLC-00178,24-1,24,Chapter Practice (native bank),QUESTIONS,24-1,24-1,24-1,primary placement,yes,yes,
PLC-00179,24-2,24,Chapter Practice (native bank),QUESTIONS,24-2,24-2,24-2,primary placement,yes,yes,
PLC-00180,24-3,24,Chapter Practice (native bank),QUESTIONS,24-3,24-3,24-3,primary placement,yes,yes,
PLC-00181,24-4,24,Chapter Practice (native bank),QUESTIONS,24-4,24-4,24-4,primary placement,yes,yes,
PLC-00182,24-5,24,Chapter Practice (native bank),QUESTIONS,24-5,24-5,24-5,primary placement,yes,yes,
PLC-00183,28-1,28,Chapter Practice (native bank),QUESTIONS,28-1,28-1,28-1,primary placement,yes,yes,
PLC-00184,28-2,28,Chapter Practice (native bank),QUESTIONS,28-2,28-2,28-2,primary placement,yes,yes,
PLC-00185,28-3,28,Chapter Practice (native bank),QUESTIONS,28-3,28-3,28-3,primary placement,yes,yes,
PLC-00186,28-4,28,Chapter Practice (native bank),QUESTIONS,28-4,28-4,28-4,primary placement,yes,yes,
PLC-00187,28-5,28,Chapter Practice (native bank),QUESTIONS,28-5,28-5,28-5,primary placement,yes,yes,
PLC-00188,28-6,28,Chapter Practice (native bank),QUESTIONS,28-6,28-6,28-6,primary placement,yes,yes,
PLC-00189,28-7,28,Chapter Practice (native bank),QUESTIONS,28-7,28-7,28-7,primary placement,yes,yes,
PLC-00190,29-1,29,Chapter Practice (native bank),QUESTIONS,29-1,29-1,29-1,primary placement,yes,yes,
PLC-00191,29-2,29,Chapter Practice (native bank),QUESTIONS,29-2,29-2,29-2,primary placement,yes,yes,
PLC-00192,29-3,29,Chapter Practice (native bank),QUESTIONS,29-3,29-3,29-3,primary placement,yes,yes,
PLC-00193,29-4,29,Chapter Practice (native bank),QUESTIONS,29-4,29-4,29-4,primary placement,yes,yes,
PLC-00194,29-5,29,Chapter Practice (native bank),QUESTIONS,29-5,29-5,29-5,primary placement,yes,yes,
PLC-00195,29-6,29,Chapter Practice (native bank),QUESTIONS,29-6,29-6,29-6,primary placement,yes,yes,
PLC-00196,29-7,29,Chapter Practice (native bank),QUESTIONS,29-7,29-7,29-7,primary placement,yes,yes,
PLC-00197,29-8,29,Chapter Practice (native bank),QUESTIONS,29-8,29-8,29-8,primary placement,yes,yes,
PLC-00198,29-9,29,Chapter Practice (native bank),QUESTIONS,29-9,29-9,29-9,primary placement,yes,yes,
PLC-00199,32-1,32,Chapter Practice (native bank),QUESTIONS,32-1,32-1,32-1,primary placement,yes,yes,
PLC-00200,32-2,32,Chapter Practice (native bank),QUESTIONS,32-2,32-2,32-2,primary placement,yes,yes,
PLC-00201,32-3,32,Chapter Practice (native bank),QUESTIONS,32-3,32-3,32-3,primary placement,yes,yes,
PLC-00202,32-4,32,Chapter Practice (native bank),QUESTIONS,32-4,32-4,32-4,primary placement,yes,yes,
PLC-00203,32-5,32,Chapter Practice (native bank),QUESTIONS,32-5,32-5,32-5,primary placement,yes,yes,
PLC-00204,34-1,34,Chapter Practice (native bank),QUESTIONS,34-1,34-1,34-1,primary placement,yes,yes,
PLC-00205,34-2,34,Chapter Practice (native bank),QUESTIONS,34-2,34-2,34-2,primary placement,yes,yes,
PLC-00206,34-3,34,Chapter Practice (native bank),QUESTIONS,34-3,34-3,34-3,primary placement,yes,yes,
PLC-00207,34-4,34,Chapter Practice (native bank),QUESTIONS,34-4,34-4,34-4,primary placement,yes,yes,
PLC-00208,34-5,34,Chapter Practice (native bank),QUESTIONS,34-5,34-5,34-5,primary placement,yes,yes,
PLC-00209,23-6,23,Chapter Practice (native bank),QUESTIONS,23-6,23-6,23-6,primary placement,yes,yes,
PLC-00210,19-10,19,Chapter Practice (native bank),QUESTIONS,19-10,19-10,19-10,primary placement,yes,yes,
PLC-00211,3-13,3,Chapter Practice (native bank),QUESTIONS,3-13,3-13,3-13,primary placement,yes,yes,
PLC-00212,23-7,23,Chapter Practice (native bank),QUESTIONS,23-7,23-7,23-7,primary placement,yes,yes,
PLC-00213,10-9,10,Chapter Practice (native bank),QUESTIONS,10-9,10-9,10-9,primary placement,yes,yes,
PLC-00214,28-8,28,Chapter Practice (native bank),QUESTIONS,28-8,28-8,28-8,primary placement,yes,yes,
PLC-00215,18-2,18,Chapter Practice (native bank),QUESTIONS,18-2,18-2,18-2,primary placement,yes,yes,
PLC-00216,31-5,31,Chapter Practice (native bank),QUESTIONS,31-5,31-5,31-5,primary placement,yes,yes,
PLC-00217,22-3,22,Chapter Practice (native bank),QUESTIONS,22-3,22-3,22-3,primary placement,yes,yes,
PLC-00218,25-2,25,Chapter Practice (native bank),QUESTIONS,25-2,25-2,25-2,primary placement,yes,yes,
PLC-00219,27-4,27,Chapter Practice (native bank),QUESTIONS,27-4,27-4,27-4,primary placement,yes,yes,
PLC-00220,3-14,3,Chapter Practice (native bank),QUESTIONS,3-14,3-14,3-14,primary placement,yes,yes,
PLC-00221,12-7,12,Chapter Practice (native bank),QUESTIONS,12-7,12-7,12-7,primary placement,yes,yes,
PLC-00222,12-8,12,Chapter Practice (native bank),QUESTIONS,12-8,12-8,12-8,primary placement,yes,yes,
PLC-00223,9-6,9,Chapter Practice (native bank),QUESTIONS,9-6,9-6,9-6,primary placement,yes,yes,
PLC-00224,27-5,27,Chapter Practice (native bank),QUESTIONS,27-5,27-5,27-5,primary placement,yes,yes,
PLC-00225,9-7,9,Chapter Practice (native bank),QUESTIONS,9-7,9-7,9-7,primary placement,yes,yes,
PLC-00226,9-8,9,Chapter Practice (native bank),QUESTIONS,9-8,9-8,9-8,primary placement,yes,yes,
PLC-00227,9-9,9,Chapter Practice (native bank),QUESTIONS,9-9,9-9,9-9,primary placement,yes,yes,
PLC-00228,23-8,23,Chapter Practice (native bank),QUESTIONS,23-8,23-8,23-8,primary placement,yes,yes,
PLC-00229,9-10,9,Chapter Practice (native bank),QUESTIONS,9-10,9-10,9-10,primary placement,yes,yes,
PLC-00230,28-9,28,Chapter Practice (native bank),QUESTIONS,28-9,28-9,28-9,primary placement,yes,yes,
PLC-00231,9-11,9,Chapter Practice (native bank),QUESTIONS,9-11,9-11,9-11,primary placement,yes,yes,
PLC-00232,26-2,26,Chapter Practice (native bank),QUESTIONS,26-2,26-2,26-2,primary placement,yes,yes,
PLC-00233,32-6,32,Chapter Practice (native bank),QUESTIONS,32-6,32-6,32-6,primary placement,yes,yes,
PLC-00234,29-10,29,Chapter Practice (native bank),QUESTIONS,29-10,29-10,29-10,primary placement,yes,yes,
PLC-00235,13-11,13,Chapter Practice (native bank),QUESTIONS,13-11,13-11,13-11,primary placement,yes,yes,
PLC-00236,14-6,14,Chapter Practice (native bank),QUESTIONS,14-6,14-6,14-6,primary placement,yes,yes,
PLC-00237,15-7,15,Chapter Practice (native bank),QUESTIONS,15-7,15-7,15-7,primary placement,yes,yes,
PLC-00238,9-12,9,Chapter Practice (native bank),QUESTIONS,9-12,9-12,9-12,primary placement,yes,yes,
PLC-00239,14-7,14,Chapter Practice (native bank),QUESTIONS,14-7,14-7,14-7,primary placement,yes,yes,
PLC-00240,9-13,9,Chapter Practice (native bank),QUESTIONS,9-13,9-13,9-13,primary placement,yes,yes,
PLC-00241,13-12,13,Chapter Practice (native bank),QUESTIONS,13-12,13-12,13-12,primary placement,yes,yes,
PLC-00242,27-6,27,Chapter Practice (native bank),QUESTIONS,27-6,27-6,27-6,primary placement,yes,yes,
PLC-00243,31-6,31,Chapter Practice (native bank),QUESTIONS,31-6,31-6,31-6,primary placement,yes,yes,
PLC-00244,14-8,14,Chapter Practice (native bank),QUESTIONS,14-8,14-8,14-8,primary placement,yes,yes,
PLC-00245,14-9,14,Chapter Practice (native bank),QUESTIONS,14-9,14-9,14-9,primary placement,yes,yes,
PLC-00246,23-9,23,Chapter Practice (native bank),QUESTIONS,23-9,23-9,23-9,primary placement,yes,yes,
PLC-00247,14-10,14,Chapter Practice (native bank),QUESTIONS,14-10,14-10,14-10,primary placement,yes,"NO - EXCLUDED (SOURCE SUPPORT INSUFFICIENT, Batch C)",Batch C: unsupported CPI x SPI composite EAC formula; excluded from evidence.
PLC-00248,32-7,32,Chapter Practice (native bank),QUESTIONS,32-7,32-7,32-7,primary placement,yes,yes,
PLC-00249,16-6,16,Chapter Practice (native bank),QUESTIONS,16-6,16-6,16-6,primary placement,yes,yes,
PLC-00250,13-13,13,Chapter Practice (native bank),QUESTIONS,13-13,13-13,13-13,primary placement,yes,yes,
PLC-00251,18-3,18,Chapter Practice (native bank),QUESTIONS,18-3,18-3,18-3,primary placement,yes,yes,
PLC-00252,14-11,14,Chapter Practice (native bank),QUESTIONS,14-11,14-11,14-11,primary placement,yes,yes,
PLC-00253,14-12,14,Chapter Practice (native bank),QUESTIONS,14-12,14-12,14-12,primary placement,yes,yes,
PLC-00254,2-11,2,Chapter Practice (native bank),QUESTIONS,2-11,2-11,2-11,primary placement,yes,yes,
PLC-00255,18-4,18,Chapter Practice (native bank),QUESTIONS,18-4,18-4,18-4,primary placement,yes,yes,
PLC-00256,14-13,14,Chapter Practice (native bank),QUESTIONS,14-13,14-13,14-13,primary placement,yes,yes,
PLC-00257,14-14,14,Chapter Practice (native bank),QUESTIONS,14-14,14-14,14-14,primary placement,yes,yes,
PLC-00258,31-7,31,Chapter Practice (native bank),QUESTIONS,31-7,31-7,31-7,primary placement,yes,yes,
PLC-00259,7-11,7,Chapter Practice (native bank),QUESTIONS,7-11,7-11,7-11,primary placement,yes,yes,
PLC-00260,14-15,14,Chapter Practice (native bank),QUESTIONS,14-15,14-15,14-15,primary placement,yes,yes,
PLC-00261,13-14,13,Chapter Practice (native bank),QUESTIONS,13-14,13-14,13-14,primary placement,yes,yes,
PLC-00262,13-15,13,Chapter Practice (native bank),QUESTIONS,13-15,13-15,13-15,primary placement,yes,yes,
PLC-00263,18-5,18,Chapter Practice (native bank),QUESTIONS,18-5,18-5,18-5,primary placement,yes,yes,
PLC-00264,29-11,29,Chapter Practice (native bank),QUESTIONS,29-11,29-11,29-11,primary placement,yes,yes,
PLC-00265,31-8,31,Chapter Practice (native bank),QUESTIONS,31-8,31-8,31-8,primary placement,yes,yes,
PLC-00266,14-16,14,Chapter Practice (native bank),QUESTIONS,14-16,14-16,14-16,primary placement,yes,yes,
PLC-00267,18-6,18,Chapter Practice (native bank),QUESTIONS,18-6,18-6,18-6,primary placement,yes,yes,
PLC-00268,25-3,25,Chapter Practice (native bank),QUESTIONS,25-3,25-3,25-3,primary placement,yes,yes,
PLC-00269,9-14,9,Chapter Practice (native bank),QUESTIONS,9-14,9-14,9-14,primary placement,yes,yes,
PLC-00270,12-9,12,Chapter Practice (native bank),QUESTIONS,12-9,12-9,12-9,primary placement,yes,yes,
PLC-00271,14-17,14,Chapter Practice (native bank),QUESTIONS,14-17,14-17,14-17,primary placement,yes,yes,
PLC-00272,32-8,32,Chapter Practice (native bank),QUESTIONS,32-8,32-8,32-8,primary placement,yes,yes,
PLC-00273,27-7,27,Chapter Practice (native bank),QUESTIONS,27-7,27-7,27-7,primary placement,yes,yes,
PLC-00274,9-15,9,Chapter Practice (native bank),QUESTIONS,9-15,9-15,9-15,primary placement,yes,yes,
PLC-00275,19-11,19,Chapter Practice (native bank),QUESTIONS,19-11,19-11,19-11,primary placement,yes,yes,
PLC-00276,20-11,20,Chapter Practice (native bank),QUESTIONS,20-11,20-11,20-11,primary placement,yes,yes,
PLC-00277,18-7,18,Chapter Practice (native bank),QUESTIONS,18-7,18-7,18-7,primary placement,yes,yes,
PLC-00278,27-8,27,Chapter Practice (native bank),QUESTIONS,27-8,27-8,27-8,primary placement,yes,yes,
PLC-00279,15-8,15,Chapter Practice (native bank),QUESTIONS,15-8,15-8,15-8,primary placement,yes,yes,
PLC-00280,9-16,9,Chapter Practice (native bank),QUESTIONS,9-16,9-16,9-16,primary placement,yes,yes,
PLC-00281,18-8,18,Chapter Practice (native bank),QUESTIONS,18-8,18-8,18-8,primary placement,yes,yes,
PLC-00282,9-17,9,Chapter Practice (native bank),QUESTIONS,9-17,9-17,9-17,primary placement,yes,yes,
PLC-00283,14-18,14,Chapter Practice (native bank),QUESTIONS,14-18,14-18,14-18,primary placement,yes,yes,
PLC-00284,14-19,14,Chapter Practice (native bank),QUESTIONS,14-19,14-19,14-19,primary placement,yes,yes,
PLC-00285,14-20,14,Chapter Practice (native bank),QUESTIONS,14-20,14-20,14-20,primary placement,yes,yes,
PLC-00286,32-9,32,Chapter Practice (native bank),QUESTIONS,32-9,32-9,32-9,primary placement,yes,yes,
PLC-00287,23-10,23,Chapter Practice (native bank),QUESTIONS,23-10,23-10,23-10,primary placement,yes,yes,
PLC-00288,14-21,14,Chapter Practice (native bank),QUESTIONS,14-21,14-21,14-21,primary placement,yes,yes,
PLC-00289,17-6,17,Chapter Practice (native bank),QUESTIONS,17-6,17-6,17-6,primary placement,yes,yes,
PLC-00290,7-12,7,Chapter Practice (native bank),QUESTIONS,7-12,7-12,7-12,primary placement,yes,yes,
PLC-00291,31-9,31,Chapter Practice (native bank),QUESTIONS,31-9,31-9,31-9,primary placement,yes,yes,
PLC-00292,27-9,27,Chapter Practice (native bank),QUESTIONS,27-9,27-9,27-9,primary placement,yes,yes,
PLC-00293,20-12,20,Chapter Practice (native bank),QUESTIONS,20-12,20-12,20-12,primary placement,yes,yes,
PLC-00294,14-22,14,Chapter Practice (native bank),QUESTIONS,14-22,14-22,14-22,primary placement,yes,yes,
PLC-00295,18-9,18,Chapter Practice (native bank),QUESTIONS,18-9,18-9,18-9,primary placement,yes,yes,
PLC-00296,14-23,14,Chapter Practice (native bank),QUESTIONS,14-23,14-23,14-23,primary placement,yes,yes,
PLC-00297,27-10,27,Chapter Practice (native bank),QUESTIONS,27-10,27-10,27-10,primary placement,yes,yes,
PLC-00298,13-16,13,Chapter Practice (native bank),QUESTIONS,13-16,13-16,13-16,primary placement,yes,yes,
PLC-00299,14-24,14,Chapter Practice (native bank),QUESTIONS,14-24,14-24,14-24,primary placement,yes,yes,
PLC-00300,31-10,31,Chapter Practice (native bank),QUESTIONS,31-10,31-10,31-10,primary placement,yes,yes,
PLC-00301,18-10,18,Chapter Practice (native bank),QUESTIONS,18-10,18-10,18-10,primary placement,yes,yes,
PLC-00302,33-2,33,Chapter Practice (native bank),QUESTIONS,33-2,33-2,33-2,primary placement,yes,yes,
PLC-00303,31-11,31,Chapter Practice (native bank),QUESTIONS,31-11,31-11,31-11,primary placement,yes,yes,
PLC-00304,13-17,13,Chapter Practice (native bank),QUESTIONS,13-17,13-17,13-17,primary placement,yes,yes,
PLC-00305,14-25,14,Chapter Practice (native bank),QUESTIONS,14-25,14-25,14-25,primary placement,yes,yes,
PLC-00306,14-26,14,Chapter Practice (native bank),QUESTIONS,14-26,14-26,14-26,primary placement,yes,yes,
PLC-00307,29-12,29,Chapter Practice (native bank),QUESTIONS,29-12,29-12,29-12,primary placement,yes,yes,
PLC-00308,14-27,14,Chapter Practice (native bank),QUESTIONS,14-27,14-27,14-27,primary placement,yes,yes,
PLC-00309,28-10,28,Chapter Practice (native bank),QUESTIONS,28-10,28-10,28-10,primary placement,yes,yes,
PLC-00310,32-10,32,Chapter Practice (native bank),QUESTIONS,32-10,32-10,32-10,primary placement,yes,yes,
PLC-00311,13-18,13,Chapter Practice (native bank),QUESTIONS,13-18,13-18,13-18,primary placement,yes,yes,
PLC-00312,20-13,20,Chapter Practice (native bank),QUESTIONS,20-13,20-13,20-13,primary placement,yes,yes,
PLC-00313,14-28,14,Chapter Practice (native bank),QUESTIONS,14-28,14-28,14-28,primary placement,yes,yes,
PLC-00314,28-11,28,Chapter Practice (native bank),QUESTIONS,28-11,28-11,28-11,primary placement,yes,yes,
PLC-00315,14-29,14,Chapter Practice (native bank),QUESTIONS,14-29,14-29,14-29,primary placement,yes,yes,
PLC-00316,20-14,20,Chapter Practice (native bank),QUESTIONS,20-14,20-14,20-14,primary placement,yes,yes,
PLC-00317,28-12,28,Chapter Practice (native bank),QUESTIONS,28-12,28-12,28-12,primary placement,yes,yes,
PLC-00318,13-19,13,Chapter Practice (native bank),QUESTIONS,13-19,13-19,13-19,primary placement,yes,yes,
PLC-00319,9-18,9,Chapter Practice (native bank),QUESTIONS,9-18,9-18,9-18,primary placement,yes,yes,
PLC-00320,14-30,14,Chapter Practice (native bank),QUESTIONS,14-30,14-30,14-30,primary placement,yes,yes,
PLC-00321,14-31,14,Chapter Practice (native bank),QUESTIONS,14-31,14-31,14-31,primary placement,yes,yes,
PLC-00322,9-19,9,Chapter Practice (native bank),QUESTIONS,9-19,9-19,9-19,primary placement,yes,yes,
PLC-00323,14-32,14,Chapter Practice (native bank),QUESTIONS,14-32,14-32,14-32,primary placement,yes,yes,
PLC-00324,14-33,14,Chapter Practice (native bank),QUESTIONS,14-33,14-33,14-33,primary placement,yes,yes,
PLC-00325,14-34,14,Chapter Practice (native bank),QUESTIONS,14-34,14-34,14-34,primary placement,yes,yes,
PLC-00326,29-13,29,Chapter Practice (native bank),QUESTIONS,29-13,29-13,29-13,primary placement,yes,yes,
PLC-00327,14-35,14,Chapter Practice (native bank),QUESTIONS,14-35,14-35,14-35,primary placement,yes,yes,
PLC-00328,32-11,32,Chapter Practice (native bank),QUESTIONS,32-11,32-11,32-11,primary placement,yes,yes,
PLC-00329,14-36,14,Chapter Practice (native bank),QUESTIONS,14-36,14-36,14-36,primary placement,yes,yes,
PLC-00330,20-15,20,Chapter Practice (native bank),QUESTIONS,20-15,20-15,20-15,primary placement,yes,yes,
PLC-00331,1-11,1,Chapter Practice (native bank),QUESTIONS,1-11,1-11,1-11,primary placement,yes,yes,
PLC-00332,1-12,1,Chapter Practice (native bank),QUESTIONS,1-12,1-12,1-12,primary placement,yes,yes,
PLC-00333,1-13,1,Chapter Practice (native bank),QUESTIONS,1-13,1-13,1-13,primary placement,yes,yes,
PLC-00334,1-14,1,Chapter Practice (native bank),QUESTIONS,1-14,1-14,1-14,primary placement,yes,yes,
PLC-00335,1-15,1,Chapter Practice (native bank),QUESTIONS,1-15,1-15,1-15,primary placement,yes,yes,
PLC-00336,3-15,3,Chapter Practice (native bank),QUESTIONS,3-15,3-15,3-15,primary placement,yes,yes,
PLC-00337,3-16,3,Chapter Practice (native bank),QUESTIONS,3-16,3-16,3-16,primary placement,yes,yes,
PLC-00338,3-17,3,Chapter Practice (native bank),QUESTIONS,3-17,3-17,3-17,primary placement,yes,yes,
PLC-00339,3-18,3,Chapter Practice (native bank),QUESTIONS,3-18,3-18,3-18,primary placement,yes,yes,
PLC-00340,3-19,3,Chapter Practice (native bank),QUESTIONS,3-19,3-19,3-19,primary placement,yes,yes,
PLC-00341,4-13,4,Chapter Practice (native bank),QUESTIONS,4-13,4-13,4-13,primary placement,yes,yes,
PLC-00342,4-14,4,Chapter Practice (native bank),QUESTIONS,4-14,4-14,4-14,primary placement,yes,yes,
PLC-00343,4-15,4,Chapter Practice (native bank),QUESTIONS,4-15,4-15,4-15,primary placement,yes,yes,
PLC-00344,4-16,4,Chapter Practice (native bank),QUESTIONS,4-16,4-16,4-16,primary placement,yes,yes,
PLC-00345,4-17,4,Chapter Practice (native bank),QUESTIONS,4-17,4-17,4-17,primary placement,yes,yes,
PLC-00346,5-9,5,Chapter Practice (native bank),QUESTIONS,5-9,5-9,5-9,primary placement,yes,yes,
PLC-00347,5-10,5,Chapter Practice (native bank),QUESTIONS,5-10,5-10,5-10,primary placement,yes,yes,
PLC-00348,5-11,5,Chapter Practice (native bank),QUESTIONS,5-11,5-11,5-11,primary placement,yes,yes,
PLC-00349,5-12,5,Chapter Practice (native bank),QUESTIONS,5-12,5-12,5-12,primary placement,yes,yes,
PLC-00350,5-13,5,Chapter Practice (native bank),QUESTIONS,5-13,5-13,5-13,primary placement,yes,yes,
PLC-00351,6-9,6,Chapter Practice (native bank),QUESTIONS,6-9,6-9,6-9,primary placement,yes,yes,
PLC-00352,6-10,6,Chapter Practice (native bank),QUESTIONS,6-10,6-10,6-10,primary placement,yes,yes,
PLC-00353,6-11,6,Chapter Practice (native bank),QUESTIONS,6-11,6-11,6-11,primary placement,yes,yes,
PLC-00354,6-12,6,Chapter Practice (native bank),QUESTIONS,6-12,6-12,6-12,primary placement,yes,yes,
PLC-00355,6-13,6,Chapter Practice (native bank),QUESTIONS,6-13,6-13,6-13,primary placement,yes,yes,
PLC-00356,7-13,7,Chapter Practice (native bank),QUESTIONS,7-13,7-13,7-13,primary placement,yes,yes,
PLC-00357,7-14,7,Chapter Practice (native bank),QUESTIONS,7-14,7-14,7-14,primary placement,yes,yes,
PLC-00358,7-15,7,Chapter Practice (native bank),QUESTIONS,7-15,7-15,7-15,primary placement,yes,yes,
PLC-00359,7-16,7,Chapter Practice (native bank),QUESTIONS,7-16,7-16,7-16,primary placement,yes,yes,
PLC-00360,7-17,7,Chapter Practice (native bank),QUESTIONS,7-17,7-17,7-17,primary placement,yes,yes,
PLC-00361,8-8,8,Chapter Practice (native bank),QUESTIONS,8-8,8-8,8-8,primary placement,yes,yes,
PLC-00362,8-9,8,Chapter Practice (native bank),QUESTIONS,8-9,8-9,8-9,primary placement,yes,yes,
PLC-00363,8-10,8,Chapter Practice (native bank),QUESTIONS,8-10,8-10,8-10,primary placement,yes,yes,
PLC-00364,8-11,8,Chapter Practice (native bank),QUESTIONS,8-11,8-11,8-11,primary placement,yes,yes,
PLC-00365,8-12,8,Chapter Practice (native bank),QUESTIONS,8-12,8-12,8-12,primary placement,yes,yes,
PLC-00366,9-20,9,Chapter Practice (native bank),QUESTIONS,9-20,9-20,9-20,primary placement,yes,yes,
PLC-00367,9-22,9,Chapter Practice (native bank),QUESTIONS,9-22,9-22,9-22,primary placement,yes,yes,
PLC-00368,9-23,9,Chapter Practice (native bank),QUESTIONS,9-23,9-23,9-23,primary placement,yes,yes,
PLC-00369,9-24,9,Chapter Practice (native bank),QUESTIONS,9-24,9-24,9-24,primary placement,yes,yes,
PLC-00370,10-11,10,Chapter Practice (native bank),QUESTIONS,10-11,10-11,10-11,primary placement,yes,yes,
PLC-00371,10-12,10,Chapter Practice (native bank),QUESTIONS,10-12,10-12,10-12,primary placement,yes,yes,
PLC-00372,10-13,10,Chapter Practice (native bank),QUESTIONS,10-13,10-13,10-13,primary placement,yes,yes,
PLC-00373,10-14,10,Chapter Practice (native bank),QUESTIONS,10-14,10-14,10-14,primary placement,yes,yes,
PLC-00374,11-11,11,Chapter Practice (native bank),QUESTIONS,11-11,11-11,11-11,primary placement,yes,yes,
PLC-00375,11-12,11,Chapter Practice (native bank),QUESTIONS,11-12,11-12,11-12,primary placement,yes,yes,
PLC-00376,11-13,11,Chapter Practice (native bank),QUESTIONS,11-13,11-13,11-13,primary placement,yes,yes,
PLC-00377,11-14,11,Chapter Practice (native bank),QUESTIONS,11-14,11-14,11-14,primary placement,yes,yes,
PLC-00378,11-15,11,Chapter Practice (native bank),QUESTIONS,11-15,11-15,11-15,primary placement,yes,yes,
PLC-00379,12-10,12,Chapter Practice (native bank),QUESTIONS,12-10,12-10,12-10,primary placement,yes,yes,
PLC-00380,12-11,12,Chapter Practice (native bank),QUESTIONS,12-11,12-11,12-11,primary placement,yes,yes,
PLC-00381,12-12,12,Chapter Practice (native bank),QUESTIONS,12-12,12-12,12-12,primary placement,yes,yes,
PLC-00382,12-13,12,Chapter Practice (native bank),QUESTIONS,12-13,12-13,12-13,primary placement,yes,yes,
PLC-00383,12-14,12,Chapter Practice (native bank),QUESTIONS,12-14,12-14,12-14,primary placement,yes,yes,
PLC-00384,13-20,13,Chapter Practice (native bank),QUESTIONS,13-20,13-20,13-20,primary placement,yes,yes,
PLC-00385,13-21,13,Chapter Practice (native bank),QUESTIONS,13-21,13-21,13-21,primary placement,yes,yes,
PLC-00386,13-22,13,Chapter Practice (native bank),QUESTIONS,13-22,13-22,13-22,primary placement,yes,yes,
PLC-00387,13-23,13,Chapter Practice (native bank),QUESTIONS,13-23,13-23,13-23,primary placement,yes,yes,
PLC-00388,13-24,13,Chapter Practice (native bank),QUESTIONS,13-24,13-24,13-24,primary placement,yes,yes,
PLC-00389,14-37,14,Chapter Practice (native bank),QUESTIONS,14-37,14-37,14-37,primary placement,yes,yes,
PLC-00390,14-38,14,Chapter Practice (native bank),QUESTIONS,14-38,14-38,14-38,primary placement,yes,yes,
PLC-00391,14-39,14,Chapter Practice (native bank),QUESTIONS,14-39,14-39,14-39,primary placement,yes,yes,
PLC-00392,14-40,14,Chapter Practice (native bank),QUESTIONS,14-40,14-40,14-40,primary placement,yes,yes,
PLC-00393,14-41,14,Chapter Practice (native bank),QUESTIONS,14-41,14-41,14-41,primary placement,yes,yes,
PLC-00394,15-9,15,Chapter Practice (native bank),QUESTIONS,15-9,15-9,15-9,primary placement,yes,yes,
PLC-00395,15-10,15,Chapter Practice (native bank),QUESTIONS,15-10,15-10,15-10,primary placement,yes,yes,
PLC-00396,15-11,15,Chapter Practice (native bank),QUESTIONS,15-11,15-11,15-11,primary placement,yes,yes,
PLC-00397,15-12,15,Chapter Practice (native bank),QUESTIONS,15-12,15-12,15-12,primary placement,yes,yes,
PLC-00398,15-13,15,Chapter Practice (native bank),QUESTIONS,15-13,15-13,15-13,primary placement,yes,yes,
PLC-00399,16-7,16,Chapter Practice (native bank),QUESTIONS,16-7,16-7,16-7,primary placement,yes,yes,
PLC-00400,16-8,16,Chapter Practice (native bank),QUESTIONS,16-8,16-8,16-8,primary placement,yes,yes,
PLC-00401,16-9,16,Chapter Practice (native bank),QUESTIONS,16-9,16-9,16-9,primary placement,yes,yes,
PLC-00402,16-10,16,Chapter Practice (native bank),QUESTIONS,16-10,16-10,16-10,primary placement,yes,yes,
PLC-00403,16-11,16,Chapter Practice (native bank),QUESTIONS,16-11,16-11,16-11,primary placement,yes,yes,
PLC-00404,17-7,17,Chapter Practice (native bank),QUESTIONS,17-7,17-7,17-7,primary placement,yes,yes,
PLC-00405,17-8,17,Chapter Practice (native bank),QUESTIONS,17-8,17-8,17-8,primary placement,yes,yes,
PLC-00406,17-9,17,Chapter Practice (native bank),QUESTIONS,17-9,17-9,17-9,primary placement,yes,yes,
PLC-00407,17-10,17,Chapter Practice (native bank),QUESTIONS,17-10,17-10,17-10,primary placement,yes,yes,
PLC-00408,17-11,17,Chapter Practice (native bank),QUESTIONS,17-11,17-11,17-11,primary placement,yes,yes,
PLC-00409,18-11,18,Chapter Practice (native bank),QUESTIONS,18-11,18-11,18-11,primary placement,yes,yes,
PLC-00410,18-12,18,Chapter Practice (native bank),QUESTIONS,18-12,18-12,18-12,primary placement,yes,yes,
PLC-00411,18-13,18,Chapter Practice (native bank),QUESTIONS,18-13,18-13,18-13,primary placement,yes,yes,
PLC-00412,18-14,18,Chapter Practice (native bank),QUESTIONS,18-14,18-14,18-14,primary placement,yes,yes,
PLC-00413,18-15,18,Chapter Practice (native bank),QUESTIONS,18-15,18-15,18-15,primary placement,yes,yes,
PLC-00414,19-12,19,Chapter Practice (native bank),QUESTIONS,19-12,19-12,19-12,primary placement,yes,yes,
PLC-00415,19-13,19,Chapter Practice (native bank),QUESTIONS,19-13,19-13,19-13,primary placement,yes,yes,
PLC-00416,19-14,19,Chapter Practice (native bank),QUESTIONS,19-14,19-14,19-14,primary placement,yes,yes,
PLC-00417,19-15,19,Chapter Practice (native bank),QUESTIONS,19-15,19-15,19-15,primary placement,yes,yes,
PLC-00418,19-16,19,Chapter Practice (native bank),QUESTIONS,19-16,19-16,19-16,primary placement,yes,yes,
PLC-00419,20-16,20,Chapter Practice (native bank),QUESTIONS,20-16,20-16,20-16,primary placement,yes,yes,
PLC-00420,20-17,20,Chapter Practice (native bank),QUESTIONS,20-17,20-17,20-17,primary placement,yes,yes,
PLC-00421,20-18,20,Chapter Practice (native bank),QUESTIONS,20-18,20-18,20-18,primary placement,yes,yes,
PLC-00422,20-19,20,Chapter Practice (native bank),QUESTIONS,20-19,20-19,20-19,primary placement,yes,yes,
PLC-00423,20-20,20,Chapter Practice (native bank),QUESTIONS,20-20,20-20,20-20,primary placement,yes,yes,
PLC-00424,21-2,21,Chapter Practice (native bank),QUESTIONS,21-2,21-2,21-2,primary placement,yes,yes,
PLC-00425,21-3,21,Chapter Practice (native bank),QUESTIONS,21-3,21-3,21-3,primary placement,yes,yes,
PLC-00426,21-4,21,Chapter Practice (native bank),QUESTIONS,21-4,21-4,21-4,primary placement,yes,yes,
PLC-00427,21-5,21,Chapter Practice (native bank),QUESTIONS,21-5,21-5,21-5,primary placement,yes,yes,
PLC-00428,21-6,21,Chapter Practice (native bank),QUESTIONS,21-6,21-6,21-6,primary placement,yes,yes,
PLC-00429,22-4,22,Chapter Practice (native bank),QUESTIONS,22-4,22-4,22-4,primary placement,yes,yes,
PLC-00430,22-5,22,Chapter Practice (native bank),QUESTIONS,22-5,22-5,22-5,primary placement,yes,yes,
PLC-00431,22-6,22,Chapter Practice (native bank),QUESTIONS,22-6,22-6,22-6,primary placement,yes,yes,
PLC-00432,22-7,22,Chapter Practice (native bank),QUESTIONS,22-7,22-7,22-7,primary placement,yes,yes,
PLC-00433,22-8,22,Chapter Practice (native bank),QUESTIONS,22-8,22-8,22-8,primary placement,yes,yes,
PLC-00434,23-11,23,Chapter Practice (native bank),QUESTIONS,23-11,23-11,23-11,primary placement,yes,yes,
PLC-00435,23-12,23,Chapter Practice (native bank),QUESTIONS,23-12,23-12,23-12,primary placement,yes,yes,
PLC-00436,23-13,23,Chapter Practice (native bank),QUESTIONS,23-13,23-13,23-13,primary placement,yes,yes,
PLC-00437,23-14,23,Chapter Practice (native bank),QUESTIONS,23-14,23-14,23-14,primary placement,yes,yes,
PLC-00438,23-15,23,Chapter Practice (native bank),QUESTIONS,23-15,23-15,23-15,primary placement,yes,yes,
PLC-00439,24-6,24,Chapter Practice (native bank),QUESTIONS,24-6,24-6,24-6,primary placement,yes,yes,
PLC-00440,24-7,24,Chapter Practice (native bank),QUESTIONS,24-7,24-7,24-7,primary placement,yes,yes,
PLC-00441,24-8,24,Chapter Practice (native bank),QUESTIONS,24-8,24-8,24-8,primary placement,yes,yes,
PLC-00442,24-9,24,Chapter Practice (native bank),QUESTIONS,24-9,24-9,24-9,primary placement,yes,yes,
PLC-00443,24-10,24,Chapter Practice (native bank),QUESTIONS,24-10,24-10,24-10,primary placement,yes,yes,
PLC-00444,25-4,25,Chapter Practice (native bank),QUESTIONS,25-4,25-4,25-4,primary placement,yes,yes,
PLC-00445,25-5,25,Chapter Practice (native bank),QUESTIONS,25-5,25-5,25-5,primary placement,yes,yes,
PLC-00446,25-6,25,Chapter Practice (native bank),QUESTIONS,25-6,25-6,25-6,primary placement,yes,yes,
PLC-00447,25-7,25,Chapter Practice (native bank),QUESTIONS,25-7,25-7,25-7,primary placement,yes,yes,
PLC-00448,25-8,25,Chapter Practice (native bank),QUESTIONS,25-8,25-8,25-8,primary placement,yes,yes,
PLC-00449,26-3,26,Chapter Practice (native bank),QUESTIONS,26-3,26-3,26-3,primary placement,yes,yes,
PLC-00450,26-4,26,Chapter Practice (native bank),QUESTIONS,26-4,26-4,26-4,primary placement,yes,yes,
PLC-00451,26-5,26,Chapter Practice (native bank),QUESTIONS,26-5,26-5,26-5,primary placement,yes,yes,
PLC-00452,26-6,26,Chapter Practice (native bank),QUESTIONS,26-6,26-6,26-6,primary placement,yes,yes,
PLC-00453,26-7,26,Chapter Practice (native bank),QUESTIONS,26-7,26-7,26-7,primary placement,yes,yes,
PLC-00454,27-11,27,Chapter Practice (native bank),QUESTIONS,27-11,27-11,27-11,primary placement,yes,yes,
PLC-00455,27-12,27,Chapter Practice (native bank),QUESTIONS,27-12,27-12,27-12,primary placement,yes,yes,
PLC-00456,27-13,27,Chapter Practice (native bank),QUESTIONS,27-13,27-13,27-13,primary placement,yes,yes,
PLC-00457,27-14,27,Chapter Practice (native bank),QUESTIONS,27-14,27-14,27-14,primary placement,yes,yes,
PLC-00458,27-15,27,Chapter Practice (native bank),QUESTIONS,27-15,27-15,27-15,primary placement,yes,yes,
PLC-00459,28-13,28,Chapter Practice (native bank),QUESTIONS,28-13,28-13,28-13,primary placement,yes,yes,
PLC-00460,28-14,28,Chapter Practice (native bank),QUESTIONS,28-14,28-14,28-14,primary placement,yes,yes,
PLC-00461,28-15,28,Chapter Practice (native bank),QUESTIONS,28-15,28-15,28-15,primary placement,yes,yes,
PLC-00462,28-16,28,Chapter Practice (native bank),QUESTIONS,28-16,28-16,28-16,primary placement,yes,yes,
PLC-00463,28-17,28,Chapter Practice (native bank),QUESTIONS,28-17,28-17,28-17,primary placement,yes,yes,
PLC-00464,29-14,29,Chapter Practice (native bank),QUESTIONS,29-14,29-14,29-14,primary placement,yes,yes,
PLC-00465,29-15,29,Chapter Practice (native bank),QUESTIONS,29-15,29-15,29-15,primary placement,yes,yes,
PLC-00466,29-16,29,Chapter Practice (native bank),QUESTIONS,29-16,29-16,29-16,primary placement,yes,yes,
PLC-00467,29-17,29,Chapter Practice (native bank),QUESTIONS,29-17,29-17,29-17,primary placement,yes,yes,
PLC-00468,29-18,29,Chapter Practice (native bank),QUESTIONS,29-18,29-18,29-18,primary placement,yes,yes,
PLC-00469,30-3,30,Chapter Practice (native bank),QUESTIONS,30-3,30-3,30-3,primary placement,yes,yes,
PLC-00470,30-4,30,Chapter Practice (native bank),QUESTIONS,30-4,30-4,30-4,primary placement,yes,yes,
PLC-00471,30-5,30,Chapter Practice (native bank),QUESTIONS,30-5,30-5,30-5,primary placement,yes,yes,
PLC-00472,30-6,30,Chapter Practice (native bank),QUESTIONS,30-6,30-6,30-6,primary placement,yes,yes,
PLC-00473,30-7,30,Chapter Practice (native bank),QUESTIONS,30-7,30-7,30-7,primary placement,yes,yes,
PLC-00474,31-12,31,Chapter Practice (native bank),QUESTIONS,31-12,31-12,31-12,primary placement,yes,yes,
PLC-00475,31-13,31,Chapter Practice (native bank),QUESTIONS,31-13,31-13,31-13,primary placement,yes,yes,
PLC-00476,31-14,31,Chapter Practice (native bank),QUESTIONS,31-14,31-14,31-14,primary placement,yes,yes,
PLC-00477,31-15,31,Chapter Practice (native bank),QUESTIONS,31-15,31-15,31-15,primary placement,yes,yes,
PLC-00478,31-16,31,Chapter Practice (native bank),QUESTIONS,31-16,31-16,31-16,primary placement,yes,yes,
PLC-00479,32-12,32,Chapter Practice (native bank),QUESTIONS,32-12,32-12,32-12,primary placement,yes,yes,
PLC-00480,32-13,32,Chapter Practice (native bank),QUESTIONS,32-13,32-13,32-13,primary placement,yes,yes,
PLC-00481,32-14,32,Chapter Practice (native bank),QUESTIONS,32-14,32-14,32-14,primary placement,yes,yes,
PLC-00482,32-15,32,Chapter Practice (native bank),QUESTIONS,32-15,32-15,32-15,primary placement,yes,yes,
PLC-00483,32-16,32,Chapter Practice (native bank),QUESTIONS,32-16,32-16,32-16,primary placement,yes,yes,
PLC-00484,33-3,33,Chapter Practice (native bank),QUESTIONS,33-3,33-3,33-3,primary placement,yes,yes,
PLC-00485,33-4,33,Chapter Practice (native bank),QUESTIONS,33-4,33-4,33-4,primary placement,yes,yes,
PLC-00486,33-5,33,Chapter Practice (native bank),QUESTIONS,33-5,33-5,33-5,primary placement,yes,yes,
PLC-00487,33-6,33,Chapter Practice (native bank),QUESTIONS,33-6,33-6,33-6,primary placement,yes,yes,
PLC-00488,33-7,33,Chapter Practice (native bank),QUESTIONS,33-7,33-7,33-7,primary placement,yes,yes,
PLC-00489,34-6,34,Chapter Practice (native bank),QUESTIONS,34-6,34-6,34-6,primary placement,yes,yes,
PLC-00490,34-7,34,Chapter Practice (native bank),QUESTIONS,34-7,34-7,34-7,primary placement,yes,yes,
PLC-00491,34-8,34,Chapter Practice (native bank),QUESTIONS,34-8,34-8,34-8,primary placement,yes,yes,
PLC-00492,34-9,34,Chapter Practice (native bank),QUESTIONS,34-9,34-9,34-9,primary placement,yes,yes,
PLC-00493,34-10,34,Chapter Practice (native bank),QUESTIONS,34-10,34-10,34-10,primary placement,yes,yes,
PLC-00494,1-16,1,Chapter Practice (native bank),QUESTIONS,1-16,1-16,1-16,primary placement,yes,yes,
PLC-00495,1-17,1,Chapter Practice (native bank),QUESTIONS,1-17,1-17,1-17,primary placement,yes,no,
PLC-00496,1-18,1,Chapter Practice (native bank),QUESTIONS,1-18,1-18,1-18,primary placement,yes,yes,
PLC-00497,1-19,1,Chapter Practice (native bank),QUESTIONS,1-19,1-19,1-19,primary placement,yes,yes,
PLC-00498,1-20,1,Chapter Practice (native bank),QUESTIONS,1-20,1-20,1-20,primary placement,yes,yes,
PLC-00499,2-12,2,Chapter Practice (native bank),QUESTIONS,2-12,2-12,2-12,primary placement,yes,yes,
PLC-00500,2-13,2,Chapter Practice (native bank),QUESTIONS,2-13,2-13,2-13,primary placement,yes,yes,
PLC-00501,2-14,2,Chapter Practice (native bank),QUESTIONS,2-14,2-14,2-14,primary placement,yes,yes,
PLC-00502,2-15,2,Chapter Practice (native bank),QUESTIONS,2-15,2-15,2-15,primary placement,yes,yes,
PLC-00503,2-16,2,Chapter Practice (native bank),QUESTIONS,2-16,2-16,2-16,primary placement,yes,yes,
PLC-00504,2-17,2,Chapter Practice (native bank),QUESTIONS,2-17,2-17,2-17,primary placement,yes,yes,
PLC-00505,2-18,2,Chapter Practice (native bank),QUESTIONS,2-18,2-18,2-18,primary placement,yes,yes,
PLC-00506,2-19,2,Chapter Practice (native bank),QUESTIONS,2-19,2-19,2-19,primary placement,yes,yes,
PLC-00507,2-20,2,Chapter Practice (native bank),QUESTIONS,2-20,2-20,2-20,primary placement,yes,yes,
PLC-00508,3-20,3,Chapter Practice (native bank),QUESTIONS,3-20,3-20,3-20,primary placement,yes,yes,
PLC-00509,3-21,3,Chapter Practice (native bank),QUESTIONS,3-21,3-21,3-21,primary placement,yes,yes,
PLC-00510,3-22,3,Chapter Practice (native bank),QUESTIONS,3-22,3-22,3-22,primary placement,yes,yes,
PLC-00511,4-18,4,Chapter Practice (native bank),QUESTIONS,4-18,4-18,4-18,primary placement,yes,yes,
PLC-00512,4-19,4,Chapter Practice (native bank),QUESTIONS,4-19,4-19,4-19,primary placement,yes,yes,
PLC-00513,4-20,4,Chapter Practice (native bank),QUESTIONS,4-20,4-20,4-20,primary placement,yes,yes,
PLC-00514,4-21,4,Chapter Practice (native bank),QUESTIONS,4-21,4-21,4-21,primary placement,yes,yes,
PLC-00515,4-22,4,Chapter Practice (native bank),QUESTIONS,4-22,4-22,4-22,primary placement,yes,yes,
PLC-00516,4-23,4,Chapter Practice (native bank),QUESTIONS,4-23,4-23,4-23,primary placement,yes,yes,
PLC-00517,4-24,4,Chapter Practice (native bank),QUESTIONS,4-24,4-24,4-24,primary placement,yes,yes,
PLC-00518,4-25,4,Chapter Practice (native bank),QUESTIONS,4-25,4-25,4-25,primary placement,yes,yes,
PLC-00519,4-26,4,Chapter Practice (native bank),QUESTIONS,4-26,4-26,4-26,primary placement,yes,yes,
PLC-00520,4-27,4,Chapter Practice (native bank),QUESTIONS,4-27,4-27,4-27,primary placement,yes,yes,
PLC-00521,4-28,4,Chapter Practice (native bank),QUESTIONS,4-28,4-28,4-28,primary placement,yes,yes,
PLC-00522,4-29,4,Chapter Practice (native bank),QUESTIONS,4-29,4-29,4-29,primary placement,yes,yes,
PLC-00523,4-30,4,Chapter Practice (native bank),QUESTIONS,4-30,4-30,4-30,primary placement,yes,yes,
PLC-00524,4-31,4,Chapter Practice (native bank),QUESTIONS,4-31,4-31,4-31,primary placement,yes,yes,
PLC-00525,4-32,4,Chapter Practice (native bank),QUESTIONS,4-32,4-32,4-32,primary placement,yes,yes,
PLC-00526,4-33,4,Chapter Practice (native bank),QUESTIONS,4-33,4-33,4-33,primary placement,yes,yes,
PLC-00527,4-34,4,Chapter Practice (native bank),QUESTIONS,4-34,4-34,4-34,primary placement,yes,yes,
PLC-00528,6-14,6,Chapter Practice (native bank),QUESTIONS,6-14,6-14,6-14,primary placement,yes,yes,
PLC-00529,6-15,6,Chapter Practice (native bank),QUESTIONS,6-15,6-15,6-15,primary placement,yes,yes,
PLC-00530,6-16,6,Chapter Practice (native bank),QUESTIONS,6-16,6-16,6-16,primary placement,yes,yes,
PLC-00531,6-17,6,Chapter Practice (native bank),QUESTIONS,6-17,6-17,6-17,primary placement,yes,yes,
PLC-00532,6-18,6,Chapter Practice (native bank),QUESTIONS,6-18,6-18,6-18,primary placement,yes,yes,
PLC-00533,6-19,6,Chapter Practice (native bank),QUESTIONS,6-19,6-19,6-19,primary placement,yes,no,
PLC-00534,6-20,6,Chapter Practice (native bank),QUESTIONS,6-20,6-20,6-20,primary placement,yes,no,
PLC-00535,6-21,6,Chapter Practice (native bank),QUESTIONS,6-21,6-21,6-21,primary placement,yes,no,
PLC-00536,6-22,6,Chapter Practice (native bank),QUESTIONS,6-22,6-22,6-22,primary placement,yes,no,
PLC-00537,6-23,6,Chapter Practice (native bank),QUESTIONS,6-23,6-23,6-23,primary placement,yes,no,
PLC-00538,6-24,6,Chapter Practice (native bank),QUESTIONS,6-24,6-24,6-24,primary placement,yes,no,
PLC-00539,7-18,7,Chapter Practice (native bank),QUESTIONS,7-18,7-18,7-18,primary placement,yes,yes,
PLC-00540,7-19,7,Chapter Practice (native bank),QUESTIONS,7-19,7-19,7-19,primary placement,yes,yes,
PLC-00541,7-20,7,Chapter Practice (native bank),QUESTIONS,7-20,7-20,7-20,primary placement,yes,yes,
PLC-00542,7-21,7,Chapter Practice (native bank),QUESTIONS,7-21,7-21,7-21,primary placement,yes,yes,
PLC-00543,7-22,7,Chapter Practice (native bank),QUESTIONS,7-22,7-22,7-22,primary placement,yes,yes,
PLC-00544,7-23,7,Chapter Practice (native bank),QUESTIONS,7-23,7-23,7-23,primary placement,yes,yes,
PLC-00545,7-24,7,Chapter Practice (native bank),QUESTIONS,7-24,7-24,7-24,primary placement,yes,yes,
PLC-00546,7-25,7,Chapter Practice (native bank),QUESTIONS,7-25,7-25,7-25,primary placement,yes,yes,
PLC-00547,7-26,7,Chapter Practice (native bank),QUESTIONS,7-26,7-26,7-26,primary placement,yes,yes,
PLC-00548,7-27,7,Chapter Practice (native bank),QUESTIONS,7-27,7-27,7-27,primary placement,yes,yes,
PLC-00549,8-13,8,Chapter Practice (native bank),QUESTIONS,8-13,8-13,8-13,primary placement,yes,yes,
PLC-00550,8-14,8,Chapter Practice (native bank),QUESTIONS,8-14,8-14,8-14,primary placement,yes,yes,
PLC-00551,8-15,8,Chapter Practice (native bank),QUESTIONS,8-15,8-15,8-15,primary placement,yes,yes,
PLC-00552,8-16,8,Chapter Practice (native bank),QUESTIONS,8-16,8-16,8-16,primary placement,yes,yes,
PLC-00553,8-17,8,Chapter Practice (native bank),QUESTIONS,8-17,8-17,8-17,primary placement,yes,yes,
PLC-00554,9-25,9,Chapter Practice (native bank),QUESTIONS,9-25,9-25,9-25,primary placement,yes,yes,
PLC-00555,9-26,9,Chapter Practice (native bank),QUESTIONS,9-26,9-26,9-26,primary placement,yes,yes,
PLC-00556,9-27,9,Chapter Practice (native bank),QUESTIONS,9-27,9-27,9-27,primary placement,yes,yes,
PLC-00557,9-28,9,Chapter Practice (native bank),QUESTIONS,9-28,9-28,9-28,primary placement,yes,yes,
PLC-00558,9-29,9,Chapter Practice (native bank),QUESTIONS,9-29,9-29,9-29,primary placement,yes,yes,
PLC-00559,9-30,9,Chapter Practice (native bank),QUESTIONS,9-30,9-30,9-30,primary placement,yes,yes,
PLC-00560,9-31,9,Chapter Practice (native bank),QUESTIONS,9-31,9-31,9-31,primary placement,yes,yes,
PLC-00561,9-32,9,Chapter Practice (native bank),QUESTIONS,9-32,9-32,9-32,primary placement,yes,yes,
PLC-00562,9-33,9,Chapter Practice (native bank),QUESTIONS,9-33,9-33,9-33,primary placement,yes,yes,
PLC-00563,9-34,9,Chapter Practice (native bank),QUESTIONS,9-34,9-34,9-34,primary placement,yes,yes,
PLC-00564,9-35,9,Chapter Practice (native bank),QUESTIONS,9-35,9-35,9-35,primary placement,yes,yes,
PLC-00565,9-36,9,Chapter Practice (native bank),QUESTIONS,9-36,9-36,9-36,primary placement,yes,yes,
PLC-00566,9-37,9,Chapter Practice (native bank),QUESTIONS,9-37,9-37,9-37,primary placement,yes,yes,
PLC-00567,10-15,10,Chapter Practice (native bank),QUESTIONS,10-15,10-15,10-15,primary placement,yes,yes,
PLC-00568,10-16,10,Chapter Practice (native bank),QUESTIONS,10-16,10-16,10-16,primary placement,yes,yes,
PLC-00569,10-17,10,Chapter Practice (native bank),QUESTIONS,10-17,10-17,10-17,primary placement,yes,yes,
PLC-00570,10-18,10,Chapter Practice (native bank),QUESTIONS,10-18,10-18,10-18,primary placement,yes,yes,
PLC-00571,10-19,10,Chapter Practice (native bank),QUESTIONS,10-19,10-19,10-19,primary placement,yes,yes,
PLC-00572,10-20,10,Chapter Practice (native bank),QUESTIONS,10-20,10-20,10-20,primary placement,yes,yes,
PLC-00573,10-21,10,Chapter Practice (native bank),QUESTIONS,10-21,10-21,10-21,primary placement,yes,yes,
PLC-00574,10-22,10,Chapter Practice (native bank),QUESTIONS,10-22,10-22,10-22,primary placement,yes,yes,
PLC-00575,10-23,10,Chapter Practice (native bank),QUESTIONS,10-23,10-23,10-23,primary placement,yes,yes,
PLC-00576,10-24,10,Chapter Practice (native bank),QUESTIONS,10-24,10-24,10-24,primary placement,yes,yes,
PLC-00577,10-25,10,Chapter Practice (native bank),QUESTIONS,10-25,10-25,10-25,primary placement,yes,yes,
PLC-00578,10-26,10,Chapter Practice (native bank),QUESTIONS,10-26,10-26,10-26,primary placement,yes,yes,
PLC-00579,10-27,10,Chapter Practice (native bank),QUESTIONS,10-27,10-27,10-27,primary placement,yes,yes,
PLC-00580,10-28,10,Chapter Practice (native bank),QUESTIONS,10-28,10-28,10-28,primary placement,yes,yes,
PLC-00581,10-29,10,Chapter Practice (native bank),QUESTIONS,10-29,10-29,10-29,primary placement,yes,yes,
PLC-00582,10-30,10,Chapter Practice (native bank),QUESTIONS,10-30,10-30,10-30,primary placement,yes,yes,
PLC-00583,11-16,11,Chapter Practice (native bank),QUESTIONS,11-16,11-16,11-16,primary placement,yes,yes,
PLC-00584,11-17,11,Chapter Practice (native bank),QUESTIONS,11-17,11-17,11-17,primary placement,yes,yes,
PLC-00585,11-18,11,Chapter Practice (native bank),QUESTIONS,11-18,11-18,11-18,primary placement,yes,yes,
PLC-00586,11-19,11,Chapter Practice (native bank),QUESTIONS,11-19,11-19,11-19,primary placement,yes,yes,
PLC-00587,11-20,11,Chapter Practice (native bank),QUESTIONS,11-20,11-20,11-20,primary placement,yes,yes,
PLC-00588,11-21,11,Chapter Practice (native bank),QUESTIONS,11-21,11-21,11-21,primary placement,yes,yes,
PLC-00589,11-22,11,Chapter Practice (native bank),QUESTIONS,11-22,11-22,11-22,primary placement,yes,yes,
PLC-00590,11-23,11,Chapter Practice (native bank),QUESTIONS,11-23,11-23,11-23,primary placement,yes,yes,
PLC-00591,11-24,11,Chapter Practice (native bank),QUESTIONS,11-24,11-24,11-24,primary placement,yes,yes,
PLC-00592,11-25,11,Chapter Practice (native bank),QUESTIONS,11-25,11-25,11-25,primary placement,yes,yes,
PLC-00593,11-26,11,Chapter Practice (native bank),QUESTIONS,11-26,11-26,11-26,primary placement,yes,yes,
PLC-00594,11-27,11,Chapter Practice (native bank),QUESTIONS,11-27,11-27,11-27,primary placement,yes,yes,
PLC-00595,11-28,11,Chapter Practice (native bank),QUESTIONS,11-28,11-28,11-28,primary placement,yes,yes,
PLC-00596,11-29,11,Chapter Practice (native bank),QUESTIONS,11-29,11-29,11-29,primary placement,yes,yes,
PLC-00597,13-25,13,Chapter Practice (native bank),QUESTIONS,13-25,13-25,13-25,primary placement,yes,yes,
PLC-00598,13-26,13,Chapter Practice (native bank),QUESTIONS,13-26,13-26,13-26,primary placement,yes,yes,
PLC-00599,13-27,13,Chapter Practice (native bank),QUESTIONS,13-27,13-27,13-27,primary placement,yes,yes,
PLC-00600,13-28,13,Chapter Practice (native bank),QUESTIONS,13-28,13-28,13-28,primary placement,yes,yes,
PLC-00601,13-29,13,Chapter Practice (native bank),QUESTIONS,13-29,13-29,13-29,primary placement,yes,yes,
PLC-00602,13-30,13,Chapter Practice (native bank),QUESTIONS,13-30,13-30,13-30,primary placement,yes,yes,
PLC-00603,13-31,13,Chapter Practice (native bank),QUESTIONS,13-31,13-31,13-31,primary placement,yes,yes,
PLC-00604,13-32,13,Chapter Practice (native bank),QUESTIONS,13-32,13-32,13-32,primary placement,yes,yes,
PLC-00605,13-33,13,Chapter Practice (native bank),QUESTIONS,13-33,13-33,13-33,primary placement,yes,yes,
PLC-00606,13-34,13,Chapter Practice (native bank),QUESTIONS,13-34,13-34,13-34,primary placement,yes,yes,
PLC-00607,13-35,13,Chapter Practice (native bank),QUESTIONS,13-35,13-35,13-35,primary placement,yes,yes,
PLC-00608,13-36,13,Chapter Practice (native bank),QUESTIONS,13-36,13-36,13-36,primary placement,yes,yes,
PLC-00609,14-42,14,Chapter Practice (native bank),QUESTIONS,14-42,14-42,14-42,primary placement,yes,yes,
PLC-00610,14-43,14,Chapter Practice (native bank),QUESTIONS,14-43,14-43,14-43,primary placement,yes,yes,
PLC-00611,14-44,14,Chapter Practice (native bank),QUESTIONS,14-44,14-44,14-44,primary placement,yes,yes,
PLC-00612,14-45,14,Chapter Practice (native bank),QUESTIONS,14-45,14-45,14-45,primary placement,yes,yes,
PLC-00613,15-14,15,Chapter Practice (native bank),QUESTIONS,15-14,15-14,15-14,primary placement,yes,yes,
PLC-00614,15-15,15,Chapter Practice (native bank),QUESTIONS,15-15,15-15,15-15,primary placement,yes,yes,
PLC-00615,15-16,15,Chapter Practice (native bank),QUESTIONS,15-16,15-16,15-16,primary placement,yes,yes,
PLC-00616,15-17,15,Chapter Practice (native bank),QUESTIONS,15-17,15-17,15-17,primary placement,yes,yes,
PLC-00617,15-18,15,Chapter Practice (native bank),QUESTIONS,15-18,15-18,15-18,primary placement,yes,yes,
PLC-00618,17-12,17,Chapter Practice (native bank),QUESTIONS,17-12,17-12,17-12,primary placement,yes,yes,
PLC-00619,19-17,19,Chapter Practice (native bank),QUESTIONS,19-17,19-17,19-17,primary placement,yes,yes,
PLC-00620,19-18,19,Chapter Practice (native bank),QUESTIONS,19-18,19-18,19-18,primary placement,yes,yes,
PLC-00621,19-19,19,Chapter Practice (native bank),QUESTIONS,19-19,19-19,19-19,primary placement,yes,yes,
PLC-00622,19-20,19,Chapter Practice (native bank),QUESTIONS,19-20,19-20,19-20,primary placement,yes,yes,
PLC-00623,19-21,19,Chapter Practice (native bank),QUESTIONS,19-21,19-21,19-21,primary placement,yes,yes,
PLC-00624,19-22,19,Chapter Practice (native bank),QUESTIONS,19-22,19-22,19-22,primary placement,yes,yes,
PLC-00625,19-23,19,Chapter Practice (native bank),QUESTIONS,19-23,19-23,19-23,primary placement,yes,yes,
PLC-00626,19-24,19,Chapter Practice (native bank),QUESTIONS,19-24,19-24,19-24,primary placement,yes,yes,
PLC-00627,19-25,19,Chapter Practice (native bank),QUESTIONS,19-25,19-25,19-25,primary placement,yes,yes,
PLC-00628,19-26,19,Chapter Practice (native bank),QUESTIONS,19-26,19-26,19-26,primary placement,yes,yes,
PLC-00629,19-27,19,Chapter Practice (native bank),QUESTIONS,19-27,19-27,19-27,primary placement,yes,yes,
PLC-00630,19-28,19,Chapter Practice (native bank),QUESTIONS,19-28,19-28,19-28,primary placement,yes,yes,
PLC-00631,21-7,21,Chapter Practice (native bank),QUESTIONS,21-7,21-7,21-7,primary placement,yes,yes,
PLC-00632,21-8,21,Chapter Practice (native bank),QUESTIONS,21-8,21-8,21-8,primary placement,yes,yes,
PLC-00633,21-9,21,Chapter Practice (native bank),QUESTIONS,21-9,21-9,21-9,primary placement,yes,yes,
PLC-00634,22-9,22,Chapter Practice (native bank),QUESTIONS,22-9,22-9,22-9,primary placement,yes,yes,
PLC-00635,22-10,22,Chapter Practice (native bank),QUESTIONS,22-10,22-10,22-10,primary placement,yes,yes,
PLC-00636,22-11,22,Chapter Practice (native bank),QUESTIONS,22-11,22-11,22-11,primary placement,yes,yes,
PLC-00637,23-16,23,Chapter Practice (native bank),QUESTIONS,23-16,23-16,23-16,primary placement,yes,yes,
PLC-00638,23-17,23,Chapter Practice (native bank),QUESTIONS,23-17,23-17,23-17,primary placement,yes,yes,
PLC-00639,23-18,23,Chapter Practice (native bank),QUESTIONS,23-18,23-18,23-18,primary placement,yes,yes,
PLC-00640,23-19,23,Chapter Practice (native bank),QUESTIONS,23-19,23-19,23-19,primary placement,yes,yes,
PLC-00641,24-11,24,Chapter Practice (native bank),QUESTIONS,24-11,24-11,24-11,primary placement,yes,yes,
PLC-00642,24-12,24,Chapter Practice (native bank),QUESTIONS,24-12,24-12,24-12,primary placement,yes,yes,
PLC-00643,26-8,26,Chapter Practice (native bank),QUESTIONS,26-8,26-8,26-8,primary placement,yes,yes,
PLC-00644,26-9,26,Chapter Practice (native bank),QUESTIONS,26-9,26-9,26-9,primary placement,yes,yes,
PLC-00645,27-16,27,Chapter Practice (native bank),QUESTIONS,27-16,27-16,27-16,primary placement,yes,yes,
PLC-00646,27-17,27,Chapter Practice (native bank),QUESTIONS,27-17,27-17,27-17,primary placement,yes,yes,
PLC-00647,27-18,27,Chapter Practice (native bank),QUESTIONS,27-18,27-18,27-18,primary placement,yes,yes,
PLC-00648,27-19,27,Chapter Practice (native bank),QUESTIONS,27-19,27-19,27-19,primary placement,yes,yes,
PLC-00649,27-20,27,Chapter Practice (native bank),QUESTIONS,27-20,27-20,27-20,primary placement,yes,yes,
PLC-00650,27-21,27,Chapter Practice (native bank),QUESTIONS,27-21,27-21,27-21,primary placement,yes,yes,
PLC-00651,27-22,27,Chapter Practice (native bank),QUESTIONS,27-22,27-22,27-22,primary placement,yes,yes,
PLC-00652,27-23,27,Chapter Practice (native bank),QUESTIONS,27-23,27-23,27-23,primary placement,yes,yes,
PLC-00653,27-24,27,Chapter Practice (native bank),QUESTIONS,27-24,27-24,27-24,primary placement,yes,yes,
PLC-00654,27-25,27,Chapter Practice (native bank),QUESTIONS,27-25,27-25,27-25,primary placement,yes,yes,
PLC-00655,27-26,27,Chapter Practice (native bank),QUESTIONS,27-26,27-26,27-26,primary placement,yes,yes,
PLC-00656,28-18,28,Chapter Practice (native bank),QUESTIONS,28-18,28-18,28-18,primary placement,yes,yes,
PLC-00657,28-19,28,Chapter Practice (native bank),QUESTIONS,28-19,28-19,28-19,primary placement,yes,yes,
PLC-00658,28-20,28,Chapter Practice (native bank),QUESTIONS,28-20,28-20,28-20,primary placement,yes,yes,
PLC-00659,28-21,28,Chapter Practice (native bank),QUESTIONS,28-21,28-21,28-21,primary placement,yes,yes,
PLC-00660,29-19,29,Chapter Practice (native bank),QUESTIONS,29-19,29-19,29-19,primary placement,yes,yes,
PLC-00661,29-20,29,Chapter Practice (native bank),QUESTIONS,29-20,29-20,29-20,primary placement,yes,yes,
PLC-00662,29-21,29,Chapter Practice (native bank),QUESTIONS,29-21,29-21,29-21,primary placement,yes,yes,
PLC-00663,29-22,29,Chapter Practice (native bank),QUESTIONS,29-22,29-22,29-22,primary placement,yes,yes,
PLC-00664,29-23,29,Chapter Practice (native bank),QUESTIONS,29-23,29-23,29-23,primary placement,yes,yes,
PLC-00665,29-24,29,Chapter Practice (native bank),QUESTIONS,29-24,29-24,29-24,primary placement,yes,yes,
PLC-00666,29-25,29,Chapter Practice (native bank),QUESTIONS,29-25,29-25,29-25,primary placement,yes,yes,
PLC-00667,29-26,29,Chapter Practice (native bank),QUESTIONS,29-26,29-26,29-26,primary placement,yes,no,
PLC-00668,29-27,29,Chapter Practice (native bank),QUESTIONS,29-27,29-27,29-27,primary placement,yes,no,
PLC-00669,29-28,29,Chapter Practice (native bank),QUESTIONS,29-28,29-28,29-28,primary placement,yes,no,
PLC-00670,29-29,29,Chapter Practice (native bank),QUESTIONS,29-29,29-29,29-29,primary placement,yes,yes,
PLC-00671,29-30,29,Chapter Practice (native bank),QUESTIONS,29-30,29-30,29-30,primary placement,yes,yes,
PLC-00672,29-31,29,Chapter Practice (native bank),QUESTIONS,29-31,29-31,29-31,primary placement,yes,yes,
PLC-00673,29-32,29,Chapter Practice (native bank),QUESTIONS,29-32,29-32,29-32,primary placement,yes,yes,
PLC-00674,30-8,30,Chapter Practice (native bank),QUESTIONS,30-8,30-8,30-8,primary placement,yes,yes,
PLC-00675,30-9,30,Chapter Practice (native bank),QUESTIONS,30-9,30-9,30-9,primary placement,yes,yes,
PLC-00676,30-10,30,Chapter Practice (native bank),QUESTIONS,30-10,30-10,30-10,primary placement,yes,yes,
PLC-00677,30-11,30,Chapter Practice (native bank),QUESTIONS,30-11,30-11,30-11,primary placement,yes,yes,
PLC-00678,30-12,30,Chapter Practice (native bank),QUESTIONS,30-12,30-12,30-12,primary placement,yes,yes,
PLC-00679,30-13,30,Chapter Practice (native bank),QUESTIONS,30-13,30-13,30-13,primary placement,yes,yes,
PLC-00680,30-14,30,Chapter Practice (native bank),QUESTIONS,30-14,30-14,30-14,primary placement,yes,yes,
PLC-00681,31-17,31,Chapter Practice (native bank),QUESTIONS,31-17,31-17,31-17,primary placement,yes,yes,
PLC-00682,31-18,31,Chapter Practice (native bank),QUESTIONS,31-18,31-18,31-18,primary placement,yes,yes,
PLC-00683,31-19,31,Chapter Practice (native bank),QUESTIONS,31-19,31-19,31-19,primary placement,yes,yes,
PLC-00684,32-17,32,Chapter Practice (native bank),QUESTIONS,32-17,32-17,32-17,primary placement,yes,yes,
PLC-00685,32-18,32,Chapter Practice (native bank),QUESTIONS,32-18,32-18,32-18,primary placement,yes,yes,
PLC-00686,32-19,32,Chapter Practice (native bank),QUESTIONS,32-19,32-19,32-19,primary placement,yes,yes,
PLC-00687,34-12,34,Chapter Practice (native bank),QUESTIONS,34-12,34-12,34-12,primary placement,yes,yes,
PLC-00688,34-13,34,Chapter Practice (native bank),QUESTIONS,34-13,34-13,34-13,primary placement,yes,yes,
PLC-00689,34-14,34,Chapter Practice (native bank),QUESTIONS,34-14,34-14,34-14,primary placement,yes,yes,
PLC-00690,34-15,34,Chapter Practice (native bank),QUESTIONS,34-15,34-15,34-15,primary placement,yes,yes,
PLC-00691,34-16,34,Chapter Practice (native bank),QUESTIONS,34-16,34-16,34-16,primary placement,yes,yes,
PLC-00692,34-17,34,Chapter Practice (native bank),QUESTIONS,34-17,34-17,34-17,primary placement,yes,yes,
PLC-00693,34-18,34,Chapter Practice (native bank),QUESTIONS,34-18,34-18,34-18,primary placement,yes,yes,
PLC-00694,34-19,34,Chapter Practice (native bank),QUESTIONS,34-19,34-19,34-19,primary placement,yes,yes,
PLC-00695,34-20,34,Chapter Practice (native bank),QUESTIONS,34-20,34-20,34-20,primary placement,yes,yes,
PLC-00696,34-21,34,Chapter Practice (native bank),QUESTIONS,34-21,34-21,34-21,primary placement,yes,yes,
PLC-00697,29-33,29,Chapter Practice (native bank),QUESTIONS,29-33,29-33,29-33,primary placement,yes,yes,
PLC-00698,29-34,29,Chapter Practice (native bank),QUESTIONS,29-34,29-34,29-34,primary placement,yes,yes,
PLC-00699,29-35,29,Chapter Practice (native bank),QUESTIONS,29-35,29-35,29-35,primary placement,yes,yes,
PLC-00700,29-36,29,Chapter Practice (native bank),QUESTIONS,29-36,29-36,29-36,primary placement,yes,yes,
PLC-00701,29-37,29,Chapter Practice (native bank),QUESTIONS,29-37,29-37,29-37,primary placement,yes,yes,
PLC-00702,29-38,29,Chapter Practice (native bank),QUESTIONS,29-38,29-38,29-38,primary placement,yes,yes,
PLC-00703,2.A-f1,33,Cold task reserve (Blueprint),V522_TASK_RESERVE_ITEMS,2.A-f1,2.A-f1;BP522-2_A-1,2.A-f1,primary placement,yes,yes,"Spec+runtime are 1 content unit, 2 representations - see representation map"
PLC-00704,2.A-f2,33,Cold task reserve (Blueprint),V522_TASK_RESERVE_ITEMS,2.A-f2,2.A-f2;BP522-2_A-2,2.A-f2,primary placement,yes,yes,"Spec+runtime are 1 content unit, 2 representations - see representation map"
PLC-00705,2.A-f3,33,Cold task reserve (Blueprint),V522_TASK_RESERVE_ITEMS,2.A-f3,2.A-f3;BP522-2_A-3,2.A-f3,primary placement,yes,yes,"Spec+runtime are 1 content unit, 2 representations - see representation map"
PLC-00706,2.B-f1,18,Cold task reserve (Blueprint),V522_TASK_RESERVE_ITEMS,2.B-f1,2.B-f1;BP522-2_B-1,2.B-f1,primary placement,yes,yes,"Spec+runtime are 1 content unit, 2 representations - see representation map"
PLC-00707,2.B-f2,18,Cold task reserve (Blueprint),V522_TASK_RESERVE_ITEMS,2.B-f2,2.B-f2;BP522-2_B-2,2.B-f2,primary placement,yes,yes,"Spec+runtime are 1 content unit, 2 representations - see representation map"
PLC-00708,2.B-f3,18,Cold task reserve (Blueprint),V522_TASK_RESERVE_ITEMS,2.B-f3,2.B-f3;BP522-2_B-3,2.B-f3,primary placement,yes,yes,"Spec+runtime are 1 content unit, 2 representations - see representation map"
PLC-00709,2.C-f1,1,Cold task reserve (Blueprint),V522_TASK_RESERVE_ITEMS,2.C-f1,2.C-f1;BP522-2_C-1,2.C-f1,primary placement,yes,yes,"Spec+runtime are 1 content unit, 2 representations - see representation map"
PLC-00710,2.C-f2,1,Cold task reserve (Blueprint),V522_TASK_RESERVE_ITEMS,2.C-f2,2.C-f2;BP522-2_C-2,2.C-f2,primary placement,yes,yes,"Spec+runtime are 1 content unit, 2 representations - see representation map"
PLC-00711,2.C-f3,1,Cold task reserve (Blueprint),V522_TASK_RESERVE_ITEMS,2.C-f3,2.C-f3;BP522-2_C-3,2.C-f3,primary placement,yes,yes,"Spec+runtime are 1 content unit, 2 representations - see representation map"
PLC-00712,2.D-f1,23,Cold task reserve (Blueprint),V522_TASK_RESERVE_ITEMS,2.D-f1,2.D-f1;BP522-2_D-1,2.D-f1,primary placement,yes,yes,"Spec+runtime are 1 content unit, 2 representations - see representation map"
PLC-00713,2.D-f2,23,Cold task reserve (Blueprint),V522_TASK_RESERVE_ITEMS,2.D-f2,2.D-f2;BP522-2_D-2,2.D-f2,primary placement,yes,yes,"Spec+runtime are 1 content unit, 2 representations - see representation map"
PLC-00714,2.D-f3,23,Cold task reserve (Blueprint),V522_TASK_RESERVE_ITEMS,2.D-f3,2.D-f3;BP522-2_D-3,2.D-f3,primary placement,yes,yes,"Spec+runtime are 1 content unit, 2 representations - see representation map"
PLC-00715,2.E-f1,18,Cold task reserve (Blueprint),V522_TASK_RESERVE_ITEMS,2.E-f1,2.E-f1;BP522-2_E-1,2.E-f1,primary placement,yes,yes,"Spec+runtime are 1 content unit, 2 representations - see representation map"
PLC-00716,2.E-f2,18,Cold task reserve (Blueprint),V522_TASK_RESERVE_ITEMS,2.E-f2,2.E-f2;BP522-2_E-2,2.E-f2,primary placement,yes,yes,"Spec+runtime are 1 content unit, 2 representations - see representation map"
PLC-00717,2.E-f3,18,Cold task reserve (Blueprint),V522_TASK_RESERVE_ITEMS,2.E-f3,2.E-f3;BP522-2_E-3,2.E-f3,primary placement,yes,yes,"Spec+runtime are 1 content unit, 2 representations - see representation map"
PLC-00718,2.F-f1,18,Cold task reserve (Blueprint),V522_TASK_RESERVE_ITEMS,2.F-f1,2.F-f1;BP522-2_F-1,2.F-f1,primary placement,yes,yes,"Spec+runtime are 1 content unit, 2 representations - see representation map"
PLC-00719,2.F-f2,18,Cold task reserve (Blueprint),V522_TASK_RESERVE_ITEMS,2.F-f2,2.F-f2;BP522-2_F-2,2.F-f2,primary placement,yes,yes,"Spec+runtime are 1 content unit, 2 representations - see representation map"
PLC-00720,2.F-f3,18,Cold task reserve (Blueprint),V522_TASK_RESERVE_ITEMS,2.F-f3,2.F-f3;BP522-2_F-3,2.F-f3,primary placement,yes,yes,"Spec+runtime are 1 content unit, 2 representations - see representation map"
PLC-00721,2.G-f1,14,Cold task reserve (Blueprint),V522_TASK_RESERVE_ITEMS,2.G-f1,2.G-f1;BP522-2_G-1,2.G-f1,primary placement,yes,yes,"Spec+runtime are 1 content unit, 2 representations - see representation map"
PLC-00722,2.G-f2,14,Cold task reserve (Blueprint),V522_TASK_RESERVE_ITEMS,2.G-f2,2.G-f2;BP522-2_G-2,2.G-f2,primary placement,yes,yes,"Spec+runtime are 1 content unit, 2 representations - see representation map"
PLC-00723,2.G-f3,14,Cold task reserve (Blueprint),V522_TASK_RESERVE_ITEMS,2.G-f3,2.G-f3;BP522-2_G-3,2.G-f3,primary placement,yes,yes,"Spec+runtime are 1 content unit, 2 representations - see representation map"
PLC-00724,2.H-f1,23,Cold task reserve (Blueprint),V522_TASK_RESERVE_ITEMS,2.H-f1,2.H-f1;BP522-2_H-1,2.H-f1,primary placement,yes,yes,"Spec+runtime are 1 content unit, 2 representations - see representation map"
PLC-00725,2.H-f2,23,Cold task reserve (Blueprint),V522_TASK_RESERVE_ITEMS,2.H-f2,2.H-f2;BP522-2_H-2,2.H-f2,primary placement,yes,yes,"Spec+runtime are 1 content unit, 2 representations - see representation map"
PLC-00726,2.H-f3,23,Cold task reserve (Blueprint),V522_TASK_RESERVE_ITEMS,2.H-f3,2.H-f3;BP522-2_H-3,2.H-f3,primary placement,yes,yes,"Spec+runtime are 1 content unit, 2 representations - see representation map"
PLC-00727,2.I-f1,12,Cold task reserve (Blueprint),V522_TASK_RESERVE_ITEMS,2.I-f1,2.I-f1;BP522-2_I-1,2.I-f1,primary placement,yes,yes,"Spec+runtime are 1 content unit, 2 representations - see representation map"
PLC-00728,2.I-f2,12,Cold task reserve (Blueprint),V522_TASK_RESERVE_ITEMS,2.I-f2,2.I-f2;BP522-2_I-2,2.I-f2,primary placement,yes,yes,"Spec+runtime are 1 content unit, 2 representations - see representation map"
PLC-00729,2.I-f3,12,Cold task reserve (Blueprint),V522_TASK_RESERVE_ITEMS,2.I-f3,2.I-f3;BP522-2_I-3,2.I-f3,primary placement,yes,yes,"Spec+runtime are 1 content unit, 2 representations - see representation map"
PLC-00730,2.J-f1,13,Cold task reserve (Blueprint),V522_TASK_RESERVE_ITEMS,2.J-f1,2.J-f1;BP522-2_J-1,2.J-f1,primary placement,yes,yes,"Spec+runtime are 1 content unit, 2 representations - see representation map"
PLC-00731,2.J-f2,13,Cold task reserve (Blueprint),V522_TASK_RESERVE_ITEMS,2.J-f2,2.J-f2;BP522-2_J-2,2.J-f2,primary placement,yes,yes,"Spec+runtime are 1 content unit, 2 representations - see representation map"
PLC-00732,2.J-f3,13,Cold task reserve (Blueprint),V522_TASK_RESERVE_ITEMS,2.J-f3,2.J-f3;BP522-2_J-3,2.J-f3,primary placement,yes,yes,"Spec+runtime are 1 content unit, 2 representations - see representation map"
PLC-00733,2.K-f1,16,Cold task reserve (Blueprint),V522_TASK_RESERVE_ITEMS,2.K-f1,2.K-f1;BP522-2_K-1,2.K-f1,primary placement,yes,yes,"Spec+runtime are 1 content unit, 2 representations - see representation map"
PLC-00734,2.K-f2,16,Cold task reserve (Blueprint),V522_TASK_RESERVE_ITEMS,2.K-f2,2.K-f2;BP522-2_K-2,2.K-f2,primary placement,yes,yes,"Spec+runtime are 1 content unit, 2 representations - see representation map"
PLC-00735,2.K-f3,16,Cold task reserve (Blueprint),V522_TASK_RESERVE_ITEMS,2.K-f3,2.K-f3;BP522-2_K-3,2.K-f3,primary placement,yes,yes,"Spec+runtime are 1 content unit, 2 representations - see representation map"
PLC-00736,2.L-f1,25,Cold task reserve (Blueprint),V522_TASK_RESERVE_ITEMS,2.L-f1,2.L-f1;BP522-2_L-1,2.L-f1,primary placement,yes,yes,"Spec+runtime are 1 content unit, 2 representations - see representation map"
PLC-00737,2.L-f2,25,Cold task reserve (Blueprint),V522_TASK_RESERVE_ITEMS,2.L-f2,2.L-f2;BP522-2_L-2,2.L-f2,primary placement,yes,yes,"Spec+runtime are 1 content unit, 2 representations - see representation map"
PLC-00738,2.L-f3,25,Cold task reserve (Blueprint),V522_TASK_RESERVE_ITEMS,2.L-f3,2.L-f3;BP522-2_L-3,2.L-f3,primary placement,yes,yes,"Spec+runtime are 1 content unit, 2 representations - see representation map"
PLC-00739,2.M-f1,26,Cold task reserve (Blueprint),V522_TASK_RESERVE_ITEMS,2.M-f1,2.M-f1;BP522-2_M-1,2.M-f1,primary placement,yes,yes,"Spec+runtime are 1 content unit, 2 representations - see representation map"
PLC-00740,2.M-f2,26,Cold task reserve (Blueprint),V522_TASK_RESERVE_ITEMS,2.M-f2,2.M-f2;BP522-2_M-2,2.M-f2,primary placement,yes,yes,"Spec+runtime are 1 content unit, 2 representations - see representation map"
PLC-00741,2.M-f3,26,Cold task reserve (Blueprint),V522_TASK_RESERVE_ITEMS,2.M-f3,2.M-f3;BP522-2_M-3,2.M-f3,primary placement,yes,yes,"Spec+runtime are 1 content unit, 2 representations - see representation map"
PLC-00742,2.N-f1,13,Cold task reserve (Blueprint),V522_TASK_RESERVE_ITEMS,2.N-f1,2.N-f1;BP522-2_N-1,2.N-f1,primary placement,yes,yes,"Spec+runtime are 1 content unit, 2 representations - see representation map"
PLC-00743,2.N-f2,13,Cold task reserve (Blueprint),V522_TASK_RESERVE_ITEMS,2.N-f2,2.N-f2;BP522-2_N-2,2.N-f2,primary placement,yes,yes,"Spec+runtime are 1 content unit, 2 representations - see representation map"
PLC-00744,2.N-f3,13,Cold task reserve (Blueprint),V522_TASK_RESERVE_ITEMS,2.N-f3,2.N-f3;BP522-2_N-3,2.N-f3,primary placement,yes,yes,"Spec+runtime are 1 content unit, 2 representations - see representation map"
PLC-00745,2.O-f1,23,Cold task reserve (Blueprint),V522_TASK_RESERVE_ITEMS,2.O-f1,2.O-f1;BP522-2_O-1,2.O-f1,primary placement,yes,yes,"Spec+runtime are 1 content unit, 2 representations - see representation map"
PLC-00746,2.O-f2,23,Cold task reserve (Blueprint),V522_TASK_RESERVE_ITEMS,2.O-f2,2.O-f2;BP522-2_O-2,2.O-f2,primary placement,yes,yes,"Spec+runtime are 1 content unit, 2 representations - see representation map"
PLC-00747,2.O-f3,23,Cold task reserve (Blueprint),V522_TASK_RESERVE_ITEMS,2.O-f3,2.O-f3;BP522-2_O-3,2.O-f3,primary placement,yes,yes,"Spec+runtime are 1 content unit, 2 representations - see representation map"
PLC-00748,2.P-f1,12,Cold task reserve (Blueprint),V522_TASK_RESERVE_ITEMS,2.P-f1,2.P-f1;BP522-2_P-1,2.P-f1,primary placement,yes,yes,"Spec+runtime are 1 content unit, 2 representations - see representation map"
PLC-00749,2.P-f2,12,Cold task reserve (Blueprint),V522_TASK_RESERVE_ITEMS,2.P-f2,2.P-f2;BP522-2_P-2,2.P-f2,primary placement,yes,yes,"Spec+runtime are 1 content unit, 2 representations - see representation map"
PLC-00750,2.P-f3,12,Cold task reserve (Blueprint),V522_TASK_RESERVE_ITEMS,2.P-f3,2.P-f3;BP522-2_P-3,2.P-f3,primary placement,yes,yes,"Spec+runtime are 1 content unit, 2 representations - see representation map"
PLC-00751,2.Q-f1,15,Cold task reserve (Blueprint),V522_TASK_RESERVE_ITEMS,2.Q-f1,2.Q-f1;BP522-2_Q-1,2.Q-f1,primary placement,yes,yes,"Spec+runtime are 1 content unit, 2 representations - see representation map"
PLC-00752,2.Q-f2,15,Cold task reserve (Blueprint),V522_TASK_RESERVE_ITEMS,2.Q-f2,2.Q-f2;BP522-2_Q-2,2.Q-f2,primary placement,yes,yes,"Spec+runtime are 1 content unit, 2 representations - see representation map"
PLC-00753,2.Q-f3,15,Cold task reserve (Blueprint),V522_TASK_RESERVE_ITEMS,2.Q-f3,2.Q-f3;BP522-2_Q-3,2.Q-f3,primary placement,yes,yes,"Spec+runtime are 1 content unit, 2 representations - see representation map"
PLC-00754,2.R-f1,18,Cold task reserve (Blueprint),V522_TASK_RESERVE_ITEMS,2.R-f1,2.R-f1;BP522-2_R-1,2.R-f1,primary placement,yes,yes,"Spec+runtime are 1 content unit, 2 representations - see representation map"
PLC-00755,2.R-f2,18,Cold task reserve (Blueprint),V522_TASK_RESERVE_ITEMS,2.R-f2,2.R-f2;BP522-2_R-2,2.R-f2,primary placement,yes,yes,"Spec+runtime are 1 content unit, 2 representations - see representation map"
PLC-00756,2.R-f3,18,Cold task reserve (Blueprint),V522_TASK_RESERVE_ITEMS,2.R-f3,2.R-f3;BP522-2_R-3,2.R-f3,primary placement,yes,yes,"Spec+runtime are 1 content unit, 2 representations - see representation map"
PLC-00757,3.A-f1,18,Cold task reserve (Blueprint),V522_TASK_RESERVE_ITEMS,3.A-f1,3.A-f1;BP522-3_A-1,3.A-f1,primary placement,yes,yes,"Spec+runtime are 1 content unit, 2 representations - see representation map"
PLC-00758,3.A-f2,18,Cold task reserve (Blueprint),V522_TASK_RESERVE_ITEMS,3.A-f2,3.A-f2;BP522-3_A-2,3.A-f2,primary placement,yes,yes,"Spec+runtime are 1 content unit, 2 representations - see representation map"
PLC-00759,3.A-f3,18,Cold task reserve (Blueprint),V522_TASK_RESERVE_ITEMS,3.A-f3,3.A-f3;BP522-3_A-3,3.A-f3,primary placement,yes,yes,"Spec+runtime are 1 content unit, 2 representations - see representation map"
PLC-00760,3.B-f1,18,Cold task reserve (Blueprint),V522_TASK_RESERVE_ITEMS,3.B-f1,3.B-f1;BP522-3_B-1,3.B-f1,primary placement,yes,yes,"Spec+runtime are 1 content unit, 2 representations - see representation map"
PLC-00761,3.B-f2,18,Cold task reserve (Blueprint),V522_TASK_RESERVE_ITEMS,3.B-f2,3.B-f2;BP522-3_B-2,3.B-f2,primary placement,yes,yes,"Spec+runtime are 1 content unit, 2 representations - see representation map"
PLC-00762,3.B-f3,18,Cold task reserve (Blueprint),V522_TASK_RESERVE_ITEMS,3.B-f3,3.B-f3;BP522-3_B-3,3.B-f3,primary placement,yes,yes,"Spec+runtime are 1 content unit, 2 representations - see representation map"
PLC-00763,3.C-f1,14,Cold task reserve (Blueprint),V522_TASK_RESERVE_ITEMS,3.C-f1,3.C-f1;BP522-3_C-1,3.C-f1,primary placement,yes,yes,"Spec+runtime are 1 content unit, 2 representations - see representation map"
PLC-00764,3.C-f2,14,Cold task reserve (Blueprint),V522_TASK_RESERVE_ITEMS,3.C-f2,3.C-f2;BP522-3_C-2,3.C-f2,primary placement,yes,yes,"Spec+runtime are 1 content unit, 2 representations - see representation map"
PLC-00765,3.C-f3,14,Cold task reserve (Blueprint),V522_TASK_RESERVE_ITEMS,3.C-f3,3.C-f3;BP522-3_C-3,3.C-f3,primary placement,yes,yes,"Spec+runtime are 1 content unit, 2 representations - see representation map"
PLC-00766,3.D-f1,14,Cold task reserve (Blueprint),V522_TASK_RESERVE_ITEMS,3.D-f1,3.D-f1;BP522-3_D-1,3.D-f1,primary placement,yes,yes,"Spec+runtime are 1 content unit, 2 representations - see representation map"
PLC-00767,3.D-f2,14,Cold task reserve (Blueprint),V522_TASK_RESERVE_ITEMS,3.D-f2,3.D-f2;BP522-3_D-2,3.D-f2,primary placement,yes,yes,"Spec+runtime are 1 content unit, 2 representations - see representation map"
PLC-00768,3.D-f3,14,Cold task reserve (Blueprint),V522_TASK_RESERVE_ITEMS,3.D-f3,3.D-f3;BP522-3_D-3,3.D-f3,primary placement,yes,yes,"Spec+runtime are 1 content unit, 2 representations - see representation map"
PLC-00769,3.E-f1,13,Cold task reserve (Blueprint),V522_TASK_RESERVE_ITEMS,3.E-f1,3.E-f1;BP522-3_E-1,3.E-f1,primary placement,yes,yes,"Spec+runtime are 1 content unit, 2 representations - see representation map"
PLC-00770,3.E-f2,13,Cold task reserve (Blueprint),V522_TASK_RESERVE_ITEMS,3.E-f2,3.E-f2;BP522-3_E-2,3.E-f2,primary placement,yes,yes,"Spec+runtime are 1 content unit, 2 representations - see representation map"
PLC-00771,3.E-f3,13,Cold task reserve (Blueprint),V522_TASK_RESERVE_ITEMS,3.E-f3,3.E-f3;BP522-3_E-3,3.E-f3,primary placement,yes,yes,"Spec+runtime are 1 content unit, 2 representations - see representation map"
PLC-00772,3.F-f1,19,Cold task reserve (Blueprint),V522_TASK_RESERVE_ITEMS,3.F-f1,3.F-f1;BP522-3_F-1,3.F-f1,primary placement,yes,yes,"Spec+runtime are 1 content unit, 2 representations - see representation map"
PLC-00773,3.F-f2,19,Cold task reserve (Blueprint),V522_TASK_RESERVE_ITEMS,3.F-f2,3.F-f2;BP522-3_F-2,3.F-f2,primary placement,yes,yes,"Spec+runtime are 1 content unit, 2 representations - see representation map"
PLC-00774,3.F-f3,19,Cold task reserve (Blueprint),V522_TASK_RESERVE_ITEMS,3.F-f3,3.F-f3;BP522-3_F-3,3.F-f3,primary placement,yes,yes,"Spec+runtime are 1 content unit, 2 representations - see representation map"
PLC-00775,3.G-f1,27,Cold task reserve (Blueprint),V522_TASK_RESERVE_ITEMS,3.G-f1,3.G-f1;BP522-3_G-1,3.G-f1,primary placement,yes,yes,"Spec+runtime are 1 content unit, 2 representations - see representation map"
PLC-00776,3.G-f2,27,Cold task reserve (Blueprint),V522_TASK_RESERVE_ITEMS,3.G-f2,3.G-f2;BP522-3_G-2,3.G-f2,primary placement,yes,yes,"Spec+runtime are 1 content unit, 2 representations - see representation map"
PLC-00777,3.G-f3,27,Cold task reserve (Blueprint),V522_TASK_RESERVE_ITEMS,3.G-f3,3.G-f3;BP522-3_G-3,3.G-f3,primary placement,yes,yes,"Spec+runtime are 1 content unit, 2 representations - see representation map"
PLC-00778,3.H-f1,18,Cold task reserve (Blueprint),V522_TASK_RESERVE_ITEMS,3.H-f1,3.H-f1;BP522-3_H-1,3.H-f1,primary placement,yes,yes,"Spec+runtime are 1 content unit, 2 representations - see representation map"
PLC-00779,3.H-f2,18,Cold task reserve (Blueprint),V522_TASK_RESERVE_ITEMS,3.H-f2,3.H-f2;BP522-3_H-2,3.H-f2,primary placement,yes,yes,"Spec+runtime are 1 content unit, 2 representations - see representation map"
PLC-00780,3.H-f3,18,Cold task reserve (Blueprint),V522_TASK_RESERVE_ITEMS,3.H-f3,3.H-f3;BP522-3_H-3,3.H-f3,primary placement,yes,yes,"Spec+runtime are 1 content unit, 2 representations - see representation map"
PLC-00781,1.H-f1,14,Cold task reserve (Blueprint),V522_TASK_RESERVE_ITEMS,1.H-f1,1.H-f1;BP522-1_H-1,1.H-f1,primary placement,yes,yes,"Spec+runtime are 1 content unit, 2 representations - see representation map"
PLC-00782,1.I-f1,14,Cold task reserve (Blueprint),V522_TASK_RESERVE_ITEMS,1.I-f1,1.I-f1;BP522-1_I-1,1.I-f1,primary placement,yes,yes,"Spec+runtime are 1 content unit, 2 representations - see representation map"
PLC-00783,1.J-f1,25,Cold task reserve (Blueprint),V522_TASK_RESERVE_ITEMS,1.J-f1,1.J-f1;BP522-1_J-1,1.J-f1,primary placement,yes,yes,"Spec+runtime are 1 content unit, 2 representations - see representation map"
PLC-00784,1.R-f1,14,Cold task reserve (Blueprint),V522_TASK_RESERVE_ITEMS,1.R-f1,1.R-f1;BP522-1_R-1,1.R-f1,primary placement,yes,yes,"Spec+runtime are 1 content unit, 2 representations - see representation map"
PLC-00785,1.U-f1,14,Cold task reserve (Blueprint),V522_TASK_RESERVE_ITEMS,1.U-f1,1.U-f1;BP522-1_U-1,1.U-f1,primary placement,yes,yes,"Spec+runtime are 1 content unit, 2 representations - see representation map"
PLC-00786,1.W-f1,25,Cold task reserve (Blueprint),V522_TASK_RESERVE_ITEMS,1.W-f1,1.W-f1;BP522-1_W-1,1.W-f1,primary placement,yes,yes,"Spec+runtime are 1 content unit, 2 representations - see representation map"
PLC-00787,4.K-f1,19,Cold task reserve (Blueprint),V522_TASK_RESERVE_ITEMS,4.K-f1,4.K-f1;BP522-4_K-1,4.K-f1,primary placement,yes,yes,"Spec+runtime are 1 content unit, 2 representations - see representation map"
PLC-00788,4.L-f1,28,Cold task reserve (Blueprint),V522_TASK_RESERVE_ITEMS,4.L-f1,4.L-f1;BP522-4_L-1,4.L-f1,primary placement,yes,yes,"Spec+runtime are 1 content unit, 2 representations - see representation map"
PLC-00789,5.A-f1,13,Cold task reserve (Blueprint),V522_TASK_RESERVE_ITEMS,5.A-f1,5.A-f1;BP522-5_A-1,5.A-f1,primary placement,yes,yes,"Spec+runtime are 1 content unit, 2 representations - see representation map"
PLC-00790,5.C-f1,13,Cold task reserve (Blueprint),V522_TASK_RESERVE_ITEMS,5.C-f1,5.C-f1;BP522-5_C-1,5.C-f1,primary placement,yes,yes,"Spec+runtime are 1 content unit, 2 representations - see representation map"
PLC-00791,6.A-f1,31,Cold task reserve (Blueprint),V522_TASK_RESERVE_ITEMS,6.A-f1,6.A-f1;BP522-6_A-1,6.A-f1,primary placement,yes,yes,"Spec+runtime are 1 content unit, 2 representations - see representation map"
PLC-00792,1.A,9,Direct task item (Blueprint),V524_DIRECT_TASK_ITEMS,1.A,1.A;BP524-1_A-1,1.A,primary placement,yes,yes,"Spec+runtime are 1 content unit, 2 representations - see representation map"
PLC-00793,1.B,9,Direct task item (Blueprint),V524_DIRECT_TASK_ITEMS,1.B,1.B;BP524-1_B-1,1.B,primary placement,yes,yes,"Spec+runtime are 1 content unit, 2 representations - see representation map"
PLC-00794,1.C,9,Direct task item (Blueprint),V524_DIRECT_TASK_ITEMS,1.C,1.C;BP524-1_C-1,1.C,primary placement,yes,yes,"Spec+runtime are 1 content unit, 2 representations - see representation map"
PLC-00795,1.D,9,Direct task item (Blueprint),V524_DIRECT_TASK_ITEMS,1.D,1.D;BP524-1_D-1,1.D,primary placement,yes,yes,"Spec+runtime are 1 content unit, 2 representations - see representation map"
PLC-00796,1.E,9,Direct task item (Blueprint),V524_DIRECT_TASK_ITEMS,1.E,1.E;BP524-1_E-1,1.E,primary placement,yes,yes,"Spec+runtime are 1 content unit, 2 representations - see representation map"
PLC-00797,1.F,9,Direct task item (Blueprint),V524_DIRECT_TASK_ITEMS,1.F,1.F;BP524-1_F-1,1.F,primary placement,yes,yes,"Spec+runtime are 1 content unit, 2 representations - see representation map"
PLC-00798,1.G,9,Direct task item (Blueprint),V524_DIRECT_TASK_ITEMS,1.G,1.G;BP524-1_G-1,1.G,primary placement,yes,yes,"Spec+runtime are 1 content unit, 2 representations - see representation map"
PLC-00799,1.K,14,Direct task item (Blueprint),V524_DIRECT_TASK_ITEMS,1.K,1.K;BP524-1_K-1,1.K,primary placement,yes,yes,"Spec+runtime are 1 content unit, 2 representations - see representation map"
PLC-00800,1.L,27,Direct task item (Blueprint),V524_DIRECT_TASK_ITEMS,1.L,1.L;BP524-1_L-1,1.L,primary placement,yes,yes,"Spec+runtime are 1 content unit, 2 representations - see representation map"
PLC-00801,1.M,24,Direct task item (Blueprint),V524_DIRECT_TASK_ITEMS,1.M,1.M;BP524-1_M-1,1.M,primary placement,yes,yes,"Spec+runtime are 1 content unit, 2 representations - see representation map"
PLC-00802,1.N,12,Direct task item (Blueprint),V524_DIRECT_TASK_ITEMS,1.N,1.N;BP524-1_N-1,1.N,primary placement,yes,yes,"Spec+runtime are 1 content unit, 2 representations - see representation map"
PLC-00803,1.O,12,Direct task item (Blueprint),V524_DIRECT_TASK_ITEMS,1.O,1.O;BP524-1_O-1,1.O,primary placement,yes,yes,"Spec+runtime are 1 content unit, 2 representations - see representation map"
PLC-00804,1.P,33,Direct task item (Blueprint),V524_DIRECT_TASK_ITEMS,1.P,1.P;BP524-1_P-1,1.P,primary placement,yes,yes,"Spec+runtime are 1 content unit, 2 representations - see representation map"
PLC-00805,1.Q,1,Direct task item (Blueprint),V524_DIRECT_TASK_ITEMS,1.Q,1.Q;BP524-1_Q-1,1.Q,primary placement,yes,yes,"Spec+runtime are 1 content unit, 2 representations - see representation map"
PLC-00806,1.S,23,Direct task item (Blueprint),V524_DIRECT_TASK_ITEMS,1.S,1.S;BP524-1_S-1,1.S,primary placement,yes,yes,"Spec+runtime are 1 content unit, 2 representations - see representation map"
PLC-00807,1.T,23,Direct task item (Blueprint),V524_DIRECT_TASK_ITEMS,1.T,1.T;BP524-1_T-1,1.T,primary placement,yes,yes,"Spec+runtime are 1 content unit, 2 representations - see representation map"
PLC-00808,1.V,9,Direct task item (Blueprint),V524_DIRECT_TASK_ITEMS,1.V,1.V;BP524-1_V-1,1.V,primary placement,yes,yes,"Spec+runtime are 1 content unit, 2 representations - see representation map"
PLC-00809,1.X,15,Direct task item (Blueprint),V524_DIRECT_TASK_ITEMS,1.X,1.X;BP524-1_X-1,1.X,primary placement,yes,yes,"Spec+runtime are 1 content unit, 2 representations - see representation map"
PLC-00810,1.Y,14,Direct task item (Blueprint),V524_DIRECT_TASK_ITEMS,1.Y,1.Y;BP524-1_Y-1,1.Y,primary placement,yes,yes,"Spec+runtime are 1 content unit, 2 representations - see representation map"
PLC-00811,1.Z,14,Direct task item (Blueprint),V524_DIRECT_TASK_ITEMS,1.Z,1.Z;BP524-1_Z-1,1.Z,primary placement,yes,yes,"Spec+runtime are 1 content unit, 2 representations - see representation map"
PLC-00812,1.AA,9,Direct task item (Blueprint),V524_DIRECT_TASK_ITEMS,1.AA,1.AA;BP524-1_AA-1,1.AA,primary placement,yes,yes,"Spec+runtime are 1 content unit, 2 representations - see representation map"
PLC-00813,4.A,14,Direct task item (Blueprint),V524_DIRECT_TASK_ITEMS,4.A,4.A;BP524-4_A-1,4.A,primary placement,yes,yes,"Spec+runtime are 1 content unit, 2 representations - see representation map"
PLC-00814,4.B,14,Direct task item (Blueprint),V524_DIRECT_TASK_ITEMS,4.B,4.B;BP524-4_B-1,4.B,primary placement,yes,yes,"Spec+runtime are 1 content unit, 2 representations - see representation map"
PLC-00815,4.C,14,Direct task item (Blueprint),V524_DIRECT_TASK_ITEMS,4.C,4.C;BP524-4_C-1,4.C,primary placement,yes,yes,"Spec+runtime are 1 content unit, 2 representations - see representation map"
PLC-00816,4.D,14,Direct task item (Blueprint),V524_DIRECT_TASK_ITEMS,4.D,4.D;BP524-4_D-1,4.D,primary placement,yes,yes,"Spec+runtime are 1 content unit, 2 representations - see representation map"
PLC-00817,4.E,15,Direct task item (Blueprint),V524_DIRECT_TASK_ITEMS,4.E,4.E;BP524-4_E-1,4.E,primary placement,yes,yes,"Spec+runtime are 1 content unit, 2 representations - see representation map"
PLC-00818,4.F,14,Direct task item (Blueprint),V524_DIRECT_TASK_ITEMS,4.F,4.F;BP524-4_F-1,4.F,primary placement,yes,yes,"Spec+runtime are 1 content unit, 2 representations - see representation map"
PLC-00819,4.G,14,Direct task item (Blueprint),V524_DIRECT_TASK_ITEMS,4.G,4.G;BP524-4_G-1,4.G,primary placement,yes,yes,"Spec+runtime are 1 content unit, 2 representations - see representation map"
PLC-00820,4.H,14,Direct task item (Blueprint),V524_DIRECT_TASK_ITEMS,4.H,4.H;BP524-4_H-1,4.H,primary placement,yes,yes,"Spec+runtime are 1 content unit, 2 representations - see representation map"
PLC-00821,4.I,14,Direct task item (Blueprint),V524_DIRECT_TASK_ITEMS,4.I,4.I;BP524-4_I-1,4.I,primary placement,yes,yes,"Spec+runtime are 1 content unit, 2 representations - see representation map"
PLC-00822,4.J,14,Direct task item (Blueprint),V524_DIRECT_TASK_ITEMS,4.J,4.J;BP524-4_J-1,4.J,primary placement,yes,yes,"Spec+runtime are 1 content unit, 2 representations - see representation map"
PLC-00823,4.M,15,Direct task item (Blueprint),V524_DIRECT_TASK_ITEMS,4.M,4.M;BP524-4_M-1,4.M,primary placement,yes,yes,"Spec+runtime are 1 content unit, 2 representations - see representation map"
PLC-00824,5.B,13,Direct task item (Blueprint),V524_DIRECT_TASK_ITEMS,5.B,5.B;BP524-5_B-1,5.B,primary placement,yes,yes,"Spec+runtime are 1 content unit, 2 representations - see representation map"
PLC-00825,5.D,13,Direct task item (Blueprint),V524_DIRECT_TASK_ITEMS,5.D,5.D;BP524-5_D-1,5.D,primary placement,yes,yes,"Spec+runtime are 1 content unit, 2 representations - see representation map"
PLC-00826,6.B,31,Direct task item (Blueprint),V524_DIRECT_TASK_ITEMS,6.B,6.B;BP524-6_B-1,6.B,primary placement,yes,yes,"Spec+runtime are 1 content unit, 2 representations - see representation map"
PLC-00827,6.C,31,Direct task item (Blueprint),V524_DIRECT_TASK_ITEMS,6.C,6.C;BP524-6_C-1,6.C,primary placement,yes,yes,"Spec+runtime are 1 content unit, 2 representations - see representation map"
PLC-00828,6.D,32,Direct task item (Blueprint),V524_DIRECT_TASK_ITEMS,6.D,6.D;BP524-6_D-1,6.D,primary placement,yes,yes,"Spec+runtime are 1 content unit, 2 representations - see representation map"
PLC-00829,6.E,32,Direct task item (Blueprint),V524_DIRECT_TASK_ITEMS,6.E,6.E;BP524-6_E-1,6.E,primary placement,yes,yes,"Spec+runtime are 1 content unit, 2 representations - see representation map"
PLC-00830,6.F,32,Direct task item (Blueprint),V524_DIRECT_TASK_ITEMS,6.F,6.F;BP524-6_F-1,6.F,primary placement,yes,yes,"Spec+runtime are 1 content unit, 2 representations - see representation map"
PLC-00831,sg1_1,1,Official Study Guide review,EXAM_STUDY_GUIDE_BANK,sg1_1,sg1_1,1,primary placement,yes,yes,
PLC-00832,sg1_2,1,Official Study Guide review,EXAM_STUDY_GUIDE_BANK,sg1_2,sg1_2,2,primary placement,yes,yes,
PLC-00833,sg1_3,1,Official Study Guide review,EXAM_STUDY_GUIDE_BANK,sg1_3,sg1_3,3,primary placement,yes,yes,
PLC-00834,sg1_4,1,Official Study Guide review,EXAM_STUDY_GUIDE_BANK,sg1_4,sg1_4,4,primary placement,yes,yes,
PLC-00835,sg1_5,1,Official Study Guide review,EXAM_STUDY_GUIDE_BANK,sg1_5,sg1_5,5,primary placement,yes,yes,
PLC-00836,sg1_6,1,Official Study Guide review,EXAM_STUDY_GUIDE_BANK,sg1_6,sg1_6,6,primary placement,yes,yes,
PLC-00837,sg1_7,1,Official Study Guide review,EXAM_STUDY_GUIDE_BANK,sg1_7,sg1_7,7,primary placement,yes,yes,
PLC-00838,sg1_8,1,Official Study Guide review,EXAM_STUDY_GUIDE_BANK,sg1_8,sg1_8,8,primary placement,yes,yes,
PLC-00839,sg1_9,1,Official Study Guide review,EXAM_STUDY_GUIDE_BANK,sg1_9,sg1_9,9,primary placement,yes,yes,
PLC-00840,sg1_10,1,Official Study Guide review,EXAM_STUDY_GUIDE_BANK,sg1_10,sg1_10,10,primary placement,yes,yes,
PLC-00841,appb_8,1,Official Study Guide review,EXAM_STUDY_GUIDE_BANK,appb_8,appb_8,B.8,primary placement,yes,yes,
PLC-00842,sg2_1,2,Official Study Guide review,EXAM_STUDY_GUIDE_BANK,sg2_1,sg2_1,1,primary placement,yes,yes,
PLC-00843,sg2_2,2,Official Study Guide review,EXAM_STUDY_GUIDE_BANK,sg2_2,sg2_2,2,primary placement,yes,yes,
PLC-00844,sg2_3,2,Official Study Guide review,EXAM_STUDY_GUIDE_BANK,sg2_3,sg2_3,3,primary placement,yes,yes,
PLC-00845,sg2_4,2,Official Study Guide review,EXAM_STUDY_GUIDE_BANK,sg2_4,sg2_4,4,primary placement,yes,yes,
PLC-00846,sg2_5,2,Official Study Guide review,EXAM_STUDY_GUIDE_BANK,sg2_5,sg2_5,5,primary placement,yes,yes,
PLC-00847,sg2_6,2,Official Study Guide review,EXAM_STUDY_GUIDE_BANK,sg2_6,sg2_6,6,primary placement,yes,yes,
PLC-00848,sg2_7,2,Official Study Guide review,EXAM_STUDY_GUIDE_BANK,sg2_7,sg2_7,7,primary placement,yes,yes,
PLC-00849,sg2_8,2,Official Study Guide review,EXAM_STUDY_GUIDE_BANK,sg2_8,sg2_8,8,primary placement,yes,yes,
PLC-00850,appb_9,2,Official Study Guide review,EXAM_STUDY_GUIDE_BANK,appb_9,appb_9,B.9,primary placement,yes,yes,
PLC-00851,sg3_1,3,Official Study Guide review,EXAM_STUDY_GUIDE_BANK,sg3_1,sg3_1,1,primary placement,yes,yes,
PLC-00852,sg3_2,3,Official Study Guide review,EXAM_STUDY_GUIDE_BANK,sg3_2,sg3_2,2,primary placement,yes,yes,
PLC-00853,sg3_3,3,Official Study Guide review,EXAM_STUDY_GUIDE_BANK,sg3_3,sg3_3,3,primary placement,yes,yes,
PLC-00854,sg3_4,3,Official Study Guide review,EXAM_STUDY_GUIDE_BANK,sg3_4,sg3_4,4,primary placement,yes,yes,
PLC-00855,sg3_5,3,Official Study Guide review,EXAM_STUDY_GUIDE_BANK,sg3_5,sg3_5,5,primary placement,yes,yes,
PLC-00856,sg3_6,3,Official Study Guide review,EXAM_STUDY_GUIDE_BANK,sg3_6,sg3_6,6,primary placement,yes,yes,
PLC-00857,sg3_7,3,Official Study Guide review,EXAM_STUDY_GUIDE_BANK,sg3_7,sg3_7,7,primary placement,yes,yes,
PLC-00858,sg3_8,3,Official Study Guide review,EXAM_STUDY_GUIDE_BANK,sg3_8,sg3_8,8,primary placement,yes,yes,
PLC-00859,sg3_9,3,Official Study Guide review,EXAM_STUDY_GUIDE_BANK,sg3_9,sg3_9,9,primary placement,yes,yes,
PLC-00860,sg4_1,4,Official Study Guide review,EXAM_STUDY_GUIDE_BANK,sg4_1,sg4_1,1,primary placement,yes,yes,
PLC-00861,sg4_2,4,Official Study Guide review,EXAM_STUDY_GUIDE_BANK,sg4_2,sg4_2,2,primary placement,yes,yes,
PLC-00862,sg4_3,4,Official Study Guide review,EXAM_STUDY_GUIDE_BANK,sg4_3,sg4_3,3,primary placement,yes,yes,
PLC-00863,sg4_4,4,Official Study Guide review,EXAM_STUDY_GUIDE_BANK,sg4_4,sg4_4,4,primary placement,yes,yes,
PLC-00864,sg4_5,4,Official Study Guide review,EXAM_STUDY_GUIDE_BANK,sg4_5,sg4_5,5,primary placement,yes,yes,
PLC-00865,sg4_6,4,Official Study Guide review,EXAM_STUDY_GUIDE_BANK,sg4_6,sg4_6,6,primary placement,yes,yes,
PLC-00866,sg4_7,4,Official Study Guide review,EXAM_STUDY_GUIDE_BANK,sg4_7,sg4_7,7,primary placement,yes,yes,
PLC-00867,sg4_8,4,Official Study Guide review,EXAM_STUDY_GUIDE_BANK,sg4_8,sg4_8,8,primary placement,yes,yes,
PLC-00868,sg4_9,4,Official Study Guide review,EXAM_STUDY_GUIDE_BANK,sg4_9,sg4_9,9,primary placement,yes,yes,
PLC-00869,sg5_1,5,Official Study Guide review,EXAM_STUDY_GUIDE_BANK,sg5_1,sg5_1,1,primary placement,yes,yes,
PLC-00870,sg5_2,5,Official Study Guide review,EXAM_STUDY_GUIDE_BANK,sg5_2,sg5_2,2,primary placement,yes,yes,
PLC-00871,sg5_3,5,Official Study Guide review,EXAM_STUDY_GUIDE_BANK,sg5_3,sg5_3,3,primary placement,yes,yes,
PLC-00872,sg5_4,5,Official Study Guide review,EXAM_STUDY_GUIDE_BANK,sg5_4,sg5_4,4,primary placement,yes,yes,
PLC-00873,sg5_5,5,Official Study Guide review,EXAM_STUDY_GUIDE_BANK,sg5_5,sg5_5,5,primary placement,yes,yes,
PLC-00874,sg5_6,5,Official Study Guide review,EXAM_STUDY_GUIDE_BANK,sg5_6,sg5_6,6,primary placement,yes,yes,
PLC-00875,sg5_7,5,Official Study Guide review,EXAM_STUDY_GUIDE_BANK,sg5_7,sg5_7,7,primary placement,yes,yes,
PLC-00876,sg5_8,5,Official Study Guide review,EXAM_STUDY_GUIDE_BANK,sg5_8,sg5_8,8,primary placement,yes,yes,
PLC-00877,sg5_9,5,Official Study Guide review,EXAM_STUDY_GUIDE_BANK,sg5_9,sg5_9,9,primary placement,yes,yes,
PLC-00878,sg6_1,6,Official Study Guide review,EXAM_STUDY_GUIDE_BANK,sg6_1,sg6_1,1,primary placement,yes,yes,
PLC-00879,sg6_2,6,Official Study Guide review,EXAM_STUDY_GUIDE_BANK,sg6_2,sg6_2,2,primary placement,yes,yes,
PLC-00880,sg6_3,6,Official Study Guide review,EXAM_STUDY_GUIDE_BANK,sg6_3,sg6_3,3,primary placement,yes,yes,
PLC-00881,sg6_4,6,Official Study Guide review,EXAM_STUDY_GUIDE_BANK,sg6_4,sg6_4,4,primary placement,yes,yes,
PLC-00882,sg6_5,6,Official Study Guide review,EXAM_STUDY_GUIDE_BANK,sg6_5,sg6_5,5,primary placement,yes,yes,
PLC-00883,sg6_6,6,Official Study Guide review,EXAM_STUDY_GUIDE_BANK,sg6_6,sg6_6,6,primary placement,yes,yes,
PLC-00884,sg6_7,6,Official Study Guide review,EXAM_STUDY_GUIDE_BANK,sg6_7,sg6_7,7,primary placement,yes,yes,
PLC-00885,sg6_8,6,Official Study Guide review,EXAM_STUDY_GUIDE_BANK,sg6_8,sg6_8,8,primary placement,yes,yes,
PLC-00886,sg6_9,6,Official Study Guide review,EXAM_STUDY_GUIDE_BANK,sg6_9,sg6_9,9,primary placement,yes,yes,
PLC-00887,sg6_10,6,Official Study Guide review,EXAM_STUDY_GUIDE_BANK,sg6_10,sg6_10,10,primary placement,yes,yes,
PLC-00888,appa_4a,6,Official Study Guide review,EXAM_STUDY_GUIDE_BANK,appa_4a,appa_4a,A.4a,primary placement,yes,yes,
PLC-00889,appa_4b,6,Official Study Guide review,EXAM_STUDY_GUIDE_BANK,appa_4b,appa_4b,A.4b,primary placement,yes,yes,
PLC-00890,appa_4c,6,Official Study Guide review,EXAM_STUDY_GUIDE_BANK,appa_4c,appa_4c,A.4c,primary placement,yes,yes,
PLC-00891,appa_4d,6,Official Study Guide review,EXAM_STUDY_GUIDE_BANK,appa_4d,appa_4d,A.4d,primary placement,yes,yes,
PLC-00892,appa_4e,6,Official Study Guide review,EXAM_STUDY_GUIDE_BANK,appa_4e,appa_4e,A.4e,primary placement,yes,yes,
PLC-00893,appa_4f,6,Official Study Guide review,EXAM_STUDY_GUIDE_BANK,appa_4f,appa_4f,A.4f,primary placement,yes,yes,
PLC-00894,appa_4g,6,Official Study Guide review,EXAM_STUDY_GUIDE_BANK,appa_4g,appa_4g,A.4g,primary placement,yes,yes,
PLC-00895,sg7_1,7,Official Study Guide review,EXAM_STUDY_GUIDE_BANK,sg7_1,sg7_1,1,primary placement,yes,yes,
PLC-00896,sg7_2,7,Official Study Guide review,EXAM_STUDY_GUIDE_BANK,sg7_2,sg7_2,2,primary placement,yes,yes,
PLC-00897,sg7_3,7,Official Study Guide review,EXAM_STUDY_GUIDE_BANK,sg7_3,sg7_3,3,primary placement,yes,yes,
PLC-00898,sg7_4,7,Official Study Guide review,EXAM_STUDY_GUIDE_BANK,sg7_4,sg7_4,4,primary placement,yes,yes,
PLC-00899,sg7_5,7,Official Study Guide review,EXAM_STUDY_GUIDE_BANK,sg7_5,sg7_5,5,primary placement,yes,yes,
PLC-00900,sg7_6,7,Official Study Guide review,EXAM_STUDY_GUIDE_BANK,sg7_6,sg7_6,6,primary placement,yes,yes,
PLC-00901,sg7_7,7,Official Study Guide review,EXAM_STUDY_GUIDE_BANK,sg7_7,sg7_7,7,primary placement,yes,yes,
PLC-00902,sg7_8,7,Official Study Guide review,EXAM_STUDY_GUIDE_BANK,sg7_8,sg7_8,8,primary placement,yes,yes,
PLC-00903,sg7_9,7,Official Study Guide review,EXAM_STUDY_GUIDE_BANK,sg7_9,sg7_9,9,primary placement,yes,yes,
PLC-00904,sg7_10,7,Official Study Guide review,EXAM_STUDY_GUIDE_BANK,sg7_10,sg7_10,10,primary placement,yes,yes,
PLC-00905,appb_4,7,Official Study Guide review,EXAM_STUDY_GUIDE_BANK,appb_4,appb_4,B.4,primary placement,yes,yes,
PLC-00906,sg8_1,8,Official Study Guide review,EXAM_STUDY_GUIDE_BANK,sg8_1,sg8_1,1,primary placement,yes,yes,
PLC-00907,sg8_2,8,Official Study Guide review,EXAM_STUDY_GUIDE_BANK,sg8_2,sg8_2,2,primary placement,yes,yes,
PLC-00908,sg8_3,8,Official Study Guide review,EXAM_STUDY_GUIDE_BANK,sg8_3,sg8_3,3,primary placement,yes,yes,
PLC-00909,sg8_4,8,Official Study Guide review,EXAM_STUDY_GUIDE_BANK,sg8_4,sg8_4,4,primary placement,yes,yes,
PLC-00910,sg8_5,8,Official Study Guide review,EXAM_STUDY_GUIDE_BANK,sg8_5,sg8_5,5,primary placement,yes,yes,
PLC-00911,sg8_6,8,Official Study Guide review,EXAM_STUDY_GUIDE_BANK,sg8_6,sg8_6,6,primary placement,yes,yes,
PLC-00912,sg8_7,8,Official Study Guide review,EXAM_STUDY_GUIDE_BANK,sg8_7,sg8_7,7,primary placement,yes,yes,
PLC-00913,sg8_8,8,Official Study Guide review,EXAM_STUDY_GUIDE_BANK,sg8_8,sg8_8,8,primary placement,yes,yes,
PLC-00914,sg8_9,8,Official Study Guide review,EXAM_STUDY_GUIDE_BANK,sg8_9,sg8_9,9,primary placement,yes,yes,
PLC-00915,sg8_10,8,Official Study Guide review,EXAM_STUDY_GUIDE_BANK,sg8_10,sg8_10,10,primary placement,yes,yes,
PLC-00916,sg9_1,9,Official Study Guide review,EXAM_STUDY_GUIDE_BANK,sg9_1,sg9_1,1,primary placement,yes,yes,
PLC-00917,sg9_2,9,Official Study Guide review,EXAM_STUDY_GUIDE_BANK,sg9_2,sg9_2,2,primary placement,yes,yes,
PLC-00918,sg9_3,9,Official Study Guide review,EXAM_STUDY_GUIDE_BANK,sg9_3,sg9_3,3,primary placement,yes,yes,
PLC-00919,sg9_4,9,Official Study Guide review,EXAM_STUDY_GUIDE_BANK,sg9_4,sg9_4,4,primary placement,yes,yes,
PLC-00920,sg9_5,9,Official Study Guide review,EXAM_STUDY_GUIDE_BANK,sg9_5,sg9_5,5,primary placement,yes,yes,
PLC-00921,sg9_6,9,Official Study Guide review,EXAM_STUDY_GUIDE_BANK,sg9_6,sg9_6,6,primary placement,yes,yes,
PLC-00922,sg9_7,9,Official Study Guide review,EXAM_STUDY_GUIDE_BANK,sg9_7,sg9_7,7,primary placement,yes,yes,
PLC-00923,sg9_8,9,Official Study Guide review,EXAM_STUDY_GUIDE_BANK,sg9_8,sg9_8,8,primary placement,yes,yes,
PLC-00924,sg9_9,9,Official Study Guide review,EXAM_STUDY_GUIDE_BANK,sg9_9,sg9_9,9,primary placement,yes,yes,
PLC-00925,sg9_10,9,Official Study Guide review,EXAM_STUDY_GUIDE_BANK,sg9_10,sg9_10,10,primary placement,yes,yes,
PLC-00926,appb_2,9,Official Study Guide review,EXAM_STUDY_GUIDE_BANK,appb_2,appb_2,B.2,primary placement,yes,yes,
PLC-00927,appb_10,9,Official Study Guide review,EXAM_STUDY_GUIDE_BANK,appb_10,appb_10,B.10,primary placement,yes,yes,
PLC-00928,appb_18,9,Official Study Guide review,EXAM_STUDY_GUIDE_BANK,appb_18,appb_18,B.18,primary placement,yes,yes,
PLC-00929,sg10_1,10,Official Study Guide review,EXAM_STUDY_GUIDE_BANK,sg10_1,sg10_1,1,primary placement,yes,yes,
PLC-00930,sg10_2,10,Official Study Guide review,EXAM_STUDY_GUIDE_BANK,sg10_2,sg10_2,2,primary placement,yes,yes,
PLC-00931,sg10_3,10,Official Study Guide review,EXAM_STUDY_GUIDE_BANK,sg10_3,sg10_3,3,primary placement,yes,yes,
PLC-00932,sg10_4,10,Official Study Guide review,EXAM_STUDY_GUIDE_BANK,sg10_4,sg10_4,4,primary placement,yes,yes,
PLC-00933,sg10_5,10,Official Study Guide review,EXAM_STUDY_GUIDE_BANK,sg10_5,sg10_5,5,primary placement,yes,yes,
PLC-00934,sg10_6,10,Official Study Guide review,EXAM_STUDY_GUIDE_BANK,sg10_6,sg10_6,6,primary placement,yes,yes,
PLC-00935,sg10_7,10,Official Study Guide review,EXAM_STUDY_GUIDE_BANK,sg10_7,sg10_7,7,primary placement,yes,yes,
PLC-00936,sg10_8,10,Official Study Guide review,EXAM_STUDY_GUIDE_BANK,sg10_8,sg10_8,8,primary placement,yes,yes,
PLC-00937,sg10_9,10,Official Study Guide review,EXAM_STUDY_GUIDE_BANK,sg10_9,sg10_9,9,primary placement,yes,yes,
PLC-00938,sg10_10,10,Official Study Guide review,EXAM_STUDY_GUIDE_BANK,sg10_10,sg10_10,10,primary placement,yes,yes,
PLC-00939,sg10_11,10,Official Study Guide review,EXAM_STUDY_GUIDE_BANK,sg10_11,sg10_11,11,primary placement,yes,yes,
PLC-00940,sg10_12,10,Official Study Guide review,EXAM_STUDY_GUIDE_BANK,sg10_12,sg10_12,12,primary placement,yes,yes,
PLC-00941,appa_2a,10,Official Study Guide review,EXAM_STUDY_GUIDE_BANK,appa_2a,appa_2a,A.2a,primary placement,yes,yes,
PLC-00942,appa_2b,10,Official Study Guide review,EXAM_STUDY_GUIDE_BANK,appa_2b,appa_2b,A.2b,primary placement,yes,yes,
PLC-00943,appa_2c,10,Official Study Guide review,EXAM_STUDY_GUIDE_BANK,appa_2c,appa_2c,A.2c,primary placement,yes,yes,
PLC-00944,appa_2d,10,Official Study Guide review,EXAM_STUDY_GUIDE_BANK,appa_2d,appa_2d,A.2d,primary placement,yes,yes,
PLC-00945,appa_2e,10,Official Study Guide review,EXAM_STUDY_GUIDE_BANK,appa_2e,appa_2e,A.2e,primary placement,yes,yes,
PLC-00946,appa_2f,10,Official Study Guide review,EXAM_STUDY_GUIDE_BANK,appa_2f,appa_2f,A.2f,primary placement,yes,yes,
PLC-00947,appa_2g,10,Official Study Guide review,EXAM_STUDY_GUIDE_BANK,appa_2g,appa_2g,A.2g,primary placement,yes,yes,
PLC-00948,sg11_1,11,Official Study Guide review,EXAM_STUDY_GUIDE_BANK,sg11_1,sg11_1,1,primary placement,yes,yes,
PLC-00949,sg11_2,11,Official Study Guide review,EXAM_STUDY_GUIDE_BANK,sg11_2,sg11_2,2,primary placement,yes,yes,
PLC-00950,sg11_3,11,Official Study Guide review,EXAM_STUDY_GUIDE_BANK,sg11_3,sg11_3,3,primary placement,yes,yes,
PLC-00951,sg11_4a,11,Official Study Guide review,EXAM_STUDY_GUIDE_BANK,sg11_4a,sg11_4a,4a,primary placement,yes,yes,
PLC-00952,sg11_4b,11,Official Study Guide review,EXAM_STUDY_GUIDE_BANK,sg11_4b,sg11_4b,4b,primary placement,yes,yes,
PLC-00953,sg11_4c,11,Official Study Guide review,EXAM_STUDY_GUIDE_BANK,sg11_4c,sg11_4c,4c,primary placement,yes,yes,
PLC-00954,sg11_5a,11,Official Study Guide review,EXAM_STUDY_GUIDE_BANK,sg11_5a,sg11_5a,5a,primary placement,yes,yes,
PLC-00955,sg11_5b,11,Official Study Guide review,EXAM_STUDY_GUIDE_BANK,sg11_5b,sg11_5b,5b,primary placement,yes,yes,
PLC-00956,sg11_5c,11,Official Study Guide review,EXAM_STUDY_GUIDE_BANK,sg11_5c,sg11_5c,5c,primary placement,yes,yes,
PLC-00957,sg11_5d,11,Official Study Guide review,EXAM_STUDY_GUIDE_BANK,sg11_5d,sg11_5d,5d,primary placement,yes,yes,
PLC-00958,sg11_6a,11,Official Study Guide review,EXAM_STUDY_GUIDE_BANK,sg11_6a,sg11_6a,6a,primary placement,yes,yes,
PLC-00959,sg11_6b,11,Official Study Guide review,EXAM_STUDY_GUIDE_BANK,sg11_6b,sg11_6b,6b,primary placement,yes,yes,
PLC-00960,sg11_6c,11,Official Study Guide review,EXAM_STUDY_GUIDE_BANK,sg11_6c,sg11_6c,6c,primary placement,yes,yes,
PLC-00961,sg11_6d,11,Official Study Guide review,EXAM_STUDY_GUIDE_BANK,sg11_6d,sg11_6d,6d,primary placement,yes,yes,
PLC-00962,sg11_7,11,Official Study Guide review,EXAM_STUDY_GUIDE_BANK,sg11_7,sg11_7,7,primary placement,yes,yes,
PLC-00963,sg11_8,11,Official Study Guide review,EXAM_STUDY_GUIDE_BANK,sg11_8,sg11_8,8,primary placement,yes,yes,
PLC-00964,sg11_9,11,Official Study Guide review,EXAM_STUDY_GUIDE_BANK,sg11_9,sg11_9,9,primary placement,yes,yes,
PLC-00965,sg11_10,11,Official Study Guide review,EXAM_STUDY_GUIDE_BANK,sg11_10,sg11_10,10,primary placement,yes,yes,
PLC-00966,sg12_1,12,Official Study Guide review,EXAM_STUDY_GUIDE_BANK,sg12_1,sg12_1,1,primary placement,yes,yes,
PLC-00967,sg12_2,12,Official Study Guide review,EXAM_STUDY_GUIDE_BANK,sg12_2,sg12_2,2,primary placement,yes,yes,
PLC-00968,sg12_3,12,Official Study Guide review,EXAM_STUDY_GUIDE_BANK,sg12_3,sg12_3,3,primary placement,yes,yes,
PLC-00969,sg12_4,12,Official Study Guide review,EXAM_STUDY_GUIDE_BANK,sg12_4,sg12_4,4,primary placement,yes,yes,
PLC-00970,sg12_5,12,Official Study Guide review,EXAM_STUDY_GUIDE_BANK,sg12_5,sg12_5,5,primary placement,yes,yes,
PLC-00971,sg12_6,12,Official Study Guide review,EXAM_STUDY_GUIDE_BANK,sg12_6,sg12_6,6,primary placement,yes,yes,
PLC-00972,sg12_7,12,Official Study Guide review,EXAM_STUDY_GUIDE_BANK,sg12_7,sg12_7,7,primary placement,yes,yes,
PLC-00973,sg12_8,12,Official Study Guide review,EXAM_STUDY_GUIDE_BANK,sg12_8,sg12_8,8,primary placement,yes,yes,
PLC-00974,sg12_9,12,Official Study Guide review,EXAM_STUDY_GUIDE_BANK,sg12_9,sg12_9,9,primary placement,yes,yes,
PLC-00975,sg12_10,12,Official Study Guide review,EXAM_STUDY_GUIDE_BANK,sg12_10,sg12_10,10,primary placement,yes,yes,
PLC-00976,appb_11,12,Official Study Guide review,EXAM_STUDY_GUIDE_BANK,appb_11,appb_11,B.11,primary placement,yes,yes,
PLC-00977,sg13_1,13,Official Study Guide review,EXAM_STUDY_GUIDE_BANK,sg13_1,sg13_1,1,primary placement,yes,yes,
PLC-00978,sg13_2,13,Official Study Guide review,EXAM_STUDY_GUIDE_BANK,sg13_2,sg13_2,2,primary placement,yes,yes,
PLC-00979,sg13_3,13,Official Study Guide review,EXAM_STUDY_GUIDE_BANK,sg13_3,sg13_3,3,primary placement,yes,yes,
PLC-00980,sg13_4,13,Official Study Guide review,EXAM_STUDY_GUIDE_BANK,sg13_4,sg13_4,4,primary placement,yes,yes,
PLC-00981,sg13_5,13,Official Study Guide review,EXAM_STUDY_GUIDE_BANK,sg13_5,sg13_5,5,primary placement,yes,yes,
PLC-00982,sg13_6,13,Official Study Guide review,EXAM_STUDY_GUIDE_BANK,sg13_6,sg13_6,6,primary placement,yes,yes,
PLC-00983,sg13_7,13,Official Study Guide review,EXAM_STUDY_GUIDE_BANK,sg13_7,sg13_7,7,primary placement,yes,yes,
PLC-00984,sg13_8,13,Official Study Guide review,EXAM_STUDY_GUIDE_BANK,sg13_8,sg13_8,8,primary placement,yes,yes,
PLC-00985,sg13_9,13,Official Study Guide review,EXAM_STUDY_GUIDE_BANK,sg13_9,sg13_9,9,primary placement,yes,yes,
PLC-00986,sg13_10,13,Official Study Guide review,EXAM_STUDY_GUIDE_BANK,sg13_10,sg13_10,10,primary placement,yes,yes,
PLC-00987,appb_12,13,Official Study Guide review,EXAM_STUDY_GUIDE_BANK,appb_12,appb_12,B.12,primary placement,yes,yes,
PLC-00988,appb_19,13,Official Study Guide review,EXAM_STUDY_GUIDE_BANK,appb_19,appb_19,B.19,primary placement,yes,yes,
PLC-00989,sg14_1,14,Official Study Guide review,EXAM_STUDY_GUIDE_BANK,sg14_1,sg14_1,1,primary placement,yes,yes,
PLC-00990,sg14_2,14,Official Study Guide review,EXAM_STUDY_GUIDE_BANK,sg14_2,sg14_2,2,primary placement,yes,yes,
PLC-00991,sg14_3,14,Official Study Guide review,EXAM_STUDY_GUIDE_BANK,sg14_3,sg14_3,3,primary placement,yes,yes,
PLC-00992,sg14_4,14,Official Study Guide review,EXAM_STUDY_GUIDE_BANK,sg14_4,sg14_4,4,primary placement,yes,yes,
PLC-00993,sg14_5,14,Official Study Guide review,EXAM_STUDY_GUIDE_BANK,sg14_5,sg14_5,5,primary placement,yes,yes,
PLC-00994,sg14_6,14,Official Study Guide review,EXAM_STUDY_GUIDE_BANK,sg14_6,sg14_6,6,primary placement,yes,yes,
PLC-00995,sg14_7,14,Official Study Guide review,EXAM_STUDY_GUIDE_BANK,sg14_7,sg14_7,7,primary placement,yes,yes,
PLC-00996,sg14_8,14,Official Study Guide review,EXAM_STUDY_GUIDE_BANK,sg14_8,sg14_8,8,primary placement,yes,yes,
PLC-00997,appa_1a,14,Official Study Guide review,EXAM_STUDY_GUIDE_BANK,appa_1a,appa_1a,A.1a,official multi-chapter item (S&K6 Ch.14 & Ch.15 answer source per Study Guide solution),yes,yes,
PLC-00998,appa_1b,14,Official Study Guide review,EXAM_STUDY_GUIDE_BANK,appa_1b,appa_1b,A.1b,official multi-chapter item (S&K6 Ch.14 & Ch.15 answer source per Study Guide solution),yes,yes,
PLC-00999,appa_1c,14,Official Study Guide review,EXAM_STUDY_GUIDE_BANK,appa_1c,appa_1c,A.1c,official multi-chapter item (S&K6 Ch.14 & Ch.15 answer source per Study Guide solution),yes,yes,
PLC-01000,appa_1d,14,Official Study Guide review,EXAM_STUDY_GUIDE_BANK,appa_1d,appa_1d,A.1d,official multi-chapter item (S&K6 Ch.14 & Ch.15 answer source per Study Guide solution),yes,yes,
PLC-01001,appa_1e,14,Official Study Guide review,EXAM_STUDY_GUIDE_BANK,appa_1e,appa_1e,A.1e,official multi-chapter item (S&K6 Ch.14 & Ch.15 answer source per Study Guide solution),yes,yes,
PLC-01002,appa_1f,14,Official Study Guide review,EXAM_STUDY_GUIDE_BANK,appa_1f,appa_1f,A.1f,official multi-chapter item (S&K6 Ch.14 & Ch.15 answer source per Study Guide solution),yes,yes,
PLC-01003,appa_1g,14,Official Study Guide review,EXAM_STUDY_GUIDE_BANK,appa_1g,appa_1g,A.1g,official multi-chapter item (S&K6 Ch.14 & Ch.15 answer source per Study Guide solution),yes,yes,
PLC-01004,appb_6,14,Official Study Guide review,EXAM_STUDY_GUIDE_BANK,appb_6,appb_6,B.6,primary placement,yes,yes,
PLC-01005,appb_7,14,Official Study Guide review,EXAM_STUDY_GUIDE_BANK,appb_7,appb_7,B.7,primary placement,yes,yes,
PLC-01006,sg15_1,15,Official Study Guide review,EXAM_STUDY_GUIDE_BANK,sg15_1,sg15_1,1,primary placement,yes,yes,
PLC-01007,sg15_2,15,Official Study Guide review,EXAM_STUDY_GUIDE_BANK,sg15_2,sg15_2,2,primary placement,yes,yes,
PLC-01008,sg15_3a,15,Official Study Guide review,EXAM_STUDY_GUIDE_BANK,sg15_3a,sg15_3a,3a,primary placement,yes,yes,
PLC-01009,sg15_3b,15,Official Study Guide review,EXAM_STUDY_GUIDE_BANK,sg15_3b,sg15_3b,3b,primary placement,yes,yes,
PLC-01010,sg15_3c,15,Official Study Guide review,EXAM_STUDY_GUIDE_BANK,sg15_3c,sg15_3c,3c,primary placement,yes,yes,
PLC-01011,sg15_4,15,Official Study Guide review,EXAM_STUDY_GUIDE_BANK,sg15_4,sg15_4,4,primary placement,yes,yes,
PLC-01012,sg15_5,15,Official Study Guide review,EXAM_STUDY_GUIDE_BANK,sg15_5,sg15_5,5,primary placement,yes,yes,
PLC-01013,sg15_6,15,Official Study Guide review,EXAM_STUDY_GUIDE_BANK,sg15_6,sg15_6,6,primary placement,yes,yes,
PLC-01014,sg15_7,15,Official Study Guide review,EXAM_STUDY_GUIDE_BANK,sg15_7,sg15_7,7,primary placement,yes,yes,
PLC-01015,appa_1a,15,Official Study Guide review,EXAM_STUDY_GUIDE_BANK,appa_1a,appa_1a,A.1a,official multi-chapter item (S&K6 Ch.14 & Ch.15 answer source per Study Guide solution),yes,yes,
PLC-01016,appa_1b,15,Official Study Guide review,EXAM_STUDY_GUIDE_BANK,appa_1b,appa_1b,A.1b,official multi-chapter item (S&K6 Ch.14 & Ch.15 answer source per Study Guide solution),yes,yes,
PLC-01017,appa_1c,15,Official Study Guide review,EXAM_STUDY_GUIDE_BANK,appa_1c,appa_1c,A.1c,official multi-chapter item (S&K6 Ch.14 & Ch.15 answer source per Study Guide solution),yes,yes,
PLC-01018,appa_1d,15,Official Study Guide review,EXAM_STUDY_GUIDE_BANK,appa_1d,appa_1d,A.1d,official multi-chapter item (S&K6 Ch.14 & Ch.15 answer source per Study Guide solution),yes,yes,
PLC-01019,appa_1e,15,Official Study Guide review,EXAM_STUDY_GUIDE_BANK,appa_1e,appa_1e,A.1e,official multi-chapter item (S&K6 Ch.14 & Ch.15 answer source per Study Guide solution),yes,yes,
PLC-01020,appa_1f,15,Official Study Guide review,EXAM_STUDY_GUIDE_BANK,appa_1f,appa_1f,A.1f,official multi-chapter item (S&K6 Ch.14 & Ch.15 answer source per Study Guide solution),yes,yes,
PLC-01021,appa_1g,15,Official Study Guide review,EXAM_STUDY_GUIDE_BANK,appa_1g,appa_1g,A.1g,official multi-chapter item (S&K6 Ch.14 & Ch.15 answer source per Study Guide solution),yes,yes,
PLC-01022,sg16_1,16,Official Study Guide review,EXAM_STUDY_GUIDE_BANK,sg16_1,sg16_1,1,primary placement,yes,yes,
PLC-01023,sg16_2,16,Official Study Guide review,EXAM_STUDY_GUIDE_BANK,sg16_2,sg16_2,2,primary placement,yes,yes,
PLC-01024,sg16_3,16,Official Study Guide review,EXAM_STUDY_GUIDE_BANK,sg16_3,sg16_3,3,primary placement,yes,yes,
PLC-01025,sg16_4,16,Official Study Guide review,EXAM_STUDY_GUIDE_BANK,sg16_4,sg16_4,4,primary placement,yes,yes,
PLC-01026,sg16_5,16,Official Study Guide review,EXAM_STUDY_GUIDE_BANK,sg16_5,sg16_5,5,primary placement,yes,yes,
PLC-01027,sg16_6,16,Official Study Guide review,EXAM_STUDY_GUIDE_BANK,sg16_6,sg16_6,6,primary placement,yes,yes,
PLC-01028,sg16_7,16,Official Study Guide review,EXAM_STUDY_GUIDE_BANK,sg16_7,sg16_7,7,primary placement,yes,yes,
PLC-01029,sg16_8,16,Official Study Guide review,EXAM_STUDY_GUIDE_BANK,sg16_8,sg16_8,8,primary placement,yes,yes,
PLC-01030,sg16_9,16,Official Study Guide review,EXAM_STUDY_GUIDE_BANK,sg16_9,sg16_9,9,primary placement,yes,yes,
PLC-01031,sg17_1,17,Official Study Guide review,EXAM_STUDY_GUIDE_BANK,sg17_1,sg17_1,1,primary placement,yes,yes,
PLC-01032,sg17_2,17,Official Study Guide review,EXAM_STUDY_GUIDE_BANK,sg17_2,sg17_2,2,primary placement,yes,yes,
PLC-01033,sg17_3,17,Official Study Guide review,EXAM_STUDY_GUIDE_BANK,sg17_3,sg17_3,3,primary placement,yes,yes,
PLC-01034,sg17_4,17,Official Study Guide review,EXAM_STUDY_GUIDE_BANK,sg17_4,sg17_4,4,primary placement,yes,yes,
PLC-01035,sg17_5,17,Official Study Guide review,EXAM_STUDY_GUIDE_BANK,sg17_5,sg17_5,5,primary placement,yes,yes,
PLC-01036,sg17_6,17,Official Study Guide review,EXAM_STUDY_GUIDE_BANK,sg17_6,sg17_6,6,primary placement,yes,yes,
PLC-01037,sg17_7,17,Official Study Guide review,EXAM_STUDY_GUIDE_BANK,sg17_7,sg17_7,7,primary placement,yes,yes,
PLC-01038,sg17_8,17,Official Study Guide review,EXAM_STUDY_GUIDE_BANK,sg17_8,sg17_8,8,primary placement,yes,yes,
PLC-01039,sg17_9,17,Official Study Guide review,EXAM_STUDY_GUIDE_BANK,sg17_9,sg17_9,9,primary placement,yes,yes,
PLC-01040,sg17_10,17,Official Study Guide review,EXAM_STUDY_GUIDE_BANK,sg17_10,sg17_10,10,primary placement,yes,yes,
PLC-01041,appb_13,17,Official Study Guide review,EXAM_STUDY_GUIDE_BANK,appb_13,appb_13,B.13,primary placement,yes,yes,
PLC-01042,sg18_1,18,Official Study Guide review,EXAM_STUDY_GUIDE_BANK,sg18_1,sg18_1,1,primary placement,yes,yes,
PLC-01043,sg18_2,18,Official Study Guide review,EXAM_STUDY_GUIDE_BANK,sg18_2,sg18_2,2,primary placement,yes,yes,
PLC-01044,sg18_3,18,Official Study Guide review,EXAM_STUDY_GUIDE_BANK,sg18_3,sg18_3,3,primary placement,yes,yes,
PLC-01045,sg18_4,18,Official Study Guide review,EXAM_STUDY_GUIDE_BANK,sg18_4,sg18_4,4,primary placement,yes,yes,
PLC-01046,sg18_5,18,Official Study Guide review,EXAM_STUDY_GUIDE_BANK,sg18_5,sg18_5,5,primary placement,yes,yes,
PLC-01047,sg18_6,18,Official Study Guide review,EXAM_STUDY_GUIDE_BANK,sg18_6,sg18_6,6,primary placement,yes,yes,
PLC-01048,sg18_7,18,Official Study Guide review,EXAM_STUDY_GUIDE_BANK,sg18_7,sg18_7,7,primary placement,yes,yes,
PLC-01049,sg18_8,18,Official Study Guide review,EXAM_STUDY_GUIDE_BANK,sg18_8,sg18_8,8,primary placement,yes,yes,
PLC-01050,sg18_9,18,Official Study Guide review,EXAM_STUDY_GUIDE_BANK,sg18_9,sg18_9,9,primary placement,yes,yes,
PLC-01051,sg18_10,18,Official Study Guide review,EXAM_STUDY_GUIDE_BANK,sg18_10,sg18_10,10,primary placement,yes,yes,
PLC-01052,sg19_1,19,Official Study Guide review,EXAM_STUDY_GUIDE_BANK,sg19_1,sg19_1,1,primary placement,yes,yes,
PLC-01053,sg19_2,19,Official Study Guide review,EXAM_STUDY_GUIDE_BANK,sg19_2,sg19_2,2,primary placement,yes,yes,
PLC-01054,sg19_3,19,Official Study Guide review,EXAM_STUDY_GUIDE_BANK,sg19_3,sg19_3,3,primary placement,yes,yes,
PLC-01055,sg19_4,19,Official Study Guide review,EXAM_STUDY_GUIDE_BANK,sg19_4,sg19_4,4,primary placement,yes,yes,
PLC-01056,sg19_5,19,Official Study Guide review,EXAM_STUDY_GUIDE_BANK,sg19_5,sg19_5,5,primary placement,yes,yes,
PLC-01057,sg19_6,19,Official Study Guide review,EXAM_STUDY_GUIDE_BANK,sg19_6,sg19_6,6,primary placement,yes,yes,
PLC-01058,sg19_7,19,Official Study Guide review,EXAM_STUDY_GUIDE_BANK,sg19_7,sg19_7,7,primary placement,yes,yes,
PLC-01059,sg19_8,19,Official Study Guide review,EXAM_STUDY_GUIDE_BANK,sg19_8,sg19_8,8,primary placement,yes,yes,
PLC-01060,sg19_9,19,Official Study Guide review,EXAM_STUDY_GUIDE_BANK,sg19_9,sg19_9,9,primary placement,yes,yes,
PLC-01061,sg19_10,19,Official Study Guide review,EXAM_STUDY_GUIDE_BANK,sg19_10,sg19_10,10,primary placement,yes,yes,
PLC-01062,sg19_11,19,Official Study Guide review,EXAM_STUDY_GUIDE_BANK,sg19_11,sg19_11,11,primary placement,yes,yes,
PLC-01063,sg19_12,19,Official Study Guide review,EXAM_STUDY_GUIDE_BANK,sg19_12,sg19_12,12,primary placement,yes,yes,
PLC-01064,sg19_13,19,Official Study Guide review,EXAM_STUDY_GUIDE_BANK,sg19_13,sg19_13,13,primary placement,yes,yes,
PLC-01065,sg19_14,19,Official Study Guide review,EXAM_STUDY_GUIDE_BANK,sg19_14,sg19_14,14,primary placement,yes,yes,
PLC-01066,sg19_15,19,Official Study Guide review,EXAM_STUDY_GUIDE_BANK,sg19_15,sg19_15,15,primary placement,yes,yes,
PLC-01067,sg19_16,19,Official Study Guide review,EXAM_STUDY_GUIDE_BANK,sg19_16,sg19_16,16,primary placement,yes,yes,
PLC-01068,sg19_17,19,Official Study Guide review,EXAM_STUDY_GUIDE_BANK,sg19_17,sg19_17,17,primary placement,yes,yes,
PLC-01069,sg19_18,19,Official Study Guide review,EXAM_STUDY_GUIDE_BANK,sg19_18,sg19_18,18,primary placement,yes,yes,
PLC-01070,sg20_1,20,Official Study Guide review,EXAM_STUDY_GUIDE_BANK,sg20_1,sg20_1,1,primary placement,yes,yes,
PLC-01071,sg20_2,20,Official Study Guide review,EXAM_STUDY_GUIDE_BANK,sg20_2,sg20_2,2,primary placement,yes,yes,
PLC-01072,sg20_3,20,Official Study Guide review,EXAM_STUDY_GUIDE_BANK,sg20_3,sg20_3,3,primary placement,yes,yes,
PLC-01073,sg20_4,20,Official Study Guide review,EXAM_STUDY_GUIDE_BANK,sg20_4,sg20_4,4,primary placement,yes,yes,
PLC-01074,sg20_5,20,Official Study Guide review,EXAM_STUDY_GUIDE_BANK,sg20_5,sg20_5,5,primary placement,yes,yes,
PLC-01075,sg20_6,20,Official Study Guide review,EXAM_STUDY_GUIDE_BANK,sg20_6,sg20_6,6,primary placement,yes,yes,
PLC-01076,sg20_7,20,Official Study Guide review,EXAM_STUDY_GUIDE_BANK,sg20_7,sg20_7,7,primary placement,yes,yes,
PLC-01077,sg20_8,20,Official Study Guide review,EXAM_STUDY_GUIDE_BANK,sg20_8,sg20_8,8,primary placement,yes,yes,
PLC-01078,sg20_9,20,Official Study Guide review,EXAM_STUDY_GUIDE_BANK,sg20_9,sg20_9,9,primary placement,yes,yes,
PLC-01079,sg20_10,20,Official Study Guide review,EXAM_STUDY_GUIDE_BANK,sg20_10,sg20_10,10,primary placement,yes,yes,
PLC-01080,sg20_11,20,Official Study Guide review,EXAM_STUDY_GUIDE_BANK,sg20_11,sg20_11,11,primary placement,yes,yes,
PLC-01081,sg20_12,20,Official Study Guide review,EXAM_STUDY_GUIDE_BANK,sg20_12,sg20_12,12,primary placement,yes,yes,
PLC-01082,sg20_13,20,Official Study Guide review,EXAM_STUDY_GUIDE_BANK,sg20_13,sg20_13,13,primary placement,yes,yes,
PLC-01083,sg20_14,20,Official Study Guide review,EXAM_STUDY_GUIDE_BANK,sg20_14,sg20_14,14,primary placement,yes,yes,
PLC-01084,appa_5a,20,Official Study Guide review,EXAM_STUDY_GUIDE_BANK,appa_5a,appa_5a,A.5a,primary placement,yes,yes,
PLC-01085,appa_5b,20,Official Study Guide review,EXAM_STUDY_GUIDE_BANK,appa_5b,appa_5b,A.5b,primary placement,yes,yes,
PLC-01086,appa_5c,20,Official Study Guide review,EXAM_STUDY_GUIDE_BANK,appa_5c,appa_5c,A.5c,primary placement,yes,yes,
PLC-01087,appa_5d,20,Official Study Guide review,EXAM_STUDY_GUIDE_BANK,appa_5d,appa_5d,A.5d,primary placement,yes,yes,
PLC-01088,appa_5e,20,Official Study Guide review,EXAM_STUDY_GUIDE_BANK,appa_5e,appa_5e,A.5e,primary placement,yes,yes,
PLC-01089,appa_5f,20,Official Study Guide review,EXAM_STUDY_GUIDE_BANK,appa_5f,appa_5f,A.5f,primary placement,yes,yes,
PLC-01090,appa_5g,20,Official Study Guide review,EXAM_STUDY_GUIDE_BANK,appa_5g,appa_5g,A.5g,primary placement,yes,yes,
PLC-01091,sg21_1,21,Official Study Guide review,EXAM_STUDY_GUIDE_BANK,sg21_1,sg21_1,1,primary placement,yes,yes,
PLC-01092,sg21_2,21,Official Study Guide review,EXAM_STUDY_GUIDE_BANK,sg21_2,sg21_2,2,primary placement,yes,yes,
PLC-01093,sg21_3,21,Official Study Guide review,EXAM_STUDY_GUIDE_BANK,sg21_3,sg21_3,3,primary placement,yes,yes,
PLC-01094,sg21_4,21,Official Study Guide review,EXAM_STUDY_GUIDE_BANK,sg21_4,sg21_4,4,primary placement,yes,yes,
PLC-01095,sg21_5,21,Official Study Guide review,EXAM_STUDY_GUIDE_BANK,sg21_5,sg21_5,5,primary placement,yes,yes,
PLC-01096,sg21_6,21,Official Study Guide review,EXAM_STUDY_GUIDE_BANK,sg21_6,sg21_6,6,primary placement,yes,yes,
PLC-01097,sg21_7,21,Official Study Guide review,EXAM_STUDY_GUIDE_BANK,sg21_7,sg21_7,7,primary placement,yes,yes,
PLC-01098,sg21_8,21,Official Study Guide review,EXAM_STUDY_GUIDE_BANK,sg21_8,sg21_8,8,primary placement,yes,yes,
PLC-01099,sg21_9,21,Official Study Guide review,EXAM_STUDY_GUIDE_BANK,sg21_9,sg21_9,9,primary placement,yes,yes,
PLC-01100,sg21_10,21,Official Study Guide review,EXAM_STUDY_GUIDE_BANK,sg21_10,sg21_10,10,primary placement,yes,yes,
PLC-01101,sg22_1,22,Official Study Guide review,EXAM_STUDY_GUIDE_BANK,sg22_1,sg22_1,1,primary placement,yes,yes,
PLC-01102,sg22_2,22,Official Study Guide review,EXAM_STUDY_GUIDE_BANK,sg22_2,sg22_2,2,primary placement,yes,yes,
PLC-01103,sg22_3,22,Official Study Guide review,EXAM_STUDY_GUIDE_BANK,sg22_3,sg22_3,3,primary placement,yes,yes,
PLC-01104,sg22_4,22,Official Study Guide review,EXAM_STUDY_GUIDE_BANK,sg22_4,sg22_4,4,primary placement,yes,yes,
PLC-01105,sg22_5,22,Official Study Guide review,EXAM_STUDY_GUIDE_BANK,sg22_5,sg22_5,5,primary placement,yes,yes,
PLC-01106,sg22_6,22,Official Study Guide review,EXAM_STUDY_GUIDE_BANK,sg22_6,sg22_6,6,primary placement,yes,yes,
PLC-01107,sg22_7,22,Official Study Guide review,EXAM_STUDY_GUIDE_BANK,sg22_7,sg22_7,7,primary placement,yes,yes,
PLC-01108,sg22_8,22,Official Study Guide review,EXAM_STUDY_GUIDE_BANK,sg22_8,sg22_8,8,primary placement,yes,yes,
PLC-01109,sg22_9,22,Official Study Guide review,EXAM_STUDY_GUIDE_BANK,sg22_9,sg22_9,9,primary placement,yes,yes,
PLC-01110,sg22_10,22,Official Study Guide review,EXAM_STUDY_GUIDE_BANK,sg22_10,sg22_10,10,primary placement,yes,yes,
PLC-01111,sg23_1,23,Official Study Guide review,EXAM_STUDY_GUIDE_BANK,sg23_1,sg23_1,1,primary placement,yes,yes,
PLC-01112,sg23_2,23,Official Study Guide review,EXAM_STUDY_GUIDE_BANK,sg23_2,sg23_2,2,primary placement,yes,yes,
PLC-01113,sg23_3,23,Official Study Guide review,EXAM_STUDY_GUIDE_BANK,sg23_3,sg23_3,3,primary placement,yes,yes,
PLC-01114,sg23_4,23,Official Study Guide review,EXAM_STUDY_GUIDE_BANK,sg23_4,sg23_4,4,primary placement,yes,yes,
PLC-01115,sg23_5,23,Official Study Guide review,EXAM_STUDY_GUIDE_BANK,sg23_5,sg23_5,5,primary placement,yes,yes,
PLC-01116,sg23_6,23,Official Study Guide review,EXAM_STUDY_GUIDE_BANK,sg23_6,sg23_6,6,primary placement,yes,yes,
PLC-01117,sg23_7,23,Official Study Guide review,EXAM_STUDY_GUIDE_BANK,sg23_7,sg23_7,7,primary placement,yes,yes,
PLC-01118,sg23_8,23,Official Study Guide review,EXAM_STUDY_GUIDE_BANK,sg23_8,sg23_8,8,primary placement,yes,yes,
PLC-01119,sg23_9,23,Official Study Guide review,EXAM_STUDY_GUIDE_BANK,sg23_9,sg23_9,9,primary placement,yes,yes,
PLC-01120,sg23_10,23,Official Study Guide review,EXAM_STUDY_GUIDE_BANK,sg23_10,sg23_10,10,primary placement,yes,yes,
PLC-01121,appb_15,23,Official Study Guide review,EXAM_STUDY_GUIDE_BANK,appb_15,appb_15,B.15,primary placement,yes,yes,
PLC-01122,appb_17,23,Official Study Guide review,EXAM_STUDY_GUIDE_BANK,appb_17,appb_17,B.17,primary placement,yes,yes,
PLC-01123,sg24_1,24,Official Study Guide review,EXAM_STUDY_GUIDE_BANK,sg24_1,sg24_1,1,primary placement,yes,yes,
PLC-01124,sg24_2,24,Official Study Guide review,EXAM_STUDY_GUIDE_BANK,sg24_2,sg24_2,2,primary placement,yes,yes,
PLC-01125,sg24_3,24,Official Study Guide review,EXAM_STUDY_GUIDE_BANK,sg24_3,sg24_3,3,primary placement,yes,yes,
PLC-01126,sg24_4,24,Official Study Guide review,EXAM_STUDY_GUIDE_BANK,sg24_4,sg24_4,4,primary placement,yes,yes,
PLC-01127,sg24_5,24,Official Study Guide review,EXAM_STUDY_GUIDE_BANK,sg24_5,sg24_5,5,primary placement,yes,yes,
PLC-01128,sg24_6,24,Official Study Guide review,EXAM_STUDY_GUIDE_BANK,sg24_6,sg24_6,6,primary placement,yes,yes,
PLC-01129,sg24_7,24,Official Study Guide review,EXAM_STUDY_GUIDE_BANK,sg24_7,sg24_7,7,primary placement,yes,yes,
PLC-01130,sg24_8,24,Official Study Guide review,EXAM_STUDY_GUIDE_BANK,sg24_8,sg24_8,8,primary placement,yes,yes,
PLC-01131,sg24_9,24,Official Study Guide review,EXAM_STUDY_GUIDE_BANK,sg24_9,sg24_9,9,primary placement,yes,yes,
PLC-01132,sg24_10,24,Official Study Guide review,EXAM_STUDY_GUIDE_BANK,sg24_10,sg24_10,10,primary placement,yes,yes,
PLC-01133,sg25_1,25,Official Study Guide review,EXAM_STUDY_GUIDE_BANK,sg25_1,sg25_1,1,primary placement,yes,yes,
PLC-01134,sg25_2,25,Official Study Guide review,EXAM_STUDY_GUIDE_BANK,sg25_2,sg25_2,2,primary placement,yes,yes,
PLC-01135,sg25_3,25,Official Study Guide review,EXAM_STUDY_GUIDE_BANK,sg25_3,sg25_3,3,primary placement,yes,yes,
PLC-01136,sg25_4,25,Official Study Guide review,EXAM_STUDY_GUIDE_BANK,sg25_4,sg25_4,4,primary placement,yes,yes,
PLC-01137,sg25_5,25,Official Study Guide review,EXAM_STUDY_GUIDE_BANK,sg25_5,sg25_5,5,primary placement,yes,yes,
PLC-01138,sg25_6,25,Official Study Guide review,EXAM_STUDY_GUIDE_BANK,sg25_6,sg25_6,6,primary placement,yes,yes,
PLC-01139,sg25_7,25,Official Study Guide review,EXAM_STUDY_GUIDE_BANK,sg25_7,sg25_7,7,primary placement,yes,yes,
PLC-01140,appb_3,25,Official Study Guide review,EXAM_STUDY_GUIDE_BANK,appb_3,appb_3,B.3,primary placement,yes,yes,
PLC-01141,sg26_1,26,Official Study Guide review,EXAM_STUDY_GUIDE_BANK,sg26_1,sg26_1,1,primary placement,yes,yes,
PLC-01142,sg26_2,26,Official Study Guide review,EXAM_STUDY_GUIDE_BANK,sg26_2,sg26_2,2,primary placement,yes,yes,
PLC-01143,sg26_3,26,Official Study Guide review,EXAM_STUDY_GUIDE_BANK,sg26_3,sg26_3,3,primary placement,yes,yes,
PLC-01144,sg26_4,26,Official Study Guide review,EXAM_STUDY_GUIDE_BANK,sg26_4,sg26_4,4,primary placement,yes,yes,
PLC-01145,sg26_5,26,Official Study Guide review,EXAM_STUDY_GUIDE_BANK,sg26_5,sg26_5,5,primary placement,yes,yes,
PLC-01146,sg26_6,26,Official Study Guide review,EXAM_STUDY_GUIDE_BANK,sg26_6,sg26_6,6,primary placement,yes,yes,
PLC-01147,sg26_7,26,Official Study Guide review,EXAM_STUDY_GUIDE_BANK,sg26_7,sg26_7,7,primary placement,yes,yes,
PLC-01148,sg26_8,26,Official Study Guide review,EXAM_STUDY_GUIDE_BANK,sg26_8,sg26_8,8,primary placement,yes,yes,
PLC-01149,sg26_9,26,Official Study Guide review,EXAM_STUDY_GUIDE_BANK,sg26_9,sg26_9,9,primary placement,yes,yes,
PLC-01150,sg26_10,26,Official Study Guide review,EXAM_STUDY_GUIDE_BANK,sg26_10,sg26_10,10,primary placement,yes,yes,
PLC-01151,sg27_1,27,Official Study Guide review,EXAM_STUDY_GUIDE_BANK,sg27_1,sg27_1,1,primary placement,yes,yes,
PLC-01152,sg27_2,27,Official Study Guide review,EXAM_STUDY_GUIDE_BANK,sg27_2,sg27_2,2,primary placement,yes,yes,
PLC-01153,sg27_3,27,Official Study Guide review,EXAM_STUDY_GUIDE_BANK,sg27_3,sg27_3,3,primary placement,yes,yes,
PLC-01154,sg27_4,27,Official Study Guide review,EXAM_STUDY_GUIDE_BANK,sg27_4,sg27_4,4,primary placement,yes,yes,
PLC-01155,sg27_5,27,Official Study Guide review,EXAM_STUDY_GUIDE_BANK,sg27_5,sg27_5,5,primary placement,yes,yes,
PLC-01156,sg27_6,27,Official Study Guide review,EXAM_STUDY_GUIDE_BANK,sg27_6,sg27_6,6,primary placement,yes,yes,
PLC-01157,sg27_7,27,Official Study Guide review,EXAM_STUDY_GUIDE_BANK,sg27_7,sg27_7,7,primary placement,yes,yes,
PLC-01158,sg27_8,27,Official Study Guide review,EXAM_STUDY_GUIDE_BANK,sg27_8,sg27_8,8,primary placement,yes,yes,
PLC-01159,sg27_9,27,Official Study Guide review,EXAM_STUDY_GUIDE_BANK,sg27_9,sg27_9,9,primary placement,yes,yes,
PLC-01160,sg27_10,27,Official Study Guide review,EXAM_STUDY_GUIDE_BANK,sg27_10,sg27_10,10,primary placement,yes,yes,
PLC-01161,appa_3a,27,Official Study Guide review,EXAM_STUDY_GUIDE_BANK,appa_3a,appa_3a,A.3a,primary placement,yes,yes,
PLC-01162,appa_3b,27,Official Study Guide review,EXAM_STUDY_GUIDE_BANK,appa_3b,appa_3b,A.3b,primary placement,yes,yes,
PLC-01163,appa_3c,27,Official Study Guide review,EXAM_STUDY_GUIDE_BANK,appa_3c,appa_3c,A.3c,primary placement,yes,yes,
PLC-01164,appa_3d,27,Official Study Guide review,EXAM_STUDY_GUIDE_BANK,appa_3d,appa_3d,A.3d,primary placement,yes,yes,
PLC-01165,appa_3e,27,Official Study Guide review,EXAM_STUDY_GUIDE_BANK,appa_3e,appa_3e,A.3e,primary placement,yes,yes,
PLC-01166,appa_3f,27,Official Study Guide review,EXAM_STUDY_GUIDE_BANK,appa_3f,appa_3f,A.3f,primary placement,yes,yes,
PLC-01167,appa_3g,27,Official Study Guide review,EXAM_STUDY_GUIDE_BANK,appa_3g,appa_3g,A.3g,primary placement,yes,yes,
PLC-01168,appb_5,27,Official Study Guide review,EXAM_STUDY_GUIDE_BANK,appb_5,appb_5,B.5,primary placement,yes,yes,
PLC-01169,appb_16,27,Official Study Guide review,EXAM_STUDY_GUIDE_BANK,appb_16,appb_16,B.16,primary placement,yes,yes,
PLC-01170,sg28_1,28,Official Study Guide review,EXAM_STUDY_GUIDE_BANK,sg28_1,sg28_1,1,primary placement,yes,yes,
PLC-01171,sg28_2,28,Official Study Guide review,EXAM_STUDY_GUIDE_BANK,sg28_2,sg28_2,2,primary placement,yes,yes,
PLC-01172,sg28_3,28,Official Study Guide review,EXAM_STUDY_GUIDE_BANK,sg28_3,sg28_3,3,primary placement,yes,yes,
PLC-01173,sg28_4,28,Official Study Guide review,EXAM_STUDY_GUIDE_BANK,sg28_4,sg28_4,4,primary placement,yes,yes,
PLC-01174,sg28_5,28,Official Study Guide review,EXAM_STUDY_GUIDE_BANK,sg28_5,sg28_5,5,primary placement,yes,yes,
PLC-01175,sg28_6,28,Official Study Guide review,EXAM_STUDY_GUIDE_BANK,sg28_6,sg28_6,6,primary placement,yes,yes,
PLC-01176,sg28_7,28,Official Study Guide review,EXAM_STUDY_GUIDE_BANK,sg28_7,sg28_7,7,primary placement,yes,yes,
PLC-01177,sg28_8,28,Official Study Guide review,EXAM_STUDY_GUIDE_BANK,sg28_8,sg28_8,8,primary placement,yes,yes,
PLC-01178,sg28_9,28,Official Study Guide review,EXAM_STUDY_GUIDE_BANK,sg28_9,sg28_9,9,primary placement,yes,yes,
PLC-01179,sg28_10,28,Official Study Guide review,EXAM_STUDY_GUIDE_BANK,sg28_10,sg28_10,10,primary placement,yes,yes,
PLC-01180,sg29_1a,29,Official Study Guide review,EXAM_STUDY_GUIDE_BANK,sg29_1a,sg29_1a,1a,primary placement,yes,yes,
PLC-01181,sg29_1b,29,Official Study Guide review,EXAM_STUDY_GUIDE_BANK,sg29_1b,sg29_1b,1b,primary placement,yes,yes,
PLC-01182,sg29_1c,29,Official Study Guide review,EXAM_STUDY_GUIDE_BANK,sg29_1c,sg29_1c,1c,primary placement,yes,yes,
PLC-01183,sg29_1d,29,Official Study Guide review,EXAM_STUDY_GUIDE_BANK,sg29_1d,sg29_1d,1d,primary placement,yes,yes,
PLC-01184,sg29_1e,29,Official Study Guide review,EXAM_STUDY_GUIDE_BANK,sg29_1e,sg29_1e,1e,primary placement,yes,yes,
PLC-01185,sg29_1f,29,Official Study Guide review,EXAM_STUDY_GUIDE_BANK,sg29_1f,sg29_1f,1f,primary placement,yes,yes,
PLC-01186,sg29_2,29,Official Study Guide review,EXAM_STUDY_GUIDE_BANK,sg29_2,sg29_2,2,primary placement,yes,yes,
PLC-01187,sg29_3,29,Official Study Guide review,EXAM_STUDY_GUIDE_BANK,sg29_3,sg29_3,3,primary placement,yes,yes,
PLC-01188,sg29_4,29,Official Study Guide review,EXAM_STUDY_GUIDE_BANK,sg29_4,sg29_4,4,primary placement,yes,yes,
PLC-01189,sg29_5,29,Official Study Guide review,EXAM_STUDY_GUIDE_BANK,sg29_5,sg29_5,5,primary placement,yes,yes,
PLC-01190,sg29_6,29,Official Study Guide review,EXAM_STUDY_GUIDE_BANK,sg29_6,sg29_6,6,primary placement,yes,yes,
PLC-01191,sg30_1,30,Official Study Guide review,EXAM_STUDY_GUIDE_BANK,sg30_1,sg30_1,1,primary placement,yes,yes,
PLC-01192,sg30_2,30,Official Study Guide review,EXAM_STUDY_GUIDE_BANK,sg30_2,sg30_2,2,primary placement,yes,yes,
PLC-01193,sg30_3,30,Official Study Guide review,EXAM_STUDY_GUIDE_BANK,sg30_3,sg30_3,3,primary placement,yes,yes,
PLC-01194,sg30_4,30,Official Study Guide review,EXAM_STUDY_GUIDE_BANK,sg30_4,sg30_4,4,primary placement,yes,yes,
PLC-01195,sg30_5a,30,Official Study Guide review,EXAM_STUDY_GUIDE_BANK,sg30_5a,sg30_5a,5a,primary placement,yes,yes,
PLC-01196,sg30_5b,30,Official Study Guide review,EXAM_STUDY_GUIDE_BANK,sg30_5b,sg30_5b,5b,primary placement,yes,yes,
PLC-01197,sg30_6a,30,Official Study Guide review,EXAM_STUDY_GUIDE_BANK,sg30_6a,sg30_6a,6a,primary placement,yes,yes,
PLC-01198,sg30_6b,30,Official Study Guide review,EXAM_STUDY_GUIDE_BANK,sg30_6b,sg30_6b,6b,primary placement,yes,yes,
PLC-01199,sg31_1,31,Official Study Guide review,EXAM_STUDY_GUIDE_BANK,sg31_1,sg31_1,1,primary placement,yes,yes,
PLC-01200,sg31_2,31,Official Study Guide review,EXAM_STUDY_GUIDE_BANK,sg31_2,sg31_2,2,primary placement,yes,yes,
PLC-01201,sg31_3,31,Official Study Guide review,EXAM_STUDY_GUIDE_BANK,sg31_3,sg31_3,3,primary placement,yes,yes,
PLC-01202,sg31_4,31,Official Study Guide review,EXAM_STUDY_GUIDE_BANK,sg31_4,sg31_4,4,primary placement,yes,yes,
PLC-01203,sg31_5,31,Official Study Guide review,EXAM_STUDY_GUIDE_BANK,sg31_5,sg31_5,5,primary placement,yes,yes,
PLC-01204,sg31_6,31,Official Study Guide review,EXAM_STUDY_GUIDE_BANK,sg31_6,sg31_6,6,primary placement,yes,yes,
PLC-01205,sg31_7,31,Official Study Guide review,EXAM_STUDY_GUIDE_BANK,sg31_7,sg31_7,7,primary placement,yes,yes,
PLC-01206,sg31_8,31,Official Study Guide review,EXAM_STUDY_GUIDE_BANK,sg31_8,sg31_8,8,primary placement,yes,yes,
PLC-01207,sg31_9,31,Official Study Guide review,EXAM_STUDY_GUIDE_BANK,sg31_9,sg31_9,9,primary placement,yes,yes,
PLC-01208,sg31_10,31,Official Study Guide review,EXAM_STUDY_GUIDE_BANK,sg31_10,sg31_10,10,primary placement,yes,yes,
PLC-01209,sg31_11,31,Official Study Guide review,EXAM_STUDY_GUIDE_BANK,sg31_11,sg31_11,11,primary placement,yes,yes,
PLC-01210,sg31_12,31,Official Study Guide review,EXAM_STUDY_GUIDE_BANK,sg31_12,sg31_12,12,primary placement,yes,yes,
PLC-01211,sg31_13,31,Official Study Guide review,EXAM_STUDY_GUIDE_BANK,sg31_13,sg31_13,13,primary placement,yes,yes,
PLC-01212,sg31_14,31,Official Study Guide review,EXAM_STUDY_GUIDE_BANK,sg31_14,sg31_14,14,primary placement,yes,yes,
PLC-01213,sg31_15,31,Official Study Guide review,EXAM_STUDY_GUIDE_BANK,sg31_15,sg31_15,15,primary placement,yes,yes,
PLC-01214,sg32_1,32,Official Study Guide review,EXAM_STUDY_GUIDE_BANK,sg32_1,sg32_1,1,primary placement,yes,yes,
PLC-01215,sg32_2,32,Official Study Guide review,EXAM_STUDY_GUIDE_BANK,sg32_2,sg32_2,2,primary placement,yes,yes,
PLC-01216,sg32_3,32,Official Study Guide review,EXAM_STUDY_GUIDE_BANK,sg32_3,sg32_3,3,primary placement,yes,yes,
PLC-01217,sg32_4,32,Official Study Guide review,EXAM_STUDY_GUIDE_BANK,sg32_4,sg32_4,4,primary placement,yes,yes,
PLC-01218,sg32_5,32,Official Study Guide review,EXAM_STUDY_GUIDE_BANK,sg32_5,sg32_5,5,primary placement,yes,yes,
PLC-01219,sg32_6,32,Official Study Guide review,EXAM_STUDY_GUIDE_BANK,sg32_6,sg32_6,6,primary placement,yes,yes,
PLC-01220,sg32_7,32,Official Study Guide review,EXAM_STUDY_GUIDE_BANK,sg32_7,sg32_7,7,primary placement,yes,yes,
PLC-01221,sg32_8,32,Official Study Guide review,EXAM_STUDY_GUIDE_BANK,sg32_8,sg32_8,8,primary placement,yes,yes,
PLC-01222,sg32_9,32,Official Study Guide review,EXAM_STUDY_GUIDE_BANK,sg32_9,sg32_9,9,primary placement,yes,yes,
PLC-01223,sg33_1,33,Official Study Guide review,EXAM_STUDY_GUIDE_BANK,sg33_1,sg33_1,1,primary placement,yes,yes,
PLC-01224,sg33_2,33,Official Study Guide review,EXAM_STUDY_GUIDE_BANK,sg33_2,sg33_2,2,primary placement,yes,yes,
PLC-01225,sg33_3,33,Official Study Guide review,EXAM_STUDY_GUIDE_BANK,sg33_3,sg33_3,3,primary placement,yes,yes,
PLC-01226,sg33_4,33,Official Study Guide review,EXAM_STUDY_GUIDE_BANK,sg33_4,sg33_4,4,primary placement,yes,yes,
PLC-01227,sg33_5,33,Official Study Guide review,EXAM_STUDY_GUIDE_BANK,sg33_5,sg33_5,5,primary placement,yes,yes,
PLC-01228,sg33_6,33,Official Study Guide review,EXAM_STUDY_GUIDE_BANK,sg33_6,sg33_6,6,primary placement,yes,yes,
PLC-01229,sg33_7,33,Official Study Guide review,EXAM_STUDY_GUIDE_BANK,sg33_7,sg33_7,7,primary placement,yes,yes,
PLC-01230,sg33_8,33,Official Study Guide review,EXAM_STUDY_GUIDE_BANK,sg33_8,sg33_8,8,primary placement,yes,yes,
PLC-01231,sg33_9,33,Official Study Guide review,EXAM_STUDY_GUIDE_BANK,sg33_9,sg33_9,9,primary placement,yes,yes,
PLC-01232,sg33_10,33,Official Study Guide review,EXAM_STUDY_GUIDE_BANK,sg33_10,sg33_10,10,primary placement,yes,yes,
PLC-01233,sg34_1,34,Official Study Guide review,EXAM_STUDY_GUIDE_BANK,sg34_1,sg34_1,1,primary placement,yes,yes,
PLC-01234,sg34_2,34,Official Study Guide review,EXAM_STUDY_GUIDE_BANK,sg34_2,sg34_2,2,primary placement,yes,yes,
PLC-01235,sg34_3,34,Official Study Guide review,EXAM_STUDY_GUIDE_BANK,sg34_3,sg34_3,3,primary placement,yes,yes,
PLC-01236,sg34_4,34,Official Study Guide review,EXAM_STUDY_GUIDE_BANK,sg34_4,sg34_4,4,primary placement,yes,yes,
PLC-01237,sg34_5,34,Official Study Guide review,EXAM_STUDY_GUIDE_BANK,sg34_5,sg34_5,5,primary placement,yes,yes,
PLC-01238,sg34_6,34,Official Study Guide review,EXAM_STUDY_GUIDE_BANK,sg34_6,sg34_6,6,primary placement,yes,yes,
PLC-01239,sg34_7,34,Official Study Guide review,EXAM_STUDY_GUIDE_BANK,sg34_7,sg34_7,7,primary placement,yes,yes,
PLC-01240,sg34_8,34,Official Study Guide review,EXAM_STUDY_GUIDE_BANK,sg34_8,sg34_8,8,primary placement,yes,yes,
PLC-01241,sg34_9,34,Official Study Guide review,EXAM_STUDY_GUIDE_BANK,sg34_9,sg34_9,9,primary placement,yes,yes,
PLC-01242,sg34_10,34,Official Study Guide review,EXAM_STUDY_GUIDE_BANK,sg34_10,sg34_10,10,primary placement,yes,yes,
PLC-01243,appb_1,34,Official Study Guide review,EXAM_STUDY_GUIDE_BANK,appb_1,appb_1,B.1,primary placement,yes,yes,
PLC-01244,appb_14,34,Official Study Guide review,EXAM_STUDY_GUIDE_BANK,appb_14,appb_14,B.14,primary placement,yes,yes,
PLC-01245,cm5_1,5,Curated practice (Apply/Challenge/Retention),V56_CURATED_BANK,cm5_1,cm5_1,cm5_1,primary placement,yes,yes,
PLC-01246,cm5_2,5,Curated practice (Apply/Challenge/Retention),V56_CURATED_BANK,cm5_2,cm5_2,cm5_2,primary placement,yes,yes,
PLC-01247,cm5_3,5,Curated practice (Apply/Challenge/Retention),V56_CURATED_BANK,cm5_3,cm5_3,cm5_3,primary placement,yes,yes,
PLC-01248,cm5_4,5,Curated practice (Apply/Challenge/Retention),V56_CURATED_BANK,cm5_4,cm5_4,cm5_4,primary placement,yes,yes,
PLC-01249,cm5_5,5,Curated practice (Apply/Challenge/Retention),V56_CURATED_BANK,cm5_5,cm5_5,cm5_5,primary placement,yes,yes,
PLC-01250,cm5_6,5,Curated practice (Apply/Challenge/Retention),V56_CURATED_BANK,cm5_6,cm5_6,cm5_6,primary placement,yes,yes,
PLC-01251,cm5_7,5,Curated practice (Apply/Challenge/Retention),V56_CURATED_BANK,cm5_7,cm5_7,cm5_7,primary placement,yes,yes,
PLC-01252,cm5_8,5,Curated practice (Apply/Challenge/Retention),V56_CURATED_BANK,cm5_8,cm5_8,cm5_8,primary placement,yes,yes,
PLC-01253,cm6_src_1,6,Curated practice (Apply/Challenge/Retention),V56_CURATED_BANK,cm6_src_1,cm6_src_1,cm6_src_1,primary placement,yes,yes,
PLC-01254,cm6_src_2,6,Curated practice (Apply/Challenge/Retention),V56_CURATED_BANK,cm6_src_2,cm6_src_2,cm6_src_2,primary placement,yes,yes,
PLC-01255,cm6_src_3,6,Curated practice (Apply/Challenge/Retention),V56_CURATED_BANK,cm6_src_3,cm6_src_3,cm6_src_3,primary placement,yes,yes,
PLC-01256,cm6_src_4,6,Curated practice (Apply/Challenge/Retention),V56_CURATED_BANK,cm6_src_4,cm6_src_4,cm6_src_4,primary placement,yes,yes,
PLC-01257,cm6_src_5,6,Curated practice (Apply/Challenge/Retention),V56_CURATED_BANK,cm6_src_5,cm6_src_5,cm6_src_5,primary placement,yes,yes,
PLC-01258,cm6_src_6,6,Curated practice (Apply/Challenge/Retention),V56_CURATED_BANK,cm6_src_6,cm6_src_6,cm6_src_6,primary placement,yes,yes,
PLC-01259,cm6_src_7,6,Curated practice (Apply/Challenge/Retention),V56_CURATED_BANK,cm6_src_7,cm6_src_7,cm6_src_7,primary placement,yes,yes,
PLC-01260,cm6_src_8,6,Curated practice (Apply/Challenge/Retention),V56_CURATED_BANK,cm6_src_8,cm6_src_8,cm6_src_8,primary placement,yes,yes,
PLC-01261,cm8_1,8,Curated practice (Apply/Challenge/Retention),V56_CURATED_BANK,cm8_1,cm8_1,cm8_1,primary placement,yes,yes,
PLC-01262,cm8_2,8,Curated practice (Apply/Challenge/Retention),V56_CURATED_BANK,cm8_2,cm8_2,cm8_2,primary placement,yes,yes,
PLC-01263,cm8_3,8,Curated practice (Apply/Challenge/Retention),V56_CURATED_BANK,cm8_3,cm8_3,cm8_3,primary placement,yes,yes,
PLC-01264,cm8_4,8,Curated practice (Apply/Challenge/Retention),V56_CURATED_BANK,cm8_4,cm8_4,cm8_4,primary placement,yes,yes,
PLC-01265,cm8_5,8,Curated practice (Apply/Challenge/Retention),V56_CURATED_BANK,cm8_5,cm8_5,cm8_5,primary placement,yes,yes,V516_CURATED_OPTION_REWRITES reworded distractors; correct-answer position unchanged; verified safe
PLC-01266,cm8_6,8,Curated practice (Apply/Challenge/Retention),V56_CURATED_BANK,cm8_6,cm8_6,cm8_6,primary placement,yes,yes,
PLC-01267,cm8_7,8,Curated practice (Apply/Challenge/Retention),V56_CURATED_BANK,cm8_7,cm8_7,cm8_7,primary placement,yes,yes,
PLC-01268,cm8_8,8,Curated practice (Apply/Challenge/Retention),V56_CURATED_BANK,cm8_8,cm8_8,cm8_8,primary placement,yes,yes,
PLC-01269,cm12_1,12,Curated practice (Apply/Challenge/Retention),V56_CURATED_BANK,cm12_1,cm12_1,cm12_1,primary placement,yes,yes,
PLC-01270,cm12_2,12,Curated practice (Apply/Challenge/Retention),V56_CURATED_BANK,cm12_2,cm12_2,cm12_2,primary placement,yes,yes,
PLC-01271,cm12_3,12,Curated practice (Apply/Challenge/Retention),V56_CURATED_BANK,cm12_3,cm12_3,cm12_3,primary placement,yes,yes,
PLC-01272,cm12_4,12,Curated practice (Apply/Challenge/Retention),V56_CURATED_BANK,cm12_4,cm12_4,cm12_4,primary placement,yes,yes,
PLC-01273,cm12_5,12,Curated practice (Apply/Challenge/Retention),V56_CURATED_BANK,cm12_5,cm12_5,cm12_5,primary placement,yes,yes,SCORING DEFECT FIXED this pass (V516 atomic-rewrite conversion). CRITICAL BUG: V516_CURATED_OPTION_REWRITES reordered options without updating correct index - live scoring is WRONG for this item scoring_reachable corrected to yes post-fix (was NO - BROKEN pre-fix).
PLC-01274,cm12_6,12,Curated practice (Apply/Challenge/Retention),V56_CURATED_BANK,cm12_6,cm12_6,cm12_6,primary placement,yes,yes,
PLC-01275,cm12_7,12,Curated practice (Apply/Challenge/Retention),V56_CURATED_BANK,cm12_7,cm12_7,cm12_7,primary placement,yes,yes,SCORING DEFECT FIXED this pass (V516 atomic-rewrite conversion). CRITICAL BUG: V516_CURATED_OPTION_REWRITES reordered options without updating correct index - live scoring is WRONG for this item scoring_reachable corrected to yes post-fix (was NO - BROKEN pre-fix).
PLC-01276,cm12_8,12,Curated practice (Apply/Challenge/Retention),V56_CURATED_BANK,cm12_8,cm12_8,cm12_8,primary placement,yes,yes,
PLC-01277,cm16_1,16,Curated practice (Apply/Challenge/Retention),V56_CURATED_BANK,cm16_1,cm16_1,cm16_1,primary placement,yes,yes,
PLC-01278,cm16_2,16,Curated practice (Apply/Challenge/Retention),V56_CURATED_BANK,cm16_2,cm16_2,cm16_2,primary placement,yes,yes,
PLC-01279,cm16_3,16,Curated practice (Apply/Challenge/Retention),V56_CURATED_BANK,cm16_3,cm16_3,cm16_3,primary placement,yes,yes,
PLC-01280,cm16_4,16,Curated practice (Apply/Challenge/Retention),V56_CURATED_BANK,cm16_4,cm16_4,cm16_4,primary placement,yes,yes,
PLC-01281,cm16_5,16,Curated practice (Apply/Challenge/Retention),V56_CURATED_BANK,cm16_5,cm16_5,cm16_5,primary placement,yes,yes,
PLC-01282,cm16_6,16,Curated practice (Apply/Challenge/Retention),V56_CURATED_BANK,cm16_6,cm16_6,cm16_6,primary placement,yes,yes,
PLC-01283,cm16_7,16,Curated practice (Apply/Challenge/Retention),V56_CURATED_BANK,cm16_7,cm16_7,cm16_7,primary placement,yes,yes,
PLC-01284,cm16_8,16,Curated practice (Apply/Challenge/Retention),V56_CURATED_BANK,cm16_8,cm16_8,cm16_8,primary placement,yes,yes,
PLC-01285,cm17_1,17,Curated practice (Apply/Challenge/Retention),V56_CURATED_BANK,cm17_1,cm17_1,cm17_1,primary placement,yes,yes,
PLC-01286,cm17_2,17,Curated practice (Apply/Challenge/Retention),V56_CURATED_BANK,cm17_2,cm17_2,cm17_2,primary placement,yes,yes,
PLC-01287,cm17_3,17,Curated practice (Apply/Challenge/Retention),V56_CURATED_BANK,cm17_3,cm17_3,cm17_3,primary placement,yes,yes,
PLC-01288,cm17_4,17,Curated practice (Apply/Challenge/Retention),V56_CURATED_BANK,cm17_4,cm17_4,cm17_4,primary placement,yes,yes,
PLC-01289,cm17_5,17,Curated practice (Apply/Challenge/Retention),V56_CURATED_BANK,cm17_5,cm17_5,cm17_5,primary placement,yes,yes,
PLC-01290,cm17_6,17,Curated practice (Apply/Challenge/Retention),V56_CURATED_BANK,cm17_6,cm17_6,cm17_6,primary placement,yes,yes,
PLC-01291,cm17_7,17,Curated practice (Apply/Challenge/Retention),V56_CURATED_BANK,cm17_7,cm17_7,cm17_7,primary placement,yes,yes,
PLC-01292,cm17_8,17,Curated practice (Apply/Challenge/Retention),V56_CURATED_BANK,cm17_8,cm17_8,cm17_8,primary placement,yes,yes,"V516 scoring-index bug fixed (targeted answer-key validation only, per explicit scope - NOT a full Chapter 17 source audit). Remains part of the future Chapter 17 batch population; do not double-count when that chapter is audited. "
PLC-01293,cm18_1,18,Curated practice (Apply/Challenge/Retention),V56_CURATED_BANK,cm18_1,cm18_1,cm18_1,primary placement,yes,yes,
PLC-01294,cm18_2,18,Curated practice (Apply/Challenge/Retention),V56_CURATED_BANK,cm18_2,cm18_2,cm18_2,primary placement,yes,yes,
PLC-01295,cm18_3,18,Curated practice (Apply/Challenge/Retention),V56_CURATED_BANK,cm18_3,cm18_3,cm18_3,primary placement,yes,yes,
PLC-01296,cm18_4,18,Curated practice (Apply/Challenge/Retention),V56_CURATED_BANK,cm18_4,cm18_4,cm18_4,primary placement,yes,yes,
PLC-01297,cm18_5,18,Curated practice (Apply/Challenge/Retention),V56_CURATED_BANK,cm18_5,cm18_5,cm18_5,primary placement,yes,yes,
PLC-01298,cm18_6,18,Curated practice (Apply/Challenge/Retention),V56_CURATED_BANK,cm18_6,cm18_6,cm18_6,primary placement,yes,yes,
PLC-01299,cm18_7,18,Curated practice (Apply/Challenge/Retention),V56_CURATED_BANK,cm18_7,cm18_7,cm18_7,primary placement,yes,yes,
PLC-01300,cm18_8,18,Curated practice (Apply/Challenge/Retention),V56_CURATED_BANK,cm18_8,cm18_8,cm18_8,primary placement,yes,yes,
PLC-01301,cm21_1,21,Curated practice (Apply/Challenge/Retention),V56_CURATED_BANK,cm21_1,cm21_1,cm21_1,primary placement,yes,yes,
PLC-01302,cm21_2,21,Curated practice (Apply/Challenge/Retention),V56_CURATED_BANK,cm21_2,cm21_2,cm21_2,primary placement,yes,yes,
PLC-01303,cm21_3,21,Curated practice (Apply/Challenge/Retention),V56_CURATED_BANK,cm21_3,cm21_3,cm21_3,primary placement,yes,yes,
PLC-01304,cm21_4,21,Curated practice (Apply/Challenge/Retention),V56_CURATED_BANK,cm21_4,cm21_4,cm21_4,primary placement,yes,yes,
PLC-01305,cm21_5,21,Curated practice (Apply/Challenge/Retention),V56_CURATED_BANK,cm21_5,cm21_5,cm21_5,primary placement,yes,yes,
PLC-01306,cm21_6,21,Curated practice (Apply/Challenge/Retention),V56_CURATED_BANK,cm21_6,cm21_6,cm21_6,primary placement,yes,yes,
PLC-01307,cm21_7,21,Curated practice (Apply/Challenge/Retention),V56_CURATED_BANK,cm21_7,cm21_7,cm21_7,primary placement,yes,yes,
PLC-01308,cm21_8,21,Curated practice (Apply/Challenge/Retention),V56_CURATED_BANK,cm21_8,cm21_8,cm21_8,primary placement,yes,yes,
PLC-01309,cm22_1,22,Curated practice (Apply/Challenge/Retention),V56_CURATED_BANK,cm22_1,cm22_1,cm22_1,primary placement,yes,yes,
PLC-01310,cm22_2,22,Curated practice (Apply/Challenge/Retention),V56_CURATED_BANK,cm22_2,cm22_2,cm22_2,primary placement,yes,yes,
PLC-01311,cm22_3,22,Curated practice (Apply/Challenge/Retention),V56_CURATED_BANK,cm22_3,cm22_3,cm22_3,primary placement,yes,yes,
PLC-01312,cm22_4,22,Curated practice (Apply/Challenge/Retention),V56_CURATED_BANK,cm22_4,cm22_4,cm22_4,primary placement,yes,yes,
PLC-01313,cm22_5,22,Curated practice (Apply/Challenge/Retention),V56_CURATED_BANK,cm22_5,cm22_5,cm22_5,primary placement,yes,yes,
PLC-01314,cm22_6,22,Curated practice (Apply/Challenge/Retention),V56_CURATED_BANK,cm22_6,cm22_6,cm22_6,primary placement,yes,yes,
PLC-01315,cm22_7,22,Curated practice (Apply/Challenge/Retention),V56_CURATED_BANK,cm22_7,cm22_7,cm22_7,primary placement,yes,yes,
PLC-01316,cm22_8,22,Curated practice (Apply/Challenge/Retention),V56_CURATED_BANK,cm22_8,cm22_8,cm22_8,primary placement,yes,yes,
PLC-01317,cm24_1,24,Curated practice (Apply/Challenge/Retention),V56_CURATED_BANK,cm24_1,cm24_1,cm24_1,primary placement,yes,yes,"V516 scoring-index bug fixed (targeted answer-key validation only, per explicit scope - NOT a full Chapter 24 source audit). Remains part of the future Chapter 24 batch population; do not double-count when that chapter is audited. "
PLC-01318,cm24_2,24,Curated practice (Apply/Challenge/Retention),V56_CURATED_BANK,cm24_2,cm24_2,cm24_2,primary placement,yes,yes,
PLC-01319,cm24_3,24,Curated practice (Apply/Challenge/Retention),V56_CURATED_BANK,cm24_3,cm24_3,cm24_3,primary placement,yes,yes,
PLC-01320,cm24_4,24,Curated practice (Apply/Challenge/Retention),V56_CURATED_BANK,cm24_4,cm24_4,cm24_4,primary placement,yes,yes,
PLC-01321,cm24_5,24,Curated practice (Apply/Challenge/Retention),V56_CURATED_BANK,cm24_5,cm24_5,cm24_5,primary placement,yes,yes,
PLC-01322,cm24_6,24,Curated practice (Apply/Challenge/Retention),V56_CURATED_BANK,cm24_6,cm24_6,cm24_6,primary placement,yes,yes,
PLC-01323,cm24_7,24,Curated practice (Apply/Challenge/Retention),V56_CURATED_BANK,cm24_7,cm24_7,cm24_7,primary placement,yes,yes,
PLC-01324,cm24_8,24,Curated practice (Apply/Challenge/Retention),V56_CURATED_BANK,cm24_8,cm24_8,cm24_8,primary placement,yes,yes,
PLC-01325,cm25_1,25,Curated practice (Apply/Challenge/Retention),V56_CURATED_BANK,cm25_1,cm25_1,cm25_1,primary placement,yes,yes,
PLC-01326,cm25_2,25,Curated practice (Apply/Challenge/Retention),V56_CURATED_BANK,cm25_2,cm25_2,cm25_2,primary placement,yes,yes,
PLC-01327,cm25_3,25,Curated practice (Apply/Challenge/Retention),V56_CURATED_BANK,cm25_3,cm25_3,cm25_3,primary placement,yes,yes,
PLC-01328,cm25_4,25,Curated practice (Apply/Challenge/Retention),V56_CURATED_BANK,cm25_4,cm25_4,cm25_4,primary placement,yes,yes,
PLC-01329,cm25_5,25,Curated practice (Apply/Challenge/Retention),V56_CURATED_BANK,cm25_5,cm25_5,cm25_5,primary placement,yes,yes,
PLC-01330,cm25_6,25,Curated practice (Apply/Challenge/Retention),V56_CURATED_BANK,cm25_6,cm25_6,cm25_6,primary placement,yes,yes,
PLC-01331,cm25_7,25,Curated practice (Apply/Challenge/Retention),V56_CURATED_BANK,cm25_7,cm25_7,cm25_7,primary placement,yes,yes,
PLC-01332,cm25_8,25,Curated practice (Apply/Challenge/Retention),V56_CURATED_BANK,cm25_8,cm25_8,cm25_8,primary placement,yes,yes,
PLC-01333,cm26_1,26,Curated practice (Apply/Challenge/Retention),V56_CURATED_BANK,cm26_1,cm26_1,cm26_1,primary placement,yes,yes,
PLC-01334,cm26_2,26,Curated practice (Apply/Challenge/Retention),V56_CURATED_BANK,cm26_2,cm26_2,cm26_2,primary placement,yes,yes,
PLC-01335,cm26_3,26,Curated practice (Apply/Challenge/Retention),V56_CURATED_BANK,cm26_3,cm26_3,cm26_3,primary placement,yes,yes,
PLC-01336,cm26_4,26,Curated practice (Apply/Challenge/Retention),V56_CURATED_BANK,cm26_4,cm26_4,cm26_4,primary placement,yes,yes,
PLC-01337,cm26_5,26,Curated practice (Apply/Challenge/Retention),V56_CURATED_BANK,cm26_5,cm26_5,cm26_5,primary placement,yes,yes,
PLC-01338,cm26_6,26,Curated practice (Apply/Challenge/Retention),V56_CURATED_BANK,cm26_6,cm26_6,cm26_6,primary placement,yes,yes,
PLC-01339,cm26_7,26,Curated practice (Apply/Challenge/Retention),V56_CURATED_BANK,cm26_7,cm26_7,cm26_7,primary placement,yes,yes,
PLC-01340,cm26_8,26,Curated practice (Apply/Challenge/Retention),V56_CURATED_BANK,cm26_8,cm26_8,cm26_8,primary placement,yes,yes,
PLC-01341,cm30_1,30,Curated practice (Apply/Challenge/Retention),V56_CURATED_BANK,cm30_1,cm30_1,cm30_1,primary placement,yes,yes,
PLC-01342,cm30_2,30,Curated practice (Apply/Challenge/Retention),V56_CURATED_BANK,cm30_2,cm30_2,cm30_2,primary placement,yes,yes,
PLC-01343,cm30_3,30,Curated practice (Apply/Challenge/Retention),V56_CURATED_BANK,cm30_3,cm30_3,cm30_3,primary placement,yes,yes,
PLC-01344,cm30_4,30,Curated practice (Apply/Challenge/Retention),V56_CURATED_BANK,cm30_4,cm30_4,cm30_4,primary placement,yes,yes,
PLC-01345,cm30_5,30,Curated practice (Apply/Challenge/Retention),V56_CURATED_BANK,cm30_5,cm30_5,cm30_5,primary placement,yes,yes,
PLC-01346,cm30_6,30,Curated practice (Apply/Challenge/Retention),V56_CURATED_BANK,cm30_6,cm30_6,cm30_6,primary placement,yes,yes,
PLC-01347,cm30_7,30,Curated practice (Apply/Challenge/Retention),V56_CURATED_BANK,cm30_7,cm30_7,cm30_7,primary placement,yes,yes,
PLC-01348,cm30_8,30,Curated practice (Apply/Challenge/Retention),V56_CURATED_BANK,cm30_8,cm30_8,cm30_8,primary placement,yes,yes,
PLC-01349,cm33_1,33,Curated practice (Apply/Challenge/Retention),V56_CURATED_BANK,cm33_1,cm33_1,cm33_1,primary placement,yes,yes,
PLC-01350,cm33_2,33,Curated practice (Apply/Challenge/Retention),V56_CURATED_BANK,cm33_2,cm33_2,cm33_2,primary placement,yes,yes,
PLC-01351,cm33_3,33,Curated practice (Apply/Challenge/Retention),V56_CURATED_BANK,cm33_3,cm33_3,cm33_3,primary placement,yes,yes,
PLC-01352,cm33_4,33,Curated practice (Apply/Challenge/Retention),V56_CURATED_BANK,cm33_4,cm33_4,cm33_4,primary placement,yes,yes,
PLC-01353,cm33_5,33,Curated practice (Apply/Challenge/Retention),V56_CURATED_BANK,cm33_5,cm33_5,cm33_5,primary placement,yes,yes,
PLC-01354,cm33_6,33,Curated practice (Apply/Challenge/Retention),V56_CURATED_BANK,cm33_6,cm33_6,cm33_6,primary placement,yes,yes,
PLC-01355,cm33_7,33,Curated practice (Apply/Challenge/Retention),V56_CURATED_BANK,cm33_7,cm33_7,cm33_7,primary placement,yes,yes,
PLC-01356,cm33_8,33,Curated practice (Apply/Challenge/Retention),V56_CURATED_BANK,cm33_8,cm33_8,cm33_8,primary placement,yes,yes,
PLC-01357,hm2_1,2,V513_EXTRA_INTERNAL_MASTERY_BANK,V513_EXTRA_INTERNAL_MASTERY_BANK,hm2_1,hm2_1,hm2_1,primary placement,yes,yes,Merged from V513 at load; see V513 trace
PLC-01358,hm2_2,2,V513_EXTRA_INTERNAL_MASTERY_BANK,V513_EXTRA_INTERNAL_MASTERY_BANK,hm2_2,hm2_2,hm2_2,primary placement,yes,yes,Merged from V513 at load; see V513 trace
PLC-01359,hm2_3,2,V513_EXTRA_INTERNAL_MASTERY_BANK,V513_EXTRA_INTERNAL_MASTERY_BANK,hm2_3,hm2_3,hm2_3,primary placement,yes,yes,Merged from V513 at load; see V513 trace
PLC-01360,hm2_4,2,V513_EXTRA_INTERNAL_MASTERY_BANK,V513_EXTRA_INTERNAL_MASTERY_BANK,hm2_4,hm2_4,hm2_4,primary placement,yes,yes,Merged from V513 at load; see V513 trace
PLC-01361,hm2_5,2,V513_EXTRA_INTERNAL_MASTERY_BANK,V513_EXTRA_INTERNAL_MASTERY_BANK,hm2_5,hm2_5,hm2_5,primary placement,yes,yes,Merged from V513 at load; see V513 trace
PLC-01362,hm2_6,2,V513_EXTRA_INTERNAL_MASTERY_BANK,V513_EXTRA_INTERNAL_MASTERY_BANK,hm2_6,hm2_6,hm2_6,primary placement,yes,yes,Merged from V513 at load; see V513 trace
PLC-01363,hm2_7,2,V513_EXTRA_INTERNAL_MASTERY_BANK,V513_EXTRA_INTERNAL_MASTERY_BANK,hm2_7,hm2_7,hm2_7,primary placement,yes,yes,Merged from V513 at load; see V513 trace
PLC-01364,hm2_8,2,V513_EXTRA_INTERNAL_MASTERY_BANK,V513_EXTRA_INTERNAL_MASTERY_BANK,hm2_8,hm2_8,hm2_8,primary placement,yes,yes,Merged from V513 at load; see V513 trace
PLC-01365,hm2_9,2,V513_EXTRA_INTERNAL_MASTERY_BANK,V513_EXTRA_INTERNAL_MASTERY_BANK,hm2_9,hm2_9,hm2_9,primary placement,yes,yes,Merged from V513 at load; see V513 trace
PLC-01366,hm2_10,2,V513_EXTRA_INTERNAL_MASTERY_BANK,V513_EXTRA_INTERNAL_MASTERY_BANK,hm2_10,hm2_10,hm2_10,primary placement,yes,yes,Merged from V513 at load; see V513 trace
PLC-01367,hm5_1,5,Internal Mastery Test,V57_INTERNAL_MASTERY_BANK,hm5_1,hm5_1,hm5_1,primary placement,yes,yes,
PLC-01368,hm5_2,5,Internal Mastery Test,V57_INTERNAL_MASTERY_BANK,hm5_2,hm5_2,hm5_2,primary placement,yes,yes,
PLC-01369,hm5_3,5,Internal Mastery Test,V57_INTERNAL_MASTERY_BANK,hm5_3,hm5_3,hm5_3,primary placement,yes,yes,
PLC-01370,hm5_4,5,Internal Mastery Test,V57_INTERNAL_MASTERY_BANK,hm5_4,hm5_4,hm5_4,primary placement,yes,yes,
PLC-01371,hm5_5,5,Internal Mastery Test,V57_INTERNAL_MASTERY_BANK,hm5_5,hm5_5,hm5_5,primary placement,yes,yes,
PLC-01372,hm5_6,5,Internal Mastery Test,V57_INTERNAL_MASTERY_BANK,hm5_6,hm5_6,hm5_6,primary placement,yes,yes,
PLC-01373,hm5_7,5,Internal Mastery Test,V57_INTERNAL_MASTERY_BANK,hm5_7,hm5_7,hm5_7,primary placement,yes,yes,
PLC-01374,hm5_8,5,Internal Mastery Test,V57_INTERNAL_MASTERY_BANK,hm5_8,hm5_8,hm5_8,primary placement,yes,yes,
PLC-01375,hm5_9,5,Internal Mastery Test,V57_INTERNAL_MASTERY_BANK,hm5_9,hm5_9,hm5_9,primary placement,yes,yes,
PLC-01376,hm5_10,5,Internal Mastery Test,V57_INTERNAL_MASTERY_BANK,hm5_10,hm5_10,hm5_10,primary placement,yes,yes,
PLC-01377,hm6_src_1,6,Internal Mastery Test,V57_INTERNAL_MASTERY_BANK,hm6_src_1,hm6_src_1,hm6_src_1,primary placement,yes,yes,
PLC-01378,hm6_src_2,6,Internal Mastery Test,V57_INTERNAL_MASTERY_BANK,hm6_src_2,hm6_src_2,hm6_src_2,primary placement,yes,yes,
PLC-01379,hm6_src_3,6,Internal Mastery Test,V57_INTERNAL_MASTERY_BANK,hm6_src_3,hm6_src_3,hm6_src_3,primary placement,yes,yes,
PLC-01380,hm6_src_4,6,Internal Mastery Test,V57_INTERNAL_MASTERY_BANK,hm6_src_4,hm6_src_4,hm6_src_4,primary placement,yes,yes,
PLC-01381,hm6_src_5,6,Internal Mastery Test,V57_INTERNAL_MASTERY_BANK,hm6_src_5,hm6_src_5,hm6_src_5,primary placement,yes,yes,
PLC-01382,hm6_src_6,6,Internal Mastery Test,V57_INTERNAL_MASTERY_BANK,hm6_src_6,hm6_src_6,hm6_src_6,primary placement,yes,yes,
PLC-01383,hm6_src_7,6,Internal Mastery Test,V57_INTERNAL_MASTERY_BANK,hm6_src_7,hm6_src_7,hm6_src_7,primary placement,yes,yes,
PLC-01384,hm6_src_8,6,Internal Mastery Test,V57_INTERNAL_MASTERY_BANK,hm6_src_8,hm6_src_8,hm6_src_8,primary placement,yes,yes,
PLC-01385,hm6_src_9,6,Internal Mastery Test,V57_INTERNAL_MASTERY_BANK,hm6_src_9,hm6_src_9,hm6_src_9,primary placement,yes,yes,
PLC-01386,hm6_src_10,6,Internal Mastery Test,V57_INTERNAL_MASTERY_BANK,hm6_src_10,hm6_src_10,hm6_src_10,primary placement,yes,yes,
PLC-01387,hm8_1,8,Internal Mastery Test,V57_INTERNAL_MASTERY_BANK,hm8_1,hm8_1,hm8_1,primary placement,yes,yes,
PLC-01388,hm8_2,8,Internal Mastery Test,V57_INTERNAL_MASTERY_BANK,hm8_2,hm8_2,hm8_2,primary placement,yes,yes,
PLC-01389,hm8_3,8,Internal Mastery Test,V57_INTERNAL_MASTERY_BANK,hm8_3,hm8_3,hm8_3,primary placement,yes,yes,
PLC-01390,hm8_4,8,Internal Mastery Test,V57_INTERNAL_MASTERY_BANK,hm8_4,hm8_4,hm8_4,primary placement,yes,yes,
PLC-01391,hm8_5,8,Internal Mastery Test,V57_INTERNAL_MASTERY_BANK,hm8_5,hm8_5,hm8_5,primary placement,yes,yes,
PLC-01392,hm8_6,8,Internal Mastery Test,V57_INTERNAL_MASTERY_BANK,hm8_6,hm8_6,hm8_6,primary placement,yes,yes,
PLC-01393,hm8_7,8,Internal Mastery Test,V57_INTERNAL_MASTERY_BANK,hm8_7,hm8_7,hm8_7,primary placement,yes,yes,
PLC-01394,hm8_8,8,Internal Mastery Test,V57_INTERNAL_MASTERY_BANK,hm8_8,hm8_8,hm8_8,primary placement,yes,yes,
PLC-01395,hm8_9,8,Internal Mastery Test,V57_INTERNAL_MASTERY_BANK,hm8_9,hm8_9,hm8_9,primary placement,yes,yes,
PLC-01396,hm8_10,8,Internal Mastery Test,V57_INTERNAL_MASTERY_BANK,hm8_10,hm8_10,hm8_10,primary placement,yes,yes,
PLC-01397,hm12_1,12,Internal Mastery Test,V57_INTERNAL_MASTERY_BANK,hm12_1,hm12_1,hm12_1,primary placement,yes,yes,
PLC-01398,hm12_2,12,Internal Mastery Test,V57_INTERNAL_MASTERY_BANK,hm12_2,hm12_2,hm12_2,primary placement,yes,yes,
PLC-01399,hm12_3,12,Internal Mastery Test,V57_INTERNAL_MASTERY_BANK,hm12_3,hm12_3,hm12_3,primary placement,yes,yes,
PLC-01400,hm12_4,12,Internal Mastery Test,V57_INTERNAL_MASTERY_BANK,hm12_4,hm12_4,hm12_4,primary placement,yes,yes,
PLC-01401,hm12_5,12,Internal Mastery Test,V57_INTERNAL_MASTERY_BANK,hm12_5,hm12_5,hm12_5,primary placement,yes,yes,
PLC-01402,hm12_6,12,Internal Mastery Test,V57_INTERNAL_MASTERY_BANK,hm12_6,hm12_6,hm12_6,primary placement,yes,yes,
PLC-01403,hm12_7,12,Internal Mastery Test,V57_INTERNAL_MASTERY_BANK,hm12_7,hm12_7,hm12_7,primary placement,yes,yes,
PLC-01404,hm12_8,12,Internal Mastery Test,V57_INTERNAL_MASTERY_BANK,hm12_8,hm12_8,hm12_8,primary placement,yes,yes,
PLC-01405,hm12_9,12,Internal Mastery Test,V57_INTERNAL_MASTERY_BANK,hm12_9,hm12_9,hm12_9,primary placement,yes,yes,
PLC-01406,hm12_10,12,Internal Mastery Test,V57_INTERNAL_MASTERY_BANK,hm12_10,hm12_10,hm12_10,primary placement,yes,yes,
PLC-01407,hm15_1,15,Internal Mastery Test,V57_INTERNAL_MASTERY_BANK,hm15_1,hm15_1,hm15_1,primary placement,yes,yes,
PLC-01408,hm15_2,15,Internal Mastery Test,V57_INTERNAL_MASTERY_BANK,hm15_2,hm15_2,hm15_2,primary placement,yes,yes,
PLC-01409,hm15_3,15,Internal Mastery Test,V57_INTERNAL_MASTERY_BANK,hm15_3,hm15_3,hm15_3,primary placement,yes,yes,
PLC-01410,hm15_4,15,Internal Mastery Test,V57_INTERNAL_MASTERY_BANK,hm15_4,hm15_4,hm15_4,primary placement,yes,yes,
PLC-01411,hm15_5,15,Internal Mastery Test,V57_INTERNAL_MASTERY_BANK,hm15_5,hm15_5,hm15_5,primary placement,yes,yes,
PLC-01412,hm15_6,15,Internal Mastery Test,V57_INTERNAL_MASTERY_BANK,hm15_6,hm15_6,hm15_6,primary placement,yes,yes,
PLC-01413,hm15_7,15,Internal Mastery Test,V57_INTERNAL_MASTERY_BANK,hm15_7,hm15_7,hm15_7,primary placement,yes,yes,
PLC-01414,hm15_8,15,Internal Mastery Test,V57_INTERNAL_MASTERY_BANK,hm15_8,hm15_8,hm15_8,primary placement,yes,yes,
PLC-01415,hm15_9,15,Internal Mastery Test,V57_INTERNAL_MASTERY_BANK,hm15_9,hm15_9,hm15_9,primary placement,yes,yes,
PLC-01416,hm15_10,15,Internal Mastery Test,V57_INTERNAL_MASTERY_BANK,hm15_10,hm15_10,hm15_10,primary placement,yes,yes,
PLC-01417,hm16_1,16,Internal Mastery Test,V57_INTERNAL_MASTERY_BANK,hm16_1,hm16_1,hm16_1,primary placement,yes,yes,
PLC-01418,hm16_2,16,Internal Mastery Test,V57_INTERNAL_MASTERY_BANK,hm16_2,hm16_2,hm16_2,primary placement,yes,yes,
PLC-01419,hm16_3,16,Internal Mastery Test,V57_INTERNAL_MASTERY_BANK,hm16_3,hm16_3,hm16_3,primary placement,yes,yes,
PLC-01420,hm16_4,16,Internal Mastery Test,V57_INTERNAL_MASTERY_BANK,hm16_4,hm16_4,hm16_4,primary placement,yes,yes,
PLC-01421,hm16_5,16,Internal Mastery Test,V57_INTERNAL_MASTERY_BANK,hm16_5,hm16_5,hm16_5,primary placement,yes,yes,
PLC-01422,hm16_6,16,Internal Mastery Test,V57_INTERNAL_MASTERY_BANK,hm16_6,hm16_6,hm16_6,primary placement,yes,yes,
PLC-01423,hm16_7,16,Internal Mastery Test,V57_INTERNAL_MASTERY_BANK,hm16_7,hm16_7,hm16_7,primary placement,yes,yes,
PLC-01424,hm16_8,16,Internal Mastery Test,V57_INTERNAL_MASTERY_BANK,hm16_8,hm16_8,hm16_8,primary placement,yes,yes,
PLC-01425,hm16_9,16,Internal Mastery Test,V57_INTERNAL_MASTERY_BANK,hm16_9,hm16_9,hm16_9,primary placement,yes,yes,
PLC-01426,hm16_10,16,Internal Mastery Test,V57_INTERNAL_MASTERY_BANK,hm16_10,hm16_10,hm16_10,primary placement,yes,yes,
PLC-01427,hm17_1,17,Internal Mastery Test,V57_INTERNAL_MASTERY_BANK,hm17_1,hm17_1,hm17_1,primary placement,yes,yes,
PLC-01428,hm17_2,17,Internal Mastery Test,V57_INTERNAL_MASTERY_BANK,hm17_2,hm17_2,hm17_2,primary placement,yes,yes,
PLC-01429,hm17_3,17,Internal Mastery Test,V57_INTERNAL_MASTERY_BANK,hm17_3,hm17_3,hm17_3,primary placement,yes,yes,
PLC-01430,hm17_4,17,Internal Mastery Test,V57_INTERNAL_MASTERY_BANK,hm17_4,hm17_4,hm17_4,primary placement,yes,yes,
PLC-01431,hm17_5,17,Internal Mastery Test,V57_INTERNAL_MASTERY_BANK,hm17_5,hm17_5,hm17_5,primary placement,yes,yes,
PLC-01432,hm17_6,17,Internal Mastery Test,V57_INTERNAL_MASTERY_BANK,hm17_6,hm17_6,hm17_6,primary placement,yes,yes,
PLC-01433,hm17_7,17,Internal Mastery Test,V57_INTERNAL_MASTERY_BANK,hm17_7,hm17_7,hm17_7,primary placement,yes,yes,
PLC-01434,hm17_8,17,Internal Mastery Test,V57_INTERNAL_MASTERY_BANK,hm17_8,hm17_8,hm17_8,primary placement,yes,yes,
PLC-01435,hm17_9,17,Internal Mastery Test,V57_INTERNAL_MASTERY_BANK,hm17_9,hm17_9,hm17_9,primary placement,yes,yes,
PLC-01436,hm17_10,17,Internal Mastery Test,V57_INTERNAL_MASTERY_BANK,hm17_10,hm17_10,hm17_10,primary placement,yes,yes,
PLC-01437,hm18_1,18,Internal Mastery Test,V57_INTERNAL_MASTERY_BANK,hm18_1,hm18_1,hm18_1,primary placement,yes,yes,
PLC-01438,hm18_2,18,Internal Mastery Test,V57_INTERNAL_MASTERY_BANK,hm18_2,hm18_2,hm18_2,primary placement,yes,yes,
PLC-01439,hm18_3,18,Internal Mastery Test,V57_INTERNAL_MASTERY_BANK,hm18_3,hm18_3,hm18_3,primary placement,yes,yes,
PLC-01440,hm18_4,18,Internal Mastery Test,V57_INTERNAL_MASTERY_BANK,hm18_4,hm18_4,hm18_4,primary placement,yes,yes,
PLC-01441,hm18_5,18,Internal Mastery Test,V57_INTERNAL_MASTERY_BANK,hm18_5,hm18_5,hm18_5,primary placement,yes,yes,
PLC-01442,hm18_6,18,Internal Mastery Test,V57_INTERNAL_MASTERY_BANK,hm18_6,hm18_6,hm18_6,primary placement,yes,yes,
PLC-01443,hm18_7,18,Internal Mastery Test,V57_INTERNAL_MASTERY_BANK,hm18_7,hm18_7,hm18_7,primary placement,yes,yes,
PLC-01444,hm18_8,18,Internal Mastery Test,V57_INTERNAL_MASTERY_BANK,hm18_8,hm18_8,hm18_8,primary placement,yes,yes,
PLC-01445,hm18_9,18,Internal Mastery Test,V57_INTERNAL_MASTERY_BANK,hm18_9,hm18_9,hm18_9,primary placement,yes,yes,
PLC-01446,hm18_10,18,Internal Mastery Test,V57_INTERNAL_MASTERY_BANK,hm18_10,hm18_10,hm18_10,primary placement,yes,yes,
PLC-01447,hm21_1,21,Internal Mastery Test,V57_INTERNAL_MASTERY_BANK,hm21_1,hm21_1,hm21_1,primary placement,yes,yes,
PLC-01448,hm21_2,21,Internal Mastery Test,V57_INTERNAL_MASTERY_BANK,hm21_2,hm21_2,hm21_2,primary placement,yes,yes,
PLC-01449,hm21_3,21,Internal Mastery Test,V57_INTERNAL_MASTERY_BANK,hm21_3,hm21_3,hm21_3,primary placement,yes,yes,
PLC-01450,hm21_4,21,Internal Mastery Test,V57_INTERNAL_MASTERY_BANK,hm21_4,hm21_4,hm21_4,primary placement,yes,yes,
PLC-01451,hm21_5,21,Internal Mastery Test,V57_INTERNAL_MASTERY_BANK,hm21_5,hm21_5,hm21_5,primary placement,yes,yes,
PLC-01452,hm21_6,21,Internal Mastery Test,V57_INTERNAL_MASTERY_BANK,hm21_6,hm21_6,hm21_6,primary placement,yes,yes,
PLC-01453,hm21_7,21,Internal Mastery Test,V57_INTERNAL_MASTERY_BANK,hm21_7,hm21_7,hm21_7,primary placement,yes,yes,
PLC-01454,hm21_8,21,Internal Mastery Test,V57_INTERNAL_MASTERY_BANK,hm21_8,hm21_8,hm21_8,primary placement,yes,yes,
PLC-01455,hm21_9,21,Internal Mastery Test,V57_INTERNAL_MASTERY_BANK,hm21_9,hm21_9,hm21_9,primary placement,yes,yes,
PLC-01456,hm21_10,21,Internal Mastery Test,V57_INTERNAL_MASTERY_BANK,hm21_10,hm21_10,hm21_10,primary placement,yes,yes,
PLC-01457,hm22_1,22,Internal Mastery Test,V57_INTERNAL_MASTERY_BANK,hm22_1,hm22_1,hm22_1,primary placement,yes,yes,
PLC-01458,hm22_2,22,Internal Mastery Test,V57_INTERNAL_MASTERY_BANK,hm22_2,hm22_2,hm22_2,primary placement,yes,yes,
PLC-01459,hm22_3,22,Internal Mastery Test,V57_INTERNAL_MASTERY_BANK,hm22_3,hm22_3,hm22_3,primary placement,yes,yes,
PLC-01460,hm22_4,22,Internal Mastery Test,V57_INTERNAL_MASTERY_BANK,hm22_4,hm22_4,hm22_4,primary placement,yes,yes,
PLC-01461,hm22_5,22,Internal Mastery Test,V57_INTERNAL_MASTERY_BANK,hm22_5,hm22_5,hm22_5,primary placement,yes,yes,
PLC-01462,hm22_6,22,Internal Mastery Test,V57_INTERNAL_MASTERY_BANK,hm22_6,hm22_6,hm22_6,primary placement,yes,yes,
PLC-01463,hm22_7,22,Internal Mastery Test,V57_INTERNAL_MASTERY_BANK,hm22_7,hm22_7,hm22_7,primary placement,yes,yes,
PLC-01464,hm22_8,22,Internal Mastery Test,V57_INTERNAL_MASTERY_BANK,hm22_8,hm22_8,hm22_8,primary placement,yes,yes,
PLC-01465,hm22_9,22,Internal Mastery Test,V57_INTERNAL_MASTERY_BANK,hm22_9,hm22_9,hm22_9,primary placement,yes,yes,
PLC-01466,hm22_10,22,Internal Mastery Test,V57_INTERNAL_MASTERY_BANK,hm22_10,hm22_10,hm22_10,primary placement,yes,yes,
PLC-01467,hm23_1,23,V513_EXTRA_INTERNAL_MASTERY_BANK,V513_EXTRA_INTERNAL_MASTERY_BANK,hm23_1,hm23_1,hm23_1,primary placement,yes,yes,Merged from V513 at load; see V513 trace
PLC-01468,hm23_2,23,V513_EXTRA_INTERNAL_MASTERY_BANK,V513_EXTRA_INTERNAL_MASTERY_BANK,hm23_2,hm23_2,hm23_2,primary placement,yes,yes,Merged from V513 at load; see V513 trace
PLC-01469,hm23_3,23,V513_EXTRA_INTERNAL_MASTERY_BANK,V513_EXTRA_INTERNAL_MASTERY_BANK,hm23_3,hm23_3,hm23_3,primary placement,yes,yes,Merged from V513 at load; see V513 trace
PLC-01470,hm23_4,23,V513_EXTRA_INTERNAL_MASTERY_BANK,V513_EXTRA_INTERNAL_MASTERY_BANK,hm23_4,hm23_4,hm23_4,primary placement,yes,yes,Merged from V513 at load; see V513 trace
PLC-01471,hm23_5,23,V513_EXTRA_INTERNAL_MASTERY_BANK,V513_EXTRA_INTERNAL_MASTERY_BANK,hm23_5,hm23_5,hm23_5,primary placement,yes,yes,Merged from V513 at load; see V513 trace
PLC-01472,hm23_6,23,V513_EXTRA_INTERNAL_MASTERY_BANK,V513_EXTRA_INTERNAL_MASTERY_BANK,hm23_6,hm23_6,hm23_6,primary placement,yes,yes,Merged from V513 at load; see V513 trace
PLC-01473,hm23_7,23,V513_EXTRA_INTERNAL_MASTERY_BANK,V513_EXTRA_INTERNAL_MASTERY_BANK,hm23_7,hm23_7,hm23_7,primary placement,yes,yes,Merged from V513 at load; see V513 trace
PLC-01474,hm23_8,23,V513_EXTRA_INTERNAL_MASTERY_BANK,V513_EXTRA_INTERNAL_MASTERY_BANK,hm23_8,hm23_8,hm23_8,primary placement,yes,yes,Merged from V513 at load; see V513 trace
PLC-01475,hm23_9,23,V513_EXTRA_INTERNAL_MASTERY_BANK,V513_EXTRA_INTERNAL_MASTERY_BANK,hm23_9,hm23_9,hm23_9,primary placement,yes,yes,Merged from V513 at load; see V513 trace
PLC-01476,hm23_10,23,V513_EXTRA_INTERNAL_MASTERY_BANK,V513_EXTRA_INTERNAL_MASTERY_BANK,hm23_10,hm23_10,hm23_10,primary placement,yes,yes,Merged from V513 at load; see V513 trace
PLC-01477,hm24_1,24,Internal Mastery Test,V57_INTERNAL_MASTERY_BANK,hm24_1,hm24_1,hm24_1,primary placement,yes,yes,
PLC-01478,hm24_2,24,Internal Mastery Test,V57_INTERNAL_MASTERY_BANK,hm24_2,hm24_2,hm24_2,primary placement,yes,yes,
PLC-01479,hm24_3,24,Internal Mastery Test,V57_INTERNAL_MASTERY_BANK,hm24_3,hm24_3,hm24_3,primary placement,yes,yes,
PLC-01480,hm24_4,24,Internal Mastery Test,V57_INTERNAL_MASTERY_BANK,hm24_4,hm24_4,hm24_4,primary placement,yes,yes,
PLC-01481,hm24_5,24,Internal Mastery Test,V57_INTERNAL_MASTERY_BANK,hm24_5,hm24_5,hm24_5,primary placement,yes,yes,
PLC-01482,hm24_6,24,Internal Mastery Test,V57_INTERNAL_MASTERY_BANK,hm24_6,hm24_6,hm24_6,primary placement,yes,yes,
PLC-01483,hm24_7,24,Internal Mastery Test,V57_INTERNAL_MASTERY_BANK,hm24_7,hm24_7,hm24_7,primary placement,yes,yes,
PLC-01484,hm24_8,24,Internal Mastery Test,V57_INTERNAL_MASTERY_BANK,hm24_8,hm24_8,hm24_8,primary placement,yes,yes,
PLC-01485,hm24_9,24,Internal Mastery Test,V57_INTERNAL_MASTERY_BANK,hm24_9,hm24_9,hm24_9,primary placement,yes,yes,
PLC-01486,hm24_10,24,Internal Mastery Test,V57_INTERNAL_MASTERY_BANK,hm24_10,hm24_10,hm24_10,primary placement,yes,yes,
PLC-01487,hm25_1,25,Internal Mastery Test,V57_INTERNAL_MASTERY_BANK,hm25_1,hm25_1,hm25_1,primary placement,yes,yes,
PLC-01488,hm25_2,25,Internal Mastery Test,V57_INTERNAL_MASTERY_BANK,hm25_2,hm25_2,hm25_2,primary placement,yes,yes,
PLC-01489,hm25_3,25,Internal Mastery Test,V57_INTERNAL_MASTERY_BANK,hm25_3,hm25_3,hm25_3,primary placement,yes,yes,
PLC-01490,hm25_4,25,Internal Mastery Test,V57_INTERNAL_MASTERY_BANK,hm25_4,hm25_4,hm25_4,primary placement,yes,yes,
PLC-01491,hm25_5,25,Internal Mastery Test,V57_INTERNAL_MASTERY_BANK,hm25_5,hm25_5,hm25_5,primary placement,yes,yes,
PLC-01492,hm25_6,25,Internal Mastery Test,V57_INTERNAL_MASTERY_BANK,hm25_6,hm25_6,hm25_6,primary placement,yes,yes,
PLC-01493,hm25_7,25,Internal Mastery Test,V57_INTERNAL_MASTERY_BANK,hm25_7,hm25_7,hm25_7,primary placement,yes,yes,
PLC-01494,hm25_8,25,Internal Mastery Test,V57_INTERNAL_MASTERY_BANK,hm25_8,hm25_8,hm25_8,primary placement,yes,yes,
PLC-01495,hm25_9,25,Internal Mastery Test,V57_INTERNAL_MASTERY_BANK,hm25_9,hm25_9,hm25_9,primary placement,yes,yes,
PLC-01496,hm25_10,25,Internal Mastery Test,V57_INTERNAL_MASTERY_BANK,hm25_10,hm25_10,hm25_10,primary placement,yes,yes,
PLC-01497,hm26_1,26,Internal Mastery Test,V57_INTERNAL_MASTERY_BANK,hm26_1,hm26_1,hm26_1,primary placement,yes,yes,
PLC-01498,hm26_2,26,Internal Mastery Test,V57_INTERNAL_MASTERY_BANK,hm26_2,hm26_2,hm26_2,primary placement,yes,yes,
PLC-01499,hm26_3,26,Internal Mastery Test,V57_INTERNAL_MASTERY_BANK,hm26_3,hm26_3,hm26_3,primary placement,yes,yes,
PLC-01500,hm26_4,26,Internal Mastery Test,V57_INTERNAL_MASTERY_BANK,hm26_4,hm26_4,hm26_4,primary placement,yes,yes,
PLC-01501,hm26_5,26,Internal Mastery Test,V57_INTERNAL_MASTERY_BANK,hm26_5,hm26_5,hm26_5,primary placement,yes,yes,
PLC-01502,hm26_6,26,Internal Mastery Test,V57_INTERNAL_MASTERY_BANK,hm26_6,hm26_6,hm26_6,primary placement,yes,yes,
PLC-01503,hm26_7,26,Internal Mastery Test,V57_INTERNAL_MASTERY_BANK,hm26_7,hm26_7,hm26_7,primary placement,yes,yes,
PLC-01504,hm26_8,26,Internal Mastery Test,V57_INTERNAL_MASTERY_BANK,hm26_8,hm26_8,hm26_8,primary placement,yes,yes,
PLC-01505,hm26_9,26,Internal Mastery Test,V57_INTERNAL_MASTERY_BANK,hm26_9,hm26_9,hm26_9,primary placement,yes,yes,
PLC-01506,hm26_10,26,Internal Mastery Test,V57_INTERNAL_MASTERY_BANK,hm26_10,hm26_10,hm26_10,primary placement,yes,yes,
PLC-01507,hm28_1,28,V513_EXTRA_INTERNAL_MASTERY_BANK,V513_EXTRA_INTERNAL_MASTERY_BANK,hm28_1,hm28_1,hm28_1,primary placement,yes,yes,Merged from V513 at load; see V513 trace
PLC-01508,hm28_2,28,V513_EXTRA_INTERNAL_MASTERY_BANK,V513_EXTRA_INTERNAL_MASTERY_BANK,hm28_2,hm28_2,hm28_2,primary placement,yes,yes,Merged from V513 at load; see V513 trace
PLC-01509,hm28_3,28,V513_EXTRA_INTERNAL_MASTERY_BANK,V513_EXTRA_INTERNAL_MASTERY_BANK,hm28_3,hm28_3,hm28_3,primary placement,yes,yes,Merged from V513 at load; see V513 trace
PLC-01510,hm28_4,28,V513_EXTRA_INTERNAL_MASTERY_BANK,V513_EXTRA_INTERNAL_MASTERY_BANK,hm28_4,hm28_4,hm28_4,primary placement,yes,yes,Merged from V513 at load; see V513 trace
PLC-01511,hm28_5,28,V513_EXTRA_INTERNAL_MASTERY_BANK,V513_EXTRA_INTERNAL_MASTERY_BANK,hm28_5,hm28_5,hm28_5,primary placement,yes,yes,Merged from V513 at load; see V513 trace
PLC-01512,hm28_6,28,V513_EXTRA_INTERNAL_MASTERY_BANK,V513_EXTRA_INTERNAL_MASTERY_BANK,hm28_6,hm28_6,hm28_6,primary placement,yes,yes,Merged from V513 at load; see V513 trace
PLC-01513,hm28_7,28,V513_EXTRA_INTERNAL_MASTERY_BANK,V513_EXTRA_INTERNAL_MASTERY_BANK,hm28_7,hm28_7,hm28_7,primary placement,yes,yes,Merged from V513 at load; see V513 trace
PLC-01514,hm28_8,28,V513_EXTRA_INTERNAL_MASTERY_BANK,V513_EXTRA_INTERNAL_MASTERY_BANK,hm28_8,hm28_8,hm28_8,primary placement,yes,yes,Merged from V513 at load; see V513 trace
PLC-01515,hm28_9,28,V513_EXTRA_INTERNAL_MASTERY_BANK,V513_EXTRA_INTERNAL_MASTERY_BANK,hm28_9,hm28_9,hm28_9,primary placement,yes,yes,Merged from V513 at load; see V513 trace
PLC-01516,hm28_10,28,V513_EXTRA_INTERNAL_MASTERY_BANK,V513_EXTRA_INTERNAL_MASTERY_BANK,hm28_10,hm28_10,hm28_10,primary placement,yes,yes,Merged from V513 at load; see V513 trace
PLC-01517,hm30_1,30,Internal Mastery Test,V57_INTERNAL_MASTERY_BANK,hm30_1,hm30_1,hm30_1,primary placement,yes,yes,
PLC-01518,hm30_2,30,Internal Mastery Test,V57_INTERNAL_MASTERY_BANK,hm30_2,hm30_2,hm30_2,primary placement,yes,yes,
PLC-01519,hm30_3,30,Internal Mastery Test,V57_INTERNAL_MASTERY_BANK,hm30_3,hm30_3,hm30_3,primary placement,yes,yes,
PLC-01520,hm30_4,30,Internal Mastery Test,V57_INTERNAL_MASTERY_BANK,hm30_4,hm30_4,hm30_4,primary placement,yes,yes,
PLC-01521,hm30_5,30,Internal Mastery Test,V57_INTERNAL_MASTERY_BANK,hm30_5,hm30_5,hm30_5,primary placement,yes,yes,
PLC-01522,hm30_6,30,Internal Mastery Test,V57_INTERNAL_MASTERY_BANK,hm30_6,hm30_6,hm30_6,primary placement,yes,yes,
PLC-01523,hm30_7,30,Internal Mastery Test,V57_INTERNAL_MASTERY_BANK,hm30_7,hm30_7,hm30_7,primary placement,yes,yes,
PLC-01524,hm30_8,30,Internal Mastery Test,V57_INTERNAL_MASTERY_BANK,hm30_8,hm30_8,hm30_8,primary placement,yes,yes,
PLC-01525,hm30_9,30,Internal Mastery Test,V57_INTERNAL_MASTERY_BANK,hm30_9,hm30_9,hm30_9,primary placement,yes,yes,
PLC-01526,hm30_10,30,Internal Mastery Test,V57_INTERNAL_MASTERY_BANK,hm30_10,hm30_10,hm30_10,primary placement,yes,yes,
PLC-01527,hm31_1,31,V513_EXTRA_INTERNAL_MASTERY_BANK,V513_EXTRA_INTERNAL_MASTERY_BANK,hm31_1,hm31_1,hm31_1,primary placement,yes,yes,Merged from V513 at load; see V513 trace
PLC-01528,hm31_2,31,V513_EXTRA_INTERNAL_MASTERY_BANK,V513_EXTRA_INTERNAL_MASTERY_BANK,hm31_2,hm31_2,hm31_2,primary placement,yes,yes,Merged from V513 at load; see V513 trace
PLC-01529,hm31_3,31,V513_EXTRA_INTERNAL_MASTERY_BANK,V513_EXTRA_INTERNAL_MASTERY_BANK,hm31_3,hm31_3,hm31_3,primary placement,yes,yes,Merged from V513 at load; see V513 trace
PLC-01530,hm31_4,31,V513_EXTRA_INTERNAL_MASTERY_BANK,V513_EXTRA_INTERNAL_MASTERY_BANK,hm31_4,hm31_4,hm31_4,primary placement,yes,yes,Merged from V513 at load; see V513 trace
PLC-01531,hm31_5,31,V513_EXTRA_INTERNAL_MASTERY_BANK,V513_EXTRA_INTERNAL_MASTERY_BANK,hm31_5,hm31_5,hm31_5,primary placement,yes,yes,Merged from V513 at load; see V513 trace
PLC-01532,hm31_6,31,V513_EXTRA_INTERNAL_MASTERY_BANK,V513_EXTRA_INTERNAL_MASTERY_BANK,hm31_6,hm31_6,hm31_6,primary placement,yes,yes,Merged from V513 at load; see V513 trace
PLC-01533,hm31_7,31,V513_EXTRA_INTERNAL_MASTERY_BANK,V513_EXTRA_INTERNAL_MASTERY_BANK,hm31_7,hm31_7,hm31_7,primary placement,yes,yes,Merged from V513 at load; see V513 trace
PLC-01534,hm31_8,31,V513_EXTRA_INTERNAL_MASTERY_BANK,V513_EXTRA_INTERNAL_MASTERY_BANK,hm31_8,hm31_8,hm31_8,primary placement,yes,yes,Merged from V513 at load; see V513 trace
PLC-01535,hm31_9,31,V513_EXTRA_INTERNAL_MASTERY_BANK,V513_EXTRA_INTERNAL_MASTERY_BANK,hm31_9,hm31_9,hm31_9,primary placement,yes,yes,Merged from V513 at load; see V513 trace
PLC-01536,hm31_10,31,V513_EXTRA_INTERNAL_MASTERY_BANK,V513_EXTRA_INTERNAL_MASTERY_BANK,hm31_10,hm31_10,hm31_10,primary placement,yes,yes,Merged from V513 at load; see V513 trace
PLC-01537,hm32_1,32,V513_EXTRA_INTERNAL_MASTERY_BANK,V513_EXTRA_INTERNAL_MASTERY_BANK,hm32_1,hm32_1,hm32_1,primary placement,yes,yes,Merged from V513 at load; see V513 trace
PLC-01538,hm32_2,32,V513_EXTRA_INTERNAL_MASTERY_BANK,V513_EXTRA_INTERNAL_MASTERY_BANK,hm32_2,hm32_2,hm32_2,primary placement,yes,yes,Merged from V513 at load; see V513 trace
PLC-01539,hm32_3,32,V513_EXTRA_INTERNAL_MASTERY_BANK,V513_EXTRA_INTERNAL_MASTERY_BANK,hm32_3,hm32_3,hm32_3,primary placement,yes,yes,Merged from V513 at load; see V513 trace
PLC-01540,hm32_4,32,V513_EXTRA_INTERNAL_MASTERY_BANK,V513_EXTRA_INTERNAL_MASTERY_BANK,hm32_4,hm32_4,hm32_4,primary placement,yes,yes,Merged from V513 at load; see V513 trace
PLC-01541,hm32_5,32,V513_EXTRA_INTERNAL_MASTERY_BANK,V513_EXTRA_INTERNAL_MASTERY_BANK,hm32_5,hm32_5,hm32_5,primary placement,yes,yes,Merged from V513 at load; see V513 trace
PLC-01542,hm32_6,32,V513_EXTRA_INTERNAL_MASTERY_BANK,V513_EXTRA_INTERNAL_MASTERY_BANK,hm32_6,hm32_6,hm32_6,primary placement,yes,yes,Merged from V513 at load; see V513 trace
PLC-01543,hm32_7,32,V513_EXTRA_INTERNAL_MASTERY_BANK,V513_EXTRA_INTERNAL_MASTERY_BANK,hm32_7,hm32_7,hm32_7,primary placement,yes,yes,Merged from V513 at load; see V513 trace
PLC-01544,hm32_8,32,V513_EXTRA_INTERNAL_MASTERY_BANK,V513_EXTRA_INTERNAL_MASTERY_BANK,hm32_8,hm32_8,hm32_8,primary placement,yes,yes,Merged from V513 at load; see V513 trace
PLC-01545,hm32_9,32,V513_EXTRA_INTERNAL_MASTERY_BANK,V513_EXTRA_INTERNAL_MASTERY_BANK,hm32_9,hm32_9,hm32_9,primary placement,yes,yes,Merged from V513 at load; see V513 trace
PLC-01546,hm32_10,32,V513_EXTRA_INTERNAL_MASTERY_BANK,V513_EXTRA_INTERNAL_MASTERY_BANK,hm32_10,hm32_10,hm32_10,primary placement,yes,yes,Merged from V513 at load; see V513 trace
PLC-01547,hm33_1,33,Internal Mastery Test,V57_INTERNAL_MASTERY_BANK,hm33_1,hm33_1,hm33_1,primary placement,yes,yes,
PLC-01548,hm33_2,33,Internal Mastery Test,V57_INTERNAL_MASTERY_BANK,hm33_2,hm33_2,hm33_2,primary placement,yes,yes,
PLC-01549,hm33_3,33,Internal Mastery Test,V57_INTERNAL_MASTERY_BANK,hm33_3,hm33_3,hm33_3,primary placement,yes,yes,
PLC-01550,hm33_4,33,Internal Mastery Test,V57_INTERNAL_MASTERY_BANK,hm33_4,hm33_4,hm33_4,primary placement,yes,yes,
PLC-01551,hm33_5,33,Internal Mastery Test,V57_INTERNAL_MASTERY_BANK,hm33_5,hm33_5,hm33_5,primary placement,yes,yes,
PLC-01552,hm33_6,33,Internal Mastery Test,V57_INTERNAL_MASTERY_BANK,hm33_6,hm33_6,hm33_6,primary placement,yes,yes,
PLC-01553,hm33_7,33,Internal Mastery Test,V57_INTERNAL_MASTERY_BANK,hm33_7,hm33_7,hm33_7,primary placement,yes,yes,
PLC-01554,hm33_8,33,Internal Mastery Test,V57_INTERNAL_MASTERY_BANK,hm33_8,hm33_8,hm33_8,primary placement,yes,yes,
PLC-01555,hm33_9,33,Internal Mastery Test,V57_INTERNAL_MASTERY_BANK,hm33_9,hm33_9,hm33_9,primary placement,yes,yes,
PLC-01556,hm33_10,33,Internal Mastery Test,V57_INTERNAL_MASTERY_BANK,hm33_10,hm33_10,hm33_10,primary placement,yes,yes,
PLC-01557,ts5_1,5,Transfer/Apply practice supplement,V57_TRANSFER_SUPPLEMENT,ts5_1,ts5_1,ts5_1,primary placement,yes,yes,Audited during Pre-Batch-C blocker closeout pass. Newly discovered this pass (global inventory census)
PLC-01558,ts12_1,12,Transfer/Apply practice supplement,V57_TRANSFER_SUPPLEMENT,ts12_1,ts12_1,ts12_1,primary placement,yes,yes,Audited during Pre-Batch-C blocker closeout pass. Newly discovered this pass (global inventory census)
PLC-01559,ts12_2,12,Transfer/Apply practice supplement,V57_TRANSFER_SUPPLEMENT,ts12_2,ts12_2,ts12_2,primary placement,yes,yes,Audited during Pre-Batch-C blocker closeout pass. Newly discovered this pass (global inventory census)
PLC-01560,ts15_1,15,Transfer/Apply practice supplement,V57_TRANSFER_SUPPLEMENT,ts15_1,ts15_1,ts15_1,primary placement,yes,yes,Newly discovered this pass (global inventory census)
PLC-01561,ts15_2,15,Transfer/Apply practice supplement,V57_TRANSFER_SUPPLEMENT,ts15_2,ts15_2,ts15_2,primary placement,yes,yes,Newly discovered this pass (global inventory census)
PLC-01562,ts16_1,16,Transfer/Apply practice supplement,V57_TRANSFER_SUPPLEMENT,ts16_1,ts16_1,ts16_1,primary placement,yes,yes,Newly discovered this pass (global inventory census)
PLC-01563,ts16_2,16,Transfer/Apply practice supplement,V57_TRANSFER_SUPPLEMENT,ts16_2,ts16_2,ts16_2,primary placement,yes,yes,Newly discovered this pass (global inventory census)
PLC-01564,ts16_3,16,Transfer/Apply practice supplement,V57_TRANSFER_SUPPLEMENT,ts16_3,ts16_3,ts16_3,primary placement,yes,yes,Newly discovered this pass (global inventory census)
PLC-01565,ts16_4,16,Transfer/Apply practice supplement,V57_TRANSFER_SUPPLEMENT,ts16_4,ts16_4,ts16_4,primary placement,yes,yes,Newly discovered this pass (global inventory census)
PLC-01566,ts16_5,16,Transfer/Apply practice supplement,V57_TRANSFER_SUPPLEMENT,ts16_5,ts16_5,ts16_5,primary placement,yes,yes,Newly discovered this pass (global inventory census)
PLC-01567,ts20_1,20,Transfer/Apply practice supplement,V57_TRANSFER_SUPPLEMENT,ts20_1,ts20_1,ts20_1,primary placement,yes,yes,Newly discovered this pass (global inventory census)
PLC-01568,ts20_2,20,Transfer/Apply practice supplement,V57_TRANSFER_SUPPLEMENT,ts20_2,ts20_2,ts20_2,primary placement,yes,yes,Newly discovered this pass (global inventory census)
PLC-01569,ts20_3,20,Transfer/Apply practice supplement,V57_TRANSFER_SUPPLEMENT,ts20_3,ts20_3,ts20_3,primary placement,yes,yes,Newly discovered this pass (global inventory census)
PLC-01570,ts25_1,25,Transfer/Apply practice supplement,V57_TRANSFER_SUPPLEMENT,ts25_1,ts25_1,ts25_1,primary placement,yes,yes,Newly discovered this pass (global inventory census)
PLC-01571,ts25_2,25,Transfer/Apply practice supplement,V57_TRANSFER_SUPPLEMENT,ts25_2,ts25_2,ts25_2,primary placement,yes,yes,Newly discovered this pass (global inventory census)
PLC-01572,ts25_3,25,Transfer/Apply practice supplement,V57_TRANSFER_SUPPLEMENT,ts25_3,ts25_3,ts25_3,primary placement,yes,yes,Newly discovered this pass (global inventory census)
PLC-01573,ts28_1,28,Transfer/Apply practice supplement,V57_TRANSFER_SUPPLEMENT,ts28_1,ts28_1,ts28_1,primary placement,yes,yes,Newly discovered this pass (global inventory census)
PLC-01574,ts32_1,32,Transfer/Apply practice supplement,V57_TRANSFER_SUPPLEMENT,ts32_1,ts32_1,ts32_1,primary placement,yes,yes,Newly discovered this pass (global inventory census)
PLC-01575,ts32_2,32,Transfer/Apply practice supplement,V57_TRANSFER_SUPPLEMENT,ts32_2,ts32_2,ts32_2,primary placement,yes,yes,Newly discovered this pass (global inventory census)
PLC-01576,ts32_3,32,Transfer/Apply practice supplement,V57_TRANSFER_SUPPLEMENT,ts32_3,ts32_3,ts32_3,primary placement,yes,yes,Newly discovered this pass (global inventory census)
PLC-01577,ts33_1,33,Transfer/Apply practice supplement,V57_TRANSFER_SUPPLEMENT,ts33_1,ts33_1,ts33_1,primary placement,yes,yes,Newly discovered this pass (global inventory census)
PLC-01578,cx3_1,3,Challenge practice extra,V520_CHALLENGE_EXTRAS,cx3_1,cx3_1,cx3_1,primary placement,yes,yes,Audited during Pre-Batch-C blocker closeout pass. Newly discovered this pass (global inventory census)
PLC-01579,cx14_1,14,Challenge practice extra,V520_CHALLENGE_EXTRAS,cx14_1,cx14_1,cx14_1,primary placement,yes,yes,Newly discovered this pass (global inventory census)
PLC-01580,cx14_2,14,Challenge practice extra,V520_CHALLENGE_EXTRAS,cx14_2,cx14_2,cx14_2,primary placement,yes,"NO - EXCLUDED (SOURCE SUPPORT INSUFFICIENT, Batch C)",Newly discovered this pass (global inventory census) Batch C: unsupported CPI x SPI composite EAC formula; excluded from evidence.
PLC-01581,cx14_3,14,Challenge practice extra,V520_CHALLENGE_EXTRAS,cx14_3,cx14_3,cx14_3,primary placement,yes,yes,Newly discovered this pass (global inventory census)
PLC-01582,cx14_4,14,Challenge practice extra,V520_CHALLENGE_EXTRAS,cx14_4,cx14_4,cx14_4,primary placement,yes,yes,Newly discovered this pass (global inventory census)
PLC-01583,cx14_5,14,Challenge practice extra,V520_CHALLENGE_EXTRAS,cx14_5,cx14_5,cx14_5,primary placement,yes,yes,Newly discovered this pass (global inventory census)
PLC-01584,cx20_1,20,Challenge practice extra,V520_CHALLENGE_EXTRAS,cx20_1,cx20_1,cx20_1,primary placement,yes,yes,Newly discovered this pass (global inventory census)
PLC-01585,cx28_1,28,Challenge practice extra,V520_CHALLENGE_EXTRAS,cx28_1,cx28_1,cx28_1,primary placement,yes,yes,Newly discovered this pass (global inventory census)
PLC-01586,cx28_2,28,Challenge practice extra,V520_CHALLENGE_EXTRAS,cx28_2,cx28_2,cx28_2,primary placement,yes,yes,Newly discovered this pass (global inventory census)
PLC-01587,cx28_3,28,Challenge practice extra,V520_CHALLENGE_EXTRAS,cx28_3,cx28_3,cx28_3,primary placement,yes,yes,Newly discovered this pass (global inventory census)
PLC-01588,cx28_4,28,Challenge practice extra,V520_CHALLENGE_EXTRAS,cx28_4,cx28_4,cx28_4,primary placement,yes,yes,Newly discovered this pass (global inventory census)
PLC-01589,cx28_5,28,Challenge practice extra,V520_CHALLENGE_EXTRAS,cx28_5,cx28_5,cx28_5,primary placement,yes,yes,Newly discovered this pass (global inventory census)
PLC-01590,cx31_1,31,Challenge practice extra,V520_CHALLENGE_EXTRAS,cx31_1,cx31_1,cx31_1,primary placement,yes,yes,Newly discovered this pass (global inventory census)
PLC-01591,cx31_2,31,Challenge practice extra,V520_CHALLENGE_EXTRAS,cx31_2,cx31_2,cx31_2,primary placement,yes,yes,Newly discovered this pass (global inventory census)
PLC-01592,cx31_3,31,Challenge practice extra,V520_CHALLENGE_EXTRAS,cx31_3,cx31_3,cx31_3,primary placement,yes,yes,Newly discovered this pass (global inventory census)
PLC-01593,cx31_4,31,Challenge practice extra,V520_CHALLENGE_EXTRAS,cx31_4,cx31_4,cx31_4,primary placement,yes,yes,Newly discovered this pass (global inventory census)
PLC-01594,cx33_9,33,Challenge practice extra,V520_CHALLENGE_EXTRAS,cx33_9,cx33_9,cx33_9,primary placement,yes,yes,Newly discovered this pass (global inventory census)
PLC-01595,cx33_10,33,Challenge practice extra,V520_CHALLENGE_EXTRAS,cx33_10,cx33_10,cx33_10,primary placement,yes,yes,Newly discovered this pass (global inventory census)
PLC-01596,cx33_11,33,Challenge practice extra,V520_CHALLENGE_EXTRAS,cx33_11,cx33_11,cx33_11,primary placement,yes,yes,Newly discovered this pass (global inventory census)
PLC-01597,cx34_1,34,Challenge practice extra,V520_CHALLENGE_EXTRAS,cx34_1,cx34_1,cx34_1,primary placement,yes,yes,Newly discovered this pass (global inventory census)
PLC-01598,cx34_2,34,Challenge practice extra,V520_CHALLENGE_EXTRAS,cx34_2,cx34_2,cx34_2,primary placement,yes,yes,Newly discovered this pass (global inventory census)
PLC-01599,cx34_3,34,Challenge practice extra,V520_CHALLENGE_EXTRAS,cx34_3,cx34_3,cx34_3,primary placement,yes,yes,Newly discovered this pass (global inventory census)
PLC-01600,cx34_4,34,Challenge practice extra,V520_CHALLENGE_EXTRAS,cx34_4,cx34_4,cx34_4,primary placement,yes,yes,Newly discovered this pass (global inventory census)
PLC-01601,cx34_5,34,Challenge practice extra,V520_CHALLENGE_EXTRAS,cx34_5,cx34_5,cx34_5,primary placement,yes,yes,Newly discovered this pass (global inventory census)
PLC-01602,memo-01,general,Memo practice,MEMO_PROMPTS,memo-01,memo-01,memo-01,primary placement,yes,yes(manual-graded),"Non-MCQ manual-response item; not chapter-specific; no page-citation claim to verify Tagged this pass for a future MEMO PEDAGOGICAL / HANDBOOK QA review track (distinct from MCQ source auditing). Remains in the 1,606 canonical inventory; excluded from the 1,601 source-audit-required count."
PLC-01603,memo-02,general,Memo practice,MEMO_PROMPTS,memo-02,memo-02,memo-02,primary placement,yes,yes(manual-graded),"Non-MCQ manual-response item; not chapter-specific; no page-citation claim to verify Tagged this pass for a future MEMO PEDAGOGICAL / HANDBOOK QA review track (distinct from MCQ source auditing). Remains in the 1,606 canonical inventory; excluded from the 1,601 source-audit-required count."
PLC-01604,memo-03,general,Memo practice,MEMO_PROMPTS,memo-03,memo-03,memo-03,primary placement,yes,yes(manual-graded),"Non-MCQ manual-response item; not chapter-specific; no page-citation claim to verify Tagged this pass for a future MEMO PEDAGOGICAL / HANDBOOK QA review track (distinct from MCQ source auditing). Remains in the 1,606 canonical inventory; excluded from the 1,601 source-audit-required count."
PLC-01605,memo-04,general,Memo practice,MEMO_PROMPTS,memo-04,memo-04,memo-04,primary placement,yes,yes(manual-graded),"Non-MCQ manual-response item; not chapter-specific; no page-citation claim to verify Tagged this pass for a future MEMO PEDAGOGICAL / HANDBOOK QA review track (distinct from MCQ source auditing). Remains in the 1,606 canonical inventory; excluded from the 1,601 source-audit-required count."
PLC-01606,memo-05,general,Memo practice,MEMO_PROMPTS,memo-05,memo-05,memo-05,primary placement,yes,yes(manual-graded),"Non-MCQ manual-response item; not chapter-specific; no page-citation claim to verify Tagged this pass for a future MEMO PEDAGOGICAL / HANDBOOK QA review track (distinct from MCQ source auditing). Remains in the 1,606 canonical inventory; excluded from the 1,601 source-audit-required count."
PLC-01607,1-17R1,1,Chapter Practice (native bank),QUESTIONS,1-17R1,1-17R1,1-17R1,primary placement (v1.2.9 Global Gap Repair replacement for retired 1-17),yes,yes,Replaces retired/quarantined 1-17 (see that row for linkage); source-backed indirect-cost item (overhead/taxes/utilities/legal services) per S&K6 Ch.1 p.11 and RP 10S-90 INDIRECT COSTS.
